,name,description,ability,related_subjects,type
0,화법과 작문,"초·중·고 공통과목 '국어'의 듣기·말하기 영역과 쓰기 영역을 심화·확장한 과목이다. 다양한 주제 및 유형의 담화와 글을 수용·생산하는 활동을 통해 일상생활과 학습 상황에서 필요한 화법과 작문 능력을 기르고, 사회적 소통 행위로서의 화법과 작문의 특성을 바탕으로 하여 바람직한 화법과 작문의 태도를 함양하는 데 목적이 있다.","비판적·창의적 역량, 자료·정보·활용 역량, 의사소통 역량, 공동체·대인 관계 역량, 문화 향유 역량, 자기 성찰·계발 역량","['문예창작 입문', ' 연극의 이해', ' 연기', ' 연극 감상과 비평', ' 시나리오', ' 영화 감상과 비평', ' 심화영어회화Ⅰ·Ⅱ 심화 영어 작문Ⅰ·Ⅱ', ' 외국어회화Ⅰ·Ⅱ', ' 외국어 독해와 작문Ⅰ·Ⅱ', ' 마케팅과 광고', ' 커뮤니케이션', ' 전자 상거래 일반', ' 아동 생활지도', ' 미디어 콘텐츠 일반', ' 문화 콘텐츠 산업 일반', ' 관광 일반', ' 통신 일반', ' 정보처리와 관리', ' 인쇄 일반', ' 출판 일반 등']",common
1,독서,2009 개정교육과정의 보통 교과 일반 과목이었던 '독서'에서 '독서'부분을 분리한 과목이다. '독서'는 초·중·고 공통 과목 '국어'의 읽기 영역을 심화 확장한 것이다. 다양한 분야의 독서 경험을 통하여 지금까지 쌓아온 독서 능력과 독서 태도를 바탕으로 하여 다양한 주제와 유형의 글을 폭넓게 읽어 삶을 풍부하게 하는 데 목적이 있다.,"비판적·창의적 역량, 자료·정보·활용 역량, 의사소통 역량, 공동체·대인 관계 역량, 문화 향유 역량, 자기 성찰·계발 역량","['과학과제 연구', ' 음악사', ' 미술사', ' 무용의 이해', ' 고전문학 감상', ' 현대문학 감상', ' 문예창작 입문', ' 연극의 이해', ' 연기', ' 연극 감상과 비평', ' 시나리오', ' 영화 감상과 비평', ' 심화영어 독해Ⅰ·Ⅱ', ' 외국어 독해와 작문Ⅰ·Ⅱ', ' 한국 사회의 이해', ' 사회과제 연구 등']",common
2,언어와 매체,"2009 개정교육과정의 보통 교과 일반 과목이었던 '독서'에서 '문법'부분을 분리하고, '매체 언어'관련 내용을 포함하여 구성한 과목이다. '언어와 매체'는 초·중·고 공통 과목 '국어'의 문법 영역과 매체 관련 내용을 심화 확장한 한 것으로, 음성 언어·문자 언어, '매체 언어'의 본질을 이해하고 탐구하며 이를 실제 의사소통에 통합적으로 활용하는 능력과 태도를 기르는 데 목적이 있다.","비판적·창의적 역량, 자료·정보·활용 역량, 의사소통 역량, 공동체･대인 관계 역량, 문화 향유 역량, 자기 성찰·계발 역량","['과학과제 연구', ' 음악사', ' 미술사', ' 무용의 이해', ' 고전문학 감상', ' 현대문학 감상', ' 문예창작 입문', ' 연극의 이해', ' 연기', ' 연극 감상과 비평', ' 시나리오', ' 영화 감상과 비평', ' 심화영어 독해Ⅰ·Ⅱ', ' 외국어 독해와 작문Ⅰ·Ⅱ', ' 한국 사회의 이해', ' 사회과제 연구 등']",common
3,문학,"초·중·고 공통 과목 '국어'의 문학 영역을 심화·확장한 과목으로, 다양한 문학 경험과 활동을 통해 작품을 수용·생산하는 능력을 기르고 문학에 관한 소양과 태도를 함양하여 문학문화를 향유하고 발전시키는 데 목적이 있다.","비판적·창의적 역량, 자료·정보·활용 역량, 의사소통 역량, 공동체·대인 관계 역량, 문화 향유 역량, 자기 성찰·계발 역량","['문예창작 입문', ' 문학 개론', ' 문학과 매체', ' 연극의 이해', ' 고전문학 감상', ' 현대문학 감상', ' 시 창작', ' 소설 창작', ' 극 창작', ' 연극의 이해', ' 영화의 이해', ' 시나리오', ' 영상 제작의 이해', ' 비교 문화', ' 연극 감상과 비평', ' 영화 감상과 비평', ' 미디어 콘텐츠 일반', ' 문화 콘텐츠 산업 일반', ' 출판 일반 등']",common
4,실용 국어,초·중·고 공통 과목 '국어'에서 학습한 결과를 바탕으로 하여 주로 취업을 목적으로 하는 학습자의 직무 능력을 향상시키기 위한 과목이다. 직업 분야에서 직무를 수행하는 데 필요한 실용적 국어사용 능력과 다양한 직무상황에서 효과적으로 의사소통하는 태도를 기르는데 목적이 있다.,"비판적·창의적 역량, 자료·정보·활용 역량, 의사소통 역량, 공동체·대인 관계 역량, 문화 향유 역량, 자기 성찰·계발 역량","['문예창작 입문', ' 문학 개론', ' 문학과 매체', ' 연극의 이해', ' 고전문학 감상', ' 현대문학 감상', ' 시 창작', ' 소설 창작', ' 극 창작', ' 연극의 이해', ' 영화의 이해', ' 시나리오', ' 영상 제작의 이해', ' 연극 감상과 비평', ' 비교 문화', ' 영화 감상과 비평', ' 마케팅과 광고', ' 미디어 콘텐츠 일반', ' 문화 콘텐츠 산업 일반 등']",common
5,심화 국어,"초·중·고 공통 과목 '국어'에서 학습한 결과를 바탕으로 하여 학습자의 학문 탐구 능력을 향상시키기 위한 진로 선택 과목이다. 상급 학교 진학을 목적으로 하는 학습자를 대상으로 하여, 학습자가 수준 높은 국어생활을 영위하는 동시에 학습자가 선택한 학문(전공) 영역에서 원활하게 학업을 수행할 수 있도록 학습과 연구를 위한 고급 수준의 국어 능력을 향상시키는 데 목적이 있다.","비판적·창의적 역량, 자료·정보·활용 역량, 의사소통 역량, 공동체·대인 관계 역량, 문화 향유 역량, 자기 성찰·계발 역량","['문예 창작 입문', ' 문학 개론', ' 문장론', ' 고전문학 감상', ' 현대문학 감상', ' 시 창작', ' 소설 창작', ' 극 창작', ' 연극 감상과 비평', ' 시나리오', ' 영화 감상과 비평', ' 한국 사회의 이해', ' 마케팅과 광고', ' 커뮤니케이션', ' 미디어 콘텐츠 일반', ' 문화 콘텐츠 산업 일반 등']",common
6,고전 읽기,"초·중·고 공통 과목 '국어'에서 학습한 결과를 토대로 다양한 고전을 읽으며 통합적인 국어 능력과 교양을 향상시키기 위한 진로선택과목이다. 인문·예술, 사회·문화, 과학·기술, 문학 등의 분야의 다양한 고전을 제재로 하여 비판적·창의적 사고력을 신장하고 학문 활동이나 직업 활동을 하는 데 필요한 전문성과 문제 해결 능력을 신장시키는 데 목적이 있다. 2009 개정교육과정의 '고전'을 계승한 것으로 교과서가 제작되지 않는 과목이다. 이에 고전 작품의 선정 및 학습 활동의 구성 등에 있어 학습자 수준과 학교 여건에 맞게 다양한 수업 활동이 가능하다.","비판적·창의적 역량, 자료·정보·활용 역량, 의사소통 역량, 공동체·대인 관계 역량, 문화 향유 역량, 자기 성찰·계발 역량","['과학과제 연구', ' 음악사', ' 미술사', ' 무용의 이해 고전문학 감상', ' 현대문학 감상', ' 문예창작 입문', ' 연극의 이해', ' 연기', ' 연극 감상과 비평', ' 시나리오', ' 영화 감상과 비평', ' 심화영어 독해Ⅰ·Ⅱ', ' 외국어 독해와 작문Ⅰ·Ⅱ', ' 한국 사회의 이해', ' 사회과제 연구 등']",common
7,수학Ⅰ,"<수학Ⅰ>은 공통 과목인 <수학>을 학습한 후, 더 높은 수준의 수학을 학습하기를 원하는 학생들이 선택할 수 있는 과목이다. <수학Ⅰ>의 내용은 '지수함수와 로그함수', '삼각함수', '수열'의 3개 핵심 개념 영역으로 구성된다. <수학Ⅰ>에서 학습한 수학의 지식과 기능은 자신의 진로와 적성을 고려하여 선택할 수 있는 수학 일반 선택 과목과 진로 선택 과목, 수학 전문 교과 과목을 학습하기 위한 토대가 되고, 자연과학, 공학, 의학 뿐만 아니라 경제·경영학을 포함한 사회과학, 인문학, 예술 및 체육 분야를 학습하는 데 기초가 되며, 나아가 창의적 역량을 갖춘 융합 인재로 성장할 수 있는 기반을 제공한다.","문제 해결, 추론, 창의·융합, 의사소통, 정보처리, 태도 및 실천","['수학Ⅰ ', ' 수학Ⅱ ', ' 확률과 통계 ', ' 미적분 → 기하', ' 수학과제 탐구']",common
8,수학Ⅱ,"<수학Ⅱ>은 공통 과목인 <수학>을 학습한 후, 더 높은 수준의 수학을 학습하기를 원하는 학생들이 선택할 수 있는 과목이다. <수학Ⅱ>의 내용은 '함수의 극한과 연속', '미분', '적분'의 3개 핵심 개념 영역으로 구성된다. <수학Ⅱ>에서 학습한 수학의 지식과 기능은 자신의 진로와 적성을 고려하여 선택할 수 있는 수학 일반 선택 과목과 진로 선택 과목, 수학 전문 교과 과목을 학습하기 위한 토대가 되고, 자연과학, 공학, 의학 뿐만 아니라 경제·경영학을 포함한 사회과학, 인문학, 예술 및 체육 분야를 학습하는 데 기초가 되며, 나아가 창의적 역량을 갖춘 융합 인재로 성장할 수 있는 기반을 제공한다.","문제 해결, 추론, 창의·융합, 의사소통, 정보처리, 태도 및 실천","['수학Ⅱ ', ' 확률과 통계 ', ' 미적분 → 기하', ' 수학과제 탐구수학Ⅱ ', ' 확률과 통계 → 경제수학']",common
9,미적분,"<미적분>은 <수학Ⅰ>과 <수학Ⅱ>를 학습한 후, 더 높은 수준의 수학을 학습하기를 원하는 학생들이 선택할 수 있는 과목이다. <미적분>의 내용은 '수열의 극한', '미분법', '적분법'의 3개 핵심 개념 영역으로 구성된다. <미적분>에서 학습한 수학의 지식과 기능은 자신의 진로와 적성을 고려하여 선택할 수 있는 수학 일반 선택 과목과 진로 선택 과목, 수학 전문 교과 과목을 학습하기 위한 토대가 되고, 자연과학, 공학, 의학 뿐만 아니라 경제·경영학을 포함한 사회과학 분야를 학습하는 데 기초가 되며, 나아가 창의적 역량을 갖춘 융합 인재로 성장할 수 있는 기반을 제공한다.","문제 해결, 추론, 창의·융합, 의사소통, 정보처리, 태도 및 실천","['확률과 통계', ' 미적분 → 기하', ' 수학과제 탐구미적분 ', ' 확률과 통계 → 경제수학', ' 수학과제 탐구']",common
10,확률과 통계,"<확률과 통계>는 공통 과목인 <수학>을 학습한 후, 더 높은 수준의 수학을 학습하기를 원하는 학생들이 선택할 수 있는 과목이다. <확률과 통계>의 내용은 '경우의 수', '확률', '통계'의 3개 핵심 개념 영역으로 구성된다. <확률과 통계>에서 학습한 수학의 지식과 기능은 자신의 진로와 적성을 고려하여 선택할 수 있는 수학 일반 선택 과목과 진로 선택 과목, 수학 전문 교과 과목을 학습하기 위한 토대가 되고, 자연과학, 공학, 의학 뿐만 아니라 경제·경영학을 포함한 사회과학, 인문학, 예술 및 체육 분야를 학습하는 데 기초가 되며, 나아가 창의적 역량을 갖춘 융합 인재로 성장할 수 있는 기반을 제공한다.","문제 해결, 추론, 창의·융합, 의사소통, 정보처리, 태도 및 실천","['확률과 통계 ', ' 미적분 → 기하', ' 수학과제 탐구확률과 통계 → 경제수학', ' 수학과제 탐구']",common
11,실용 수학,"<실용 수학>은 공통 과목인 <수학>을 학습한 후, 수학이 실생활의 다양한 분야에서 어떻게 활용되는지 이해하고 수학을 활용하여 실생활 문제 해결 방법을 알기를 원하는 학생들이 선택할 수 있는 과목이다. <실용 수학>의 내용은 '규칙', '공간', '자료'의 3개 핵심 개념 영역으로 구성된다. <실용 수학>에서 학습한 수학의 지식과 기능은 생활 주변에서 접하는 여러 가지 실생활 문제를 해결하는 능력을 기르는 데 기초가 되고, 창의적 역량을 갖춘 융합 인재로 성장할 수 있는 기반을 제공한다. 특성화 고등학교 및 산업수요 맞춤형 고등학교에서 개설할 경우 공통 과목인 <수학>보다 먼저 이수가 가능하다.","문제 해결, 추론, 창의·융합, 의사소통, 정보처리, 태도 및 실천","['수학 ', ' 경제수학']",common
12,기하,"<기하>는 공통 과목인 <수학>을 학습한 후, 기하학적 관점에서 심화된 수학 지식을 이해하고 기능을 습득하기를 원하는 학생들이 선택할 수 있는 과목이다. <기하>의 내용은 '이차곡선', '평면벡터', '공간도형과 공간좌표'의 3개 핵심 개념 영역으로 구성된다. <기하>에서 학습한 수학의 지식과 기능은 자신의 진로와 적성을 고려하여 선택할 수 있는 수학 일반 선택 과목과 진로 선택 과목, 수학 전문 교과 과목을 학습하기 위한 토대가 되고, 자연과학, 공학, 의학 뿐만 아니라 경제·경영학을 포함한 사회과학 분야를 학습하는 데 기초가 되며, 나아가 창의적 역량을 갖춘 융합 인재로 성장할 수 있는 기반을 제공한다.","문제 해결, 추론, 창의·융합, 의사소통, 정보처리, 태도 및 실천","['기하 ', ' 경제수학 ', ' 수학과제 탐구']",common
13,경제 수학,"<경제 수학>은 일반 선택 과목인 <수학Ⅰ>을 학습한 후, 수학의 지식과 기능을 활용하여 경제 및 금융의 기본 개념을 이해하기를 원하는 학생들이 선택할 수 있는 과목이다. <경제 수학> 내용은 '수와 경제생활', '수열과 금융', '함수와 경제', '미분과 경제'의 4개 핵심 개념 영역으로 구성된다. <경제 수학>에서 학습한 수학 및 경제의 내용은 경제·경영·금융을 포함한 사회과학 분야를 학습하는 데 기초가 되고, 나아가 창의적 역량을 갖춘 융합인재로 성장할 수 있는 기반을 제공한다.","문제 해결, 추론, 창의·융합, 의사소통, 정보처리, 태도 및 실천","['경제 수학 ', ' 기하 ', ' 수학과제 탐구']",common
14,수학과제 탐구,"<수학과제 탐구>는 공통 과목인 <수학>을 학습한 후, 수학과제 탐구 방법을 익히고 자신의 관심과 흥미에 맞는 수학과제를 선정하여 탐구하는 경험을 통해 수학과제 탐구 능력을 향상시키기를 원하는 학생들이 선택할 수 있는 과목이다. <경제 수학>에서는 수학과제 탐구의 목적과 절차, 연구 윤리를 학습하고, 이를 토대로 이전에 학습한 수학 내용을 더 깊이 탐구하거나 다른 교과와 수학을 융합한 흥미로운 주제를 선택하여 탐구한다. <수학과제 탐구>에서 습득한 탐구 능력은 자신의 진로와 적성을 고려하여 선택할 수 있는 수학 일반 선택 과목과 진로 선택 과목, 수학 전문 교과 과목을 학습하기 위한 토대가 되고 자연과학, 공학, 의학 뿐만 아니라 경제·경영학을 포함한 사회과학, 인문학, 예술 및 체육 분야를 학습하는 데 기초가 되며, 나아가 창의적 역량을 갖춘 융합인재로 성장할 수 있는 기반을 제공한다. 교과서가 제작되지 않는 과목으로 탐구 유형은 학생의 수준과 흥미, 학교 실정에 맞게 교사가 선택하여 운영할 수 있다.","문제 해결, 추론, 창의·융합, 의사소통, 정보처리, 태도 및 실천","['수학과제 탐구 ', ' 기하 ', ' 경제 수학수학과제 탐구 ', ' 수학Ⅰ ', ' 수학Ⅱ ', ' 확률과 통계 ', ' 기하']",common
15,영어회화,"공통과목인 '영어'나 일반 선택 과목군의 교과목에서 배운 내용을 활용하여 실생활이나 학업과 관련된 맥락에서 사용하는 영어를 듣고 이해하며, 주어진 상황에서 의사소통하는 능력을 기르도록 하는 과목이다. 실생활의 다양한 주제 뿐만 아니라 학업과 관련한 정보를 중심으로 자주 활용하는 표현을 학습하여 언어 능력을 계발하도록 한다. 실용적인 내용이나 기초적인 학문 영역의 내용을 이해하며 생각이나 의견을 형식에 맞게 의사소통하는 능력을 기르도록 한다. 또한 국제적 안목을 갖고 세계인으로서의 자질과 소양도 높일 수 있도록 한다.","영어 의사소통 역량, 자기 관리 역량, 공동체 역량, 지식정보처리 역량","['영어Ⅰ', ' 영어독해와 작문', ' 실용 영어', ' 영어권문화', ' 진로영어', ' 심화영어회화Ⅰ', ' 심화영어회화Ⅱ']",common
16,영어Ⅰ,"공통과목인 '영어'에서 배운 내용을 활용하여 실생활에 필요한 의사소통능력을 더욱 향상시키고 장차 학습자의 진로 및 전공 분야와 관련된 영어 이해 능력과 표현 능력의 기초를 다지게 하는 과목이다. 학습자들의 진로와 전공에 따른 다양한 요구를 최대한 충족시키기 위해, 학습 수준, 언어 능력 그리고 공통 관심 분야를 고려하여 실용적인 정보뿐만 아니라 기초 학문 영역의 지식 및 정보 등을 다루는 데 필요한 언어 능력을 계발하도록 한다. 학습자 중심의 활동을 통해 영어 의사소통능력과 창의적 사고력을 배양하고, 협동학습과 자기주도적인 학습을 통해 바른 인성을 키우도록 한다. 또한 국제적 안목을 갖고 세계인으로서의 자질과 소양도 높일 수 있도록 한다.","영어 의사소통 역량, 자기 관리 역량, 공동체 역량, 지식정보처리 역량","['영어Ⅱ', ' 영어독해와 작문', ' 영어회화', ' 영어권문화', ' 진로영어', ' 심화영어Ⅰ']",common
17,영어독해와 작문,공통과목인 '영어'나 일반 선택 과목군의 교과목에서 배운 내용을 활용하여 장차 학습자들의 다양한 진로와 전공 분야에서 필요로 하는 읽기 능력과 쓰기 능력을 향상시키는 과목이다. 실생활의 다양한 주제뿐만 아니라 학업과 관련하여 자주 활용하는 표현을 중심으로 언어 능력을 계발하도록 한다. 학습자들이 다양한 실용적인 내용의 글이나 학문 영역의 기초를 다져줄 수 있는 글을 이해하며 자신의 생각이나 의견을 형식에 맞게 글로 표현하는 능력을 기르도록 한다. 또한 국제적 안목을 갖고 세계인으로서의 자질과 소양도 높일 수 있도록 한다. ,"영어 의사소통 역량, 자기 관리 역량, 공동체 역량, 지식정보처리 역량","['영어Ⅰ', ' 영어Ⅱ', ' 영어회화', ' 영어권문화', ' 진로영어', ' 심화영어독해Ⅰ']",common
18,영어Ⅱ,일반선택 과목군 내의 다른 과목에서 배운 내용을 심화하여 실생활의 다양한 상황에서 필요한 의사소통능력을 더욱 향상시키고 장차 학습자들의 진로 및 전공 분야와 관련된 영어 이해 능력과 표현 능력을 연마하는 과목이다. 학습자들의 진로와 전공에 따른 다양한 요구를 최대한 충족시키기 위하여 기초 학문 영역의 다양한 주제나 내용에 관한 자료 및 정보 등을 다루는 데 필요한 언어 능력을 계발하도록 한다. 학습자 중심의 협동 학습과 자기 주도적인 학습을 통해 창의적 사고력과 바른 인성을 키우고 타 문화에 대한 이해도를 높여 국제적 안목을 가진 세계인으로서의 자질과 소양을 높이도록 한다.,"영어 의사소통 역량, 자기 관리 역량, 공동체 역량, 지식정보처리 역량","['영어독해와 작문', ' 영어회화', ' 영어권문화', ' 진로영어', ' 영미문학읽기', ' 심화영어Ⅰ·Ⅱ', ' 심화영어독해Ⅰ·Ⅱ', ' 심화영어회화Ⅰ·Ⅱ']",common
19,실용영어,"공통 과목인 '영어'나 일반 선택 과목군의 교과목에서 배운 내용을 활용하여 실생활에 필요한 의사소통능력을 향상시키고, 학습자의 진로 분야와 관련된 영어 이해 능력과 표현 능력의 기초를 다지는 과목이다. 학습자 중심의 활동을 통해 영어 의사소통능력과 창의적 사고력을 배양하고, 협동 학습과 자기 주도적인 학습을 통해 바른 인성을 키우도록 한다. 또한 국제적 안목을 갖게 하고 세계인으로서의 자질과 소양도 높일 수 있다.","영어 의사소통 역량, 자기 관리 역량, 공동체 역량, 지식정보처리 역량","['영어Ⅰ', ' 영어독해와 작문', ' 영어 회화', ' 영어권문화', ' 진로영어', ' 심화영어회화Ⅰ', ' 심화영어회화Ⅱ', ' 비즈니스 영어', ' 관광영어', ' 해사영어']",common
20,영어권 문화,"공통 과목인 '영어'나 일반 선택 과목군의 교과목에서 배운 내용을 활용하여 글로벌 시대에 영어로 의사소통할 수 있는 능력을 기르고, 영어를 사용하는 다양한 문화적, 언어적 배경의 사람들과 의사소통을 위한 문화적 소양, 타인에 대한 배려, 세계 시민 의식을 함양하기 위한 과목이다. 학습자 중심의 활동을 통해 영어 의사소통능력과 창의적 사고력을 배양하고, 협동 학습과 자기 주도적인 학습을 통해 바른 인성을 키우도록 한다. 또한 국제적 안목을 갖게 하고 세계인으로서의 자질과 소양도 높일 수 있도록 한다.","영어 의사소통 역량, 자기 관리 역량, 공동체 역량, 지식정보처리 역량","['영어Ⅰ', ' 영어독해와 작문', ' 영어 회화', ' 영어권문화', ' 진로영어', ' 심화영어회화Ⅰ', ' 심화영어회화Ⅱ', ' 비즈니스 영어', ' 관광영어', ' 해사영어']",common
21,진로 영어,"공통 과목인 '영어'나 일반 선택 과목군의 교과목에서 배운 내용을 활용하여 다양한 직업 및 진로에 관한 정보 이해를 바탕으로 학습자의 적성과 흥미를 고려한 미래 진로 탐색과 설계의 기회를 제공하고, 취업 및 일반적인 직무 수행에 필요한 기초 능력 계발을 위하여 영어를 학습하게 하는 과목이다. 학습자들의 진로와 전공에 따른 다양한 요구를 충족시키기 위해, 통합․융합학습 또는 진로 탐색 및 체험 등을 언어 능력을 계발하도록 한다. 학습자 중심의 활동을 통해 영어 의사소통 능력과 창의적 사고력을 배양하고, 협동 학습과 자기 주도적인 학습을 통해 바른 인성을 키우도록 한다. 또한 국제적 안목을 갖게 하고 세계인으로서의 자질과 소양도 높일 수 있도록 한다.","영어 의사소통 역량, 자기 관리 역량, 공동체 역량, 지식정보처리 역량","['영어Ⅰ', ' 영어Ⅱ', ' 영어독해와 작문', ' 영어회화', ' 영어권문화', ' 심화영어회화Ⅰ·Ⅱ', ' 심화영어Ⅰ·Ⅱ', ' 비즈니스 영어', ' 관광영어', ' 해사영어']",common
22,영미 문학 읽기,"영미에서 출판된 대표적인 소설, 시, 희곡 등 문학 작품의 독서와 감상을 통하여 영어 이해 능력과 표현 능력을 심화시키고 인문학적 상상력과 창의력을 바탕으로 한 영어 독서 능력을 향상시키는 과목이다. 학생 중심의 활동을 통해 영어 의사소통능력과 창의적 사고력을 배양하고, 협동학습과 자기 주도적인 학습을 통해 바른 인성을 키우도록 한다. 또한 국제적 안목을 갖게 하고 세계인으로서의 자질과 소양도 높일 수 있도록 한다. 특히, 교과서가 제작되지 않는 과목으로 교육 내용의 선정 및 교수·학습 활동의 구성 등에 있어 교사의 재량권이 매우 크다.","영어 의사소통 역량, 자기 관리 역량, 공동체 역량, 지식정보처리 역량","['영어Ⅰ', ' 영어Ⅱ', ' 영어독해와 작문', ' 영어회화', ' 영어권문화', ' 심화영어회화Ⅰ·Ⅱ', ' 심화영어Ⅰ·Ⅱ', ' 심화영어독해Ⅰ·Ⅱ']",common
23,한국지리,"한국지리는 국토 이해의 기초가 되는 각종 지식과 정보 그리고 이를 활용할 수 있는 능력, 국토 이해에 필요한 지리적 사고력, 우리가 살고 있는 지리 환경에 대한 바람직한 가치관과 국토애를 고양하고, 세계화 지역화에 대응하는 안목을 기를 수 있는 과목이다.","지리적 사고력, 분석력, 창의력, 의사 결정 능력 및 문화적 다양성을 이해하는 능력, 국토의 지속 가능한 발전을 지향하는 가치관 형성","['지역 이해', ' 세계 문제와 미래 사회']",common
24,세계지리,"세계지리는 세계 여러 국가 및 제 지역의 다양한 자연환경과 인문환경의 차이를 학습하고, 세계 여러 국가와 지역들에서 볼 수 있는 공간적 상호 의존과 갈등의 본질을 파악하고, 환경과 문화의 공간적 다양성에 대한 소양을 기르며, 세계 공존과 번영의 길을 모색할 수 있는 안목을 키우는 과목이다.","지리적 사고력, 분석력, 창의력, 의사 결정 능력 및 문화적 다양성을 이해하는 능력, 지속 가능한 발전을 지향하는 가치관 형성, 정보활용 능력, 글로벌 리더십 함양력","['지역 이해', ' 세계 문제와 미래 사회']",common
25,세계사,"세계사 과목은 인류가 출현한 선사 시대부터 오늘날의 세계화 시대에 이르기까지 인류가 걸어온 삶의 변화를 탐구함으로써 현재 인류가 직면한 문제들에 대해 역사적으로 사고할 수 있도록 하는 과목이다. 학습자의 시야를 세계 전반으로 넓히고 세계 시민으로서의 소양을 길러주기 위해 동아시아 지역, 서아시아·인도 지역, 유럽·아메리카 지역이 독자적인 문화권을 형성하는 과정을 다루고, 이들 지역이 하나의 지구촌으로 통합되는 과정의 변화를 탐구한다.","역사 사실 이해, 역사 자료 분석과 해석, 역사 정보 활용 및 의사소통, 역사적 판단력과 문제 해결 능력, 정체성과 상호 존중","['동아시아사', ' 사회문제 탐구', ' 국제정치', ' 국제 경제', ' 국제법', ' 지역 이해', ' 한국 사회의 이해', ' 비교 문화', ' 세계 문제와 미래 사회', ' 국제 관계와 국제 기구', ' 현대 세계의 변화', ' 사회 탐구 방법', ' 사회과제 연구']",common
26,동아시아사,"동아시아사 과목은 동아시아 지역에서 전개된 인간 활동과 그 결과로 남겨진 문화유산을 역사적으로 파악함으로써 이 지역에 대한 이해를 증진하고, 나아가 지역의 공동 평화와 번영을 추구하는 안목과 자세를 기르기 위한 과목이다. 한국사와 세계사를 연결하는 성격을 갖는 이 과목의 학습을 통하여 보편성과 특수성을 고려한 동아시아 세계의 역사 전개 과정을 파악하고 한국사와 세계사를 심층적으로 이해할 수 있도록 한다.","역사 사실 이해, 역사 자료 분석과 해석, 역사 정보 활용 및 의사소통, 역사적 판단력과 문제 해결 능력, 정체성과 상호 존중","['세계사', ' 사회문제 탐구', ' 국제정치', ' 국제 경제', ' 국제법', ' 지역 이해', ' 한국 사회의 이해', ' 비교 문화', ' 세계 문제와 미래 사회', ' 국제 관계와 국제 기구', ' 현대 세계의 변화', ' 사회 탐구 방법', ' 사회과제 연구']",common
27,경제,"경제생활에서 요구되는 경제적 사고력과 경제 문제 해결력을 기르기 위한 과목이다. 경제의 기본 원리와 이론 체계를 실제 생활의 경험과 관련지어 이해하고 현실의 경제 문제를 사회현상의 전체적 맥락에서 합리적으로 해결하는 기준과 방법을 모색하고, 경제 환경의 변화와 이에 대한 대응 방향을 탐색할 수 있도록 내용을 구성하였다.","정보 활용 능력, 비판적 사고력, 의사소통 능력, 협업 능력, 문제 해결력","['정치와 법', ' 사회․문화', ' 실용경제', ' 국제경제', ' 사회과제 연구']",common
28,정치와 법,"정치와 법 과목은 현대 민주·법치 국가의 공동체 구성원에게 요구되는 시민 의식, 정치적·법적 사고력, 가치 판단 및 문제 해결 능력을 함양하고, 정치와 법 생활에 능동적으로 참여하는 민주 시민의 자질을 함양하기 위해 개설된 사회과의 선택 과목이다. 민주주의와 헌법에 대한 이해를 기초로, 정치·법 현상을 분석하는 데 필요한 기본 개념과 원리를 주요 내용으로 하고, 정치적 쟁점과 법적 분쟁의 해결 과정에서 활용될 수 있는 다양한 자료와 활동으로 구성된다.","정보 활용 능력, 비판적 사고력, 문제 해결력, 의사 결정 능력, 의사소통 능력, 협업 능력","['경제', ' 사회·문화', ' 국제 정치', ' 국제 관계와 국제기구', ' 국제법', ' 사회과제 연구']",common
29,사회·문화,사회·문화 과목은 사회·문화 현상에 대한 올바른 이해와 탐구 방법의 습득을 통하여 합리적 의사 결정 능력을 함양함으로써 다양한 사회·문화 현상에 능동적으로 대응하고 사회문제를 해결하여 민주 시민으로서 적극적으로 참여하는 능력을 기르기 위해 개설된 과목이다. 사회학과 문화 인류학을 기반으로 하여 인간의 사회적 행위와 문화적 특성을 다양한 관점에서 탐구하고 이에 대응할 수 있도록 구성한다.,"정보 활용 능력, 비판적 사고력, 창의적 사고력, 문제 해결력, 의사 결정 능력, 의사소통 및 협업 능력","['경제', ' 정치와 법', ' 비교문화', ' 한국 사회의 이해', ' 사회 탐구 방법', ' 사회과제 연구']",common
30,생활과 윤리,현대 생활의 제 영역에서 발생하는 다양한 윤리적 문제에 대한 민감성과 추론 능력을 발달시키고 실제 삶에서 도덕적 행동을 실천하기 위한 동기와 품성을 기르기 위한 과목이다.,"자기 존중 및 관리 능력, 도덕적 사고 능력, 도덕적 대인 관계 능력, 도덕적 정서 능력, 도덕적 공동체 의식, 윤리적 성찰 및 실천 성향","['국제정치', ' 국제경제', ' 국제법', ' 지역 이해', ' 한국 사회의 이해', ' 비교 문화', ' 세계 문제와 미래 사회', ' 국제 관계와 국제기구', ' 현대 세계의 변화', ' 사회 탐구 방법', ' 사회관제 연구']",common
31,윤리와 사상,"한국 및 동·서양의 주요 윤리사상과 사회사상에 내재된 지혜와 통찰을 비판적으로 음미해 볼 수 있는 학습 경험을 제공함으로써, 학생 스스로 이 시대에 요구되는 윤리적 삶에 대한 바람직한 관점을 정립하도록 한다. 한층 심도 있는 도덕적 탐구와 윤리적 성찰을 통해 윤리적인 앎과 행함이 인격 속에 융합될 수 있도록 안내하는 과목이다.","자기 존중 및 관리 능력, 도덕적 사고 능력, 도덕적 대인 관계 능력, 도덕적 정서 능력, 도덕적 공동체 의식, 윤리적 성찰 및 실천 성향","['국제정치', ' 국제경제', ' 국제법', ' 지역 이해', ' 한국 사회의 이해', ' 비교 문화', ' 세계 문제와 미래 사회', ' 국제 관계와 국제기구', ' 현대 세계의 변화', ' 사회 탐구 방법', ' 사회과제 연구']",common
32,여행지리,여행지리는 여행이라는 주제와 형식을 빌려 현재 및 미래의 직·간접적 여행자가 될 학생들에게 자연환경과 인문환경을 탐구하여 다양한 삶의 양식을 통합적이고 융합적으로 이해하게 하여 여행에 관심이 많거나 여행과 관련한 진로를 희망하는 학생들에게 도움이 될 것이다.,"지리적 관찰력과 감수성, 지리적 의사결정과 상상력, 탐구력과 문제해결력, 사회변화에 대한 통찰력과 상상력, 책임의식, 공동체의식, 사고력, 분석력, 창의력, 다문화적 가치, 공감능력, 사회참여 능력, 진로탐색 능력","['지역 이해', ' 세계 문제와 미래 사회']",common
33,사회문제 탐구,"사회문제 탐구 과목은 주체적이고 능동적인 탐구를 통해 사회문제를 해결할 수 있는 능력을 함양하기 위해 개설된 과목이다. 사회문제 및 탐구 과정에 대한 이해를 기초로 하여, 학생들의 실생활에서 찾아볼 수 있는 다양한 사회문제 사례들에 이를 적용하고 사회문제 해결을 위한 방안을 탐구하도록 구성되어 있으며, 학생들이 주도적으로 탐구 대상이 되는 사회문제를 선정하고 탐구하는 과정을 통해 이에 대한 해결 방안을 모색할 수 있도록 계획을 세워 자료를 수집하고 분석하는 활동들도 제시되어 있다.","정보 활용 능력, 문제 해결력, 의사 결정 능력, 비판적 사고력, 사회 참여 능력 ","['경제', ' 정치와 법', ' 사회·문화', ' 국제정치', ' 국제경제', ' 국제법', ' 지역 이해', ' 한국 사회의 이해', ' 비교 문화', ' 국제 관계와 국제기구', ' 현대 세계의 변화', ' 사회 탐구 방법', ' 사회과제 연구']",common
34,고전과 윤리,"신설 과목으로 고전에 대한 탐구와 성찰을 통하여 인문학적 소양과 바람직한 인성을 기르기 위한 과목이다. 고전의 원문을 직접 읽고 그 의미를 탐구하는 과정이 주된 학습의 과정이다. 다양한 고전에 나타난 인간, 인간의 삶, 도덕적 문제 등을 탐구함으로써 도덕적 사고력과 판단력 그리고 도덕적 상상력 등을 향상시키고 도덕적 앎을 행동으로 옮길 수 있는 실천 동기와 능력을 함양하는 데 중점을 둔다.","자기 존중 및 관리 능력, 도덕적 사고 능력, 도덕적 대인 관계 능력, 도덕적 정서 능력, 도덕적 공동체 의식, 윤리적 성찰 및 실천 성향","['국제정치', ' 국제경제', ' 국제법', ' 지역 이해', ' 한국 사회의 이해', ' 비교 문화', ' 세계 문제와 미래 사회', ' 국제 관계와 국제기구', ' 현대 세계의 변화', ' 사회 탐구 방법', ' 사회과제 연구']",common
35,물리학Ⅰ,"첨단 과학기술과 실생활 관련 주제를 중심으로 물리학의 기본 개념들을 이해하고 적용할 수 있도록 구성되었으며, 단원의 내용을 학습하는 과정을 통하여 21세기를 살아가는 데 필요한 과학적 사고력, 과학적 탐구 능력, 과학적 문제 해결력, 과학적 의사소통 능력, 과학적 참여와 평생 학습 능력 등의 과학과 핵심 역량을 함양하도록 하는 과목이다.","과학적 사고력, 과학적 탐구 능력, 과학적 문제 해결력, 과학적 의사소통 능력, 과학적 참여와 평생 학습 능력","['물리학Ⅱ', ' 과학사', ' 생활과 과학', ' 융합과학', ' 심화 수학Ⅰ', ' 심화 수학Ⅱ', ' 고급 물리학', ' 물리학 실험', ' 융합과학 탐구', ' 과학과제 연구', ' 생태와 환경']",common
36,화학Ⅰ,"일상생활과 밀접하게 관련된 물질 및 자연 현상의 탐구를 통해 화학의 기본 개념을 이해하고, 과학적 탐구 능력과 태도를 함양하여 개인과 사회의 문제를 과학적이고 창의적으로 해결할 수 있는 기초 소양을 갖추도록 하기 위한 과목이다.","과학적 사고력, 과학적 탐구 능력, 과학적 문제 해결력, 과학적 의사소통 능력, 과학적 참여와 평생 학습 능력","['화학Ⅱ', ' 과학사', ' 생활과 과학', ' 융합과학', ' 심화 수학Ⅰ', ' 심화 수학Ⅱ', ' 고급화학', ' 화학 실험', ' 융합과학 탐구', ' 과학과제 연구', ' 생태와 환경', ' 공업화학', ' 제조화학', ' 환경 화학 기초']",common
37,생명과학Ⅰ,사람의 몸을 중심으로 나타나는 생명 현상에 대한 이해를 통해 생활 속에서 나타나는 다양한 의문점들을 창의적으로 해결할 수 있도록 생명과학의 기초 소양을 기르는 과목이다.,"과학적 사고력, 과학적 탐구 능력, 과학적 문제 해결력, 과학적 의사소통 능력, 과학적 참여와 평생 학습 능력","['생명과학Ⅱ', ' 과학사', ' 생활과 과학', ' 융합과학', ' 심화 수학Ⅰ', ' 심화 수학Ⅱ', ' 고급 생명과학', ' 생명과학 실험', ' 융합과학 탐구', ' 과학과제 연구', ' 생태와 환경', ' 정보과학', ' 생명 공학 기술']",common
38,지구과학Ⅰ,지구와 우주에 대한 통합적 이해를 바탕으로 올바른 자연관과 우주관을 갖추고 과학․기술․사회의 상호 관계를 인식할 수 있도록 지구과학에 대한 기초 소양을 함양하기 위한 과목이다.,"과학적 사고력, 과학적 탐구 능력, 과학적 문제 해결력, 과학적 의사소통 능력, 과학적 참여와 평생 학습 능력","['지구과학Ⅱ', ' 과학사', ' 생활과 과학', ' 융합과학', ' 심화 수학Ⅰ', ' 심화 수학Ⅱ', ' 고급 지구과학', ' 지구과학 실험', ' 융합과학 탐구', ' 과학과제 연구', ' 생태와 환경']",common
39,물리학Ⅱ,"과학기술과 관련된 분야의 진로를 선택하는 학생을 대상으로 하며, '물리학Ⅰ'에서 학습한 개념을 기초로 심화된 물리 개념과 다양한 탐구방법을 적용하여 물리 현상과 관련된 기본적인 문제를 해결하는 능력을 기르기 위한 과목이다.","과학적 사고력, 과학적 탐구 능력, 과학적 문제 해결력, 과학적 의사소통 능력, 과학적 참여와 평생 학습 능력","['과학사', ' 생활과 과학', ' 융합과학', ' 심화수학Ⅰ', ' 심화수학Ⅱ', ' 고급 물리학', ' 물리학 실험', ' 융합과학 탐구', ' 과학과제 연구', ' 생태와 환경', ' 정보과학', ' 전기 회로', ' 전기 기기', ' 전기 설비', ' 자동화 설비', ' 전자 회로', ' 디지털 회로', ' 디지털논리 회로', ' 전기 전자 기초']",common
40,화학Ⅱ,"과학기술과 관련된 분야의 진로를 선택하는 학생을 대상으로 하며, '화학Ⅰ'에서 학습한 개념을 기초로 심화된 화학 개념과 다양한 탐구 방법을 적용하여 화학에 대한 기초 전문 지식을 갖추기 위한 과목이다.","과학적 사고력, 과학적 탐구 능력, 과학적 문제해결력, 과학적 의사소통 능력, 과학적 참여와 평생 학습 능력","['과학사', ' 생활과 과학', ' 융합과학', ' 심화 수학Ⅰ', ' 심화 수학Ⅱ', ' 고급화학', ' 화학 실험', ' 융합과학 탐구', ' 과학과제 연구', ' 생태와 환경', ' 공업화학', ' 제조화학', ' 환경 화학 기초', ' 인간과 환경', ' 친환경 농업', ' 환경 보전', ' 해양 환경과 자원']",common
41,생명과학Ⅱ,'생명과학Ⅰ'의 심화 과정으로 생명과학과 관련된 진로나 진학을 계획하는 학생들에게 생명 현상 전반에 대한 심도 있는 내용과 관련 핵심 개념을 이해하도록 하는 과목이다.,"과학적 사고력, 과학적 탐구 능력, 과학적 문제 해결력, 과학적 의사소통 능력, 과학적 참여와 평생 학습 능력","['과학사', ' 생활과 과학', ' 융합과학', ' 고급 생명과학', ' 생명과학 실험', ' 융합과학 탐구', ' 과학과제 연구', ' 생태와 환경', ' 정보과학', ' 생명 공학 기술']",common
42,지구과학Ⅱ,'지구과학Ⅰ'의 심화 과정으로 지구와 우주에 관한 기본 개념의 체계적 이해를 바탕으로 관련 분야로 진학하는데 필요한 지식과 탐구 능력 및 창의성을 갖도록 하는 과목이다.,"과학적 사고력, 과학적 탐구 능력, 과학적 문제 해결력, 과학적 의사소통 능력, 과학적 참여와 평생 학습 능력","['과학사', ' 생활과 과학', ' 융합과학', ' 심화 수학Ⅰ', ' 심화 수학Ⅱ', ' 고급 지구과학', ' 지구과학 실험', ' 융합과학 탐구', ' 과학과제 연구', ' 생태와 환경']",common
43,과학사,"일반 고등학교나 과학 계열 고등학교에서 과학에 흥미와 관심이 있는 학생들이 과학의 본성 및 사회적 특성을 이해하기 위한 과목이다. 과학의 역사와 과학철학으로 구성되는데, 과학의 역사는 서양 과학사와 동양 및 한국 과학사를 다루며 과학철학은 과학의 본성과 과학에 대한 철학적 및 역사적 접근, 과학과 사회와의 관계를 다룬다. '과학사'의 학습을 통해 올바른 과학자 상을 정립하고 과학·기술·사회의 관계를 이해할 수 있게 될 것이다.","과학적 사고력, 과학적 탐구 능력, 과학적 문제해결력, 과학적 의사소통 능력, 과학적 참여와 평생 학습 능력","['물리학Ⅱ', ' 화학Ⅱ', ' 생명과학Ⅱ', ' 지구과학Ⅱ', ' 심화 수학Ⅰ', ' 심화 수학Ⅱ', ' 고급 물리학', ' 고급 화학', ' 고급 생명과학', ' 고급 지구과학', ' 물리학 실험', ' 화학 실험', ' 생명과학 실험', ' 지구과학 실험', ' 과학과제 연구', ' 생태와 환경', ' 정보과학']",common
44,생활과 과학,"'통합과학'과 '과학탐구실험'을 이수한 학생이 생활 속에서 과학적 원리가 삶의 질 향상에 어떻게 기여하는지를 이해하고, 과학적 원리를 실생활에 적용하는 능력 및 합리적으로 선택하는 능력을 함양하기 위한 과목이다. 생활 속의 과학적 원리 및 활용에 대하여 호기심과 흥미를 가지고, 과학의 핵심 개념에 대한 이해와 탐구 능력의 함양을 통하여 개인과 사회의 문제를 과학적이고 창의적으로 해결하기 위한 과학적 소양을 함양하도록 한다.","과학적 사고력, 과학적 탐구 능력, 과학적 문제해결력, 과학적 의사소통 능력, 과학적 참여와 평생 학습 능력","['물리학Ⅱ', ' 화학Ⅱ', ' 생명과학Ⅱ', ' 지구과학Ⅱ', ' 고급 물리학', ' 고급 화학', ' 고급 생명과학', ' 고급 지구과학', ' 과학과제 연구', ' 생태와 환경', ' 정보과학']",common
45,융합과학,"'융합과학'은 우리 주위의 물질세계에서 출발하여 자연 전체를 포괄적이고 체계적으로 이해하는 것을 목표로 한다. 자연을 총체적으로 바라보고 여러 자연현상들을 연결해주는 기본 원리에 대한 이해와 적용을 토대로 미래 과학기술 사회의 구성원으로서 반드시 갖추어야할 과학적 소양과 더불어 창의성과 인성을 함양하기 위한 다양한 탐구 중심의 과목이다. 특히, 다방면의 자연현상에 대한 핵심 개념과 원리를 중심으로 과학 지식과 탐구 방법을 즐겁게 학습하고 과학적 소양을 함양하여 과학과 사회의 올바른 상호 관계를 인식할 수 있도록 한다.","과학적 사고력, 과학적 탐구 능력, 과학적 문제해결력, 과학적 의사소통 능력, 과학적 참여와 평생 학습 능력","['물리학Ⅱ', ' 화학Ⅱ', ' 생명과학Ⅱ', ' 지구과학Ⅱ', ' 고급 물리학', ' 고급 화학', ' 고급 생명과학', ' 고급 지구과학', ' 물리학 실험', ' 화학 실험', ' 생명과학 실험', ' 지구과학 실험', ' 과학과제 연구', ' 생태와 환경', ' 정보과학']",common
46,체육,"'체육'은 고등학교 체육 교과 군을 대표하는 선택과목으로 고등학생들이 신체활동을 바탕으로 건강을 유지증진하고 운동 기능 및 체력을 기르며 체육의 이론적 지식과 태도를 습득하여 체육교과의 역량 및 체·지·덕이 통합된 전인을 양성하는데 목적이 있다. 
 학생들은 '체육'을 통해 신체활동에 대한 긍정적 안목과 평생 체육으로의 실천 능력을 함양 할 수 있다. '체육'은 학생들의 전공 희망과 관계없이 초·중학교에서 습득하고 체험한 체육의 내용을 바탕으로 '신체활동의 생활화'에 입문하는데 기여하는 과목이다. ","건강관리능력, 신체수련능력, 경기수행능력, 신체표현능력","['스포츠 개론', ' 체육과 진로 탐구', ' 체육 지도법 등 전문 교과 Ⅰ 14개 과목']",common
47,운동과 건강,'운동과 건강'은 자기 건강관리를 위해 일상생활에서 운동의 중요성과 역할을 이해하고 운동의 생활화를 통해 건강 증진 및 관리를 도모할 수 있는 건강 생활 습관을 형성하는데 목적이 있다. 학생들은 '운동과 건강'을 통해 다양한 운동에 지속적인 참여하고 건강 생활 유지를 위한 운동의 중요성을 이해하며 바른 생활 습관을 형성 할 수 있다. '운동과 건강'은 운동을 통한 건강한 라이프 스타일(healthy life style)을 형성하여 평생에 걸친 지속적인 건강관리 능력의 기초를 형성하는데 기여하는 과목이다.,"건강관리능력, 신체수련능력, 경기수행능력, 신체표현능력","['스포츠 개론', ' 체육과 진로 탐구', ' 체육 지도법 등 전문 교과 Ⅰ 14개 과목']",common
48,스포츠 생활,"'스포츠 생활'은 활동적인 삶과 연계된 다양한 스포츠 활동에 집중적으로 참여하면서 스포츠 문화를 이해하고 스포츠 활동의 생활화를 통해 삶의 질을 제고하며 안전한 스포츠 참여 태도를 기르는데 목적이 있다. 학생들은 '스포츠 생활'을 통해 일반 선택과목의 '체육'보다 심화된 스포츠 활동에 지속적으로 참여하고 스포츠맨십을 기르며, 활기찬 생활을 영위할 수 있는 능력을 형성 할 수 있다. '스포츠 생활'은 스포츠 활동을 통한 건강한 라이프 스타일(healthy life style)을 형성하여 평생 스포츠 활동의 기초를 형성하는데 기여하는 과목이다.","건강관리능력, 신체수련능력, 경기수행능력, 신체표현능력","['스포츠 개론', ' 체육과 진로 탐구', ' 체육 지도법 등 전문 교과 Ⅰ 14개 과목']",common
49,체육탐구,"고등학교 체육 탐구 과목은 운동이나 스포츠의 다양한 가치와 역할, 체육에 대한 심화된 지식을 이해하고 체육 활동을 인문적, 자연적 관점에서 종합적으로 학습함으로써 체육을 통해 건전한 사회 변화를 추구하고 지속적으로 실천하는 인간상을 추구한다.
체육탐구는 체육계열의 학과로 진로를 선택하거나 체육관련 분야로 진출하고자 하는 학생들의 기본적인 소양을 함양하는 데 적합한 과목이다.","건강관리능력, 신체수련능력, 경기수행능력, 신체표현능력","['스포츠 개론', ' 체육과 진로 탐구', ' 체육 지도법 등 전문 교과 Ⅰ 14개 과목']",common
50,음악,"음악은 다양한 음악 활동을 통해 음악의 아름다움을 경험하고, 음악성과 창의성을 계발하며, 음악의 역할과 가치에 대한 안목을 키움으로써 음악을 삶 속에서 즐길 수 있도록 하는 과목이다. 음악교과의 구성은 표현, 감상, 생활화의 영역으로 활동의 내용을 구분하였다. 첫째, 표현영역은 다양한 음악 경험을 통해 소리의 상호작용과 음악의 표현방법을 이해하여 노래, 연주, 음악 만들기, 신체표현 등의 다양한 방식으로 표현하도록 하는 활동이다. 둘째, 감상영역은 다양한 음악을 듣고 음악 요소의 개념, 음악의 종류와 배경을 파악하여 음악을 이해하고 비평하는 능력을 기르는 활동이다. 셋째, 생활화영역은 음악을 생활 속에서 활용하고 음악이 삶에 주는 의미에 대해 이해함으로써 음악을 즐기는 태도를 갖도록 한다.","음악적 감성 역량, 음악적 창의·융합 사고 역량, 음악적 소통 역량, 문화적 공동체 역량, 음악정보처리 역량, 자기관리 역량","['음악 연주', ' 음악감상과 비평', ' 합창', ' 합주', ' 음악사', ' 시창·청음', ' 음악전공 실기', ' 공연실습 ']",common
51,미술,"중학교에서 익힌 미술의 효과적 활용 능력을 바탕으로 주제와 매체를 확장하여 창의적으로 표현하는 능력과 미술의 다원적 가치를 이해하고 판단하는 능력을 기르며, 미술 활동을 통해 자기를 계발하고 미술문화를 폭 넓게 향유하며 발전시키는 데 중점을 둔 과목이다.","미적 감수성, 시각적 소통 능력, 창의·융합 능력, 미술 문화 이해 능력, 자기 주도적 미술 학습 능력","['미술 → 미술 창작', ' 미술 감상과 비평', ' 드로잉', ' 평면조형', ' 입체조형', ' 미술이론', ' 미술사', ' 매체미술', ' 미술 전공 실기', ' 디자인 제도', ' 디자인 일반', ' 조형', ' 색채 관리', ' 컴퓨터 그래픽', ' 공예 일반', ' 공예 재료와 도구 등']",common
52,연극,"연극은 소통과 협동으로 이루어지는 융·복합예술로서 각 분야별 참여자들이 함께 문제를 해결하는 협동의 예술이고, 여러 예술 요소들이 모여 하나의 작품을 이루는 융·복합의 예술이다. 연극교과의 '표현' 영역에서는 몸과 말을 자유롭고 창의적으로 활용하여 상황에 적합한 다양한 표현을 익히고 타인과 공감하며 소통하는 능력을 기른다. '체험' 영역에서는 공연을 위해  각 구성원들이 협의하고, 문제를 함께 해결하면서 상상력과 창의력을 바탕으로 작품을 완성해 가는 협력적 체험활동을 한다. '감상' 영역에서는 연극에 대한 이해를 바탕으로 감상의 의의와 태도를 학습하고, 개인적·사회적 맥락 속에서 연극 작품의 의미를 찾아봄으로써 연극 문화를 즐길 수 있는 태도를 갖추도록 한다. '생활' 영역에서는 연극의 생활화를 위하여 일상 속에 존재하는 연극적 요소를 찾아보고, 연극과 직간접적으로 연결되는 여러 진로를 알아보며, 연극이 인문, 사회, 기술 및 다른 예술 분야와 융합하고 확장되어가는 양상을 탐구한다.","소통 능력, 협업 능력, 창의적 구성 능력, 연극적 상상력","['(전문과목Ⅰ)연극의 이해', ' 연극 감상과 비평', ' 영화 감상과 비평', ' 영화의 이해', ' 시나리오', ' 사진의 이해', ' 영상제작의 이해', ' 영화제작실습', ' 연극제적 실습', ' 영화기술', ' 무대기술', ' (전문과목Ⅱ)문화 콘텐츠 산업 일반', ' 미디어 콘텐츠 일반', ' 영상 제작 기초 등']",common
53,음악 연주,"'음악 연주'는 성악과 기악의 다양한 연주 형태를 이해하고, 연주 활동을 통하여 조화로운 소리를 경험함으로써 창의적 표현과 음악적 소통 역량을 기르는 진로 선택 과목이다. 음악 연주 교과의 목표는 바른 발성, 호흡, 주법, 태도 등의 음악 연주 기능을 익혀 악곡의 요소와 개념을 이해하여 음악적인 자기표현 능력을 향상시키는 것이다. 또한 음악 연주를 통해 발표 예절을 익혀 자신 및 다른 사람의 연주를 듣고 연주자의 표현 능력 및 태도에 대해 분석하고 비평하며 상호 소통하는 즐거움을 느끼고, 타인의 연주에 대해 존중하는 태도를 기르도록 하였다. 음악 연주 교과의 성취 기준은 학생들이 소리의 세계와 감정의 조화를 경험함으로써 협동심과 예술적 감수성, 심미안을 기르도록 하였다. 학생들은 이 과목을 통하여 음악 연주의 다양한 특성을 폭넓게 이해하고, 악기 소리 및 성부간의 조화와 균형에 유의하여 창의적으로 표현하도록 하여 타인과의 상호 소통과 조화를 통하여 음악의 미적 가치와 즐거움에 대한 탐구 자세를 공유하는 태도를 기르도록 구성하였다.","음악적 감성 역량, 음악적 창의·융합 사고 역량, 음악적 소통 역량, 문화적 공동체 역량, 음악정보처리 역량, 자기관리 역량","['음악 연주', ' 음악감상과 비평', ' 합주', ' 합창', ' 합주', ' 음악사', ' 음악이론', ' 시창․청음', ' 음악전공 실기', ' 공연실습 ']",common
54,음악 감상과 비평,"'음악 감상과 비평'은 다양한 음악을 감상하고, 음악이 지니는 가치를 해석하고 평가함으로써 음악적 감수성과 음악에 대한 안목을 기르는 과목이다. 음악 감상과 비평 교과는 다양한 음악 감상을 통하여 음악미를 체험하고 음악적 정서를 함양하여 다양한 음악의 특징과 가치에 대해 개방적 태도로 수용하고 비판적으로 사고하는 음악적 감수성을 기르도록 하였다. 또한 다양한 시대, 지역 및 종류의 음악을 역사적·문화적 맥락 속에서 이해하고 감상하도록 하여 음악 현상에 대한 다양한 가치를 이해하여 음악에 대한 비평적 안목을 기르도록 하였으며, 다양한 음악 문화를 존중하고 수용하는 태도와 음악에 대한 생각과 느낌을 자신의 언어로 표현함과 동시에 타인의 표현을 이해하고 공감하는 소통 능력을 기르도록 구성되었다.","음악적 감성 역량, 음악적 창의·융합 사고 역량, 음악적 소통 역량, 문화적 공동체 역량, 음악정보처리 역량, 자기관리 역량","['음악 연주', ' 음악감상과 비평', ' 합창', ' 합주', ' 음악사', ' 시창․청음', ' 음악전공 실기', ' 공연실습']",common
55,미술 창작,"중학교 '미술' 교과에서 심화, 확장된 다양한 창작 활동을 통하여 미술을 이해하고, 창조적이고 문화적인 삶을 살아갈 수 있는 능력과 태도를 기르는데 목적이 있다.","미적 감수성, 시각적 소통 능력, 창의․융합 능력, 자기 주도적 미술 학습 능력","['미술 → 미술 창작', ' 미술 감상과 비평', ' 드로잉', ' 평면조형', ' 입체조형', ' 미술이론', ' 미술사', ' 매체미술', ' 미술 전공 실기', ' 디자인 제도', ' 디자인 일반', ' 조형', ' 색채 관리', ' 컴퓨터 그래픽', ' 공예 일반', ' 공예 재료와 도구 등']",common
56,미술 감상과 비평,'미술 감상과 비평' 과목은 중학교까지의 미술과 교육과정을 통한 미술의 종합적인 이해를 토대로 미술의 역사와 비평에 관심이 있거나 인문학적인 소양을 기르고자 하는 학생을 대상으로 한다.,"미적 감수성, 시각적 소통 능력, 미술 문화 이해 능력, 자기 주도적 미술 학습 능력","['미술 → 미술 창작', ' 미술 감상과 비평', ' 드로잉', ' 평면조형', ' 입체조형', ' 미술이론', ' 미술사', ' 매체미술', ' 미술 전공 실기', ' 디자인 제도', ' 디자인 일반', ' 조형', ' 색채 관리', ' 컴퓨터 그래픽', ' 공예 일반', ' 공예 재료와 도구 등']",common
57,기술·가정,"초등 실과, 중학교 기술·가정 교과와 연계하여 현재와 미래의 행복하고 건강한 가정생활과 창조적인 기술의 세계를 주도할 수 있도록 교과 역량을 기르는 과목이다. ","실천적 문제해결능력, 생활자립능력, 관계형성능력, 기술적 문제해결능력, 기술시스템설계능력, 기술 활용능력","['아동발달', ' 식품과 영양', ' 식품과학', ' 건축일반', ' 기초제도', ' 패션 디자인의 기초', ' 의복구성의 기초', ' 패션 마케팅', ' 재배농업 생명 과학', ' 공학 일반', ' 창의 경영', ' 해양 문화와 기술', ' 가정과학', ' 지식 재산 일반']",common
58,정보,"컴퓨터과학의 기본 개념과 원리 및 기술을 바탕으로 실생활과 다양한 학문 분야의 문제를 창의적이고 효율적으로 해결하기 위한 학문 분야이며, 정보 교과는 컴퓨터 과학적 지식과 기술의 탐구와 더불어 실생활의 문제 해결을 위해 새로운 지식과 기술을 창출하고 이를 통합적으로 적용하는 능력과 태도를 함양하는 과목이다.","정보문화소양, 컴퓨팅 사고력, 협력적 문제해결력","['지식 재산 일반', ' 공학 일반', ' 창의 경영', ' 가정과학', ' 전기전자기초', ' 컴퓨터구조', ' 프로그래밍', ' 컴퓨터 그래픽', ' 건축일반', ' 기초제도', ' 패션 디자인의 기초', ' 의복구성의 기초', ' 패션 마케팅', ' 재배']",common
59,농업 생명 과학,"기술·가정과 연계되는 진로 선택 과목으로 농업을 현대적 시각으로 조명하고, 직업으로서의 농업을 탐색하는 기회를 제공하며, 농업에 응용되는 과학적 지식과 기술을 습득하게 함은 물론, 농산물의 현명한 소비자가 되고, 농업에 관한 올바른 정책을 이해하는 민주 시민의 자질을 기르는 과목이다.","창의융합 사고 능력, 문제해결능력, 자기관리능력, 정보처리능력, 진로 개발능력","['공학 일반', ' 창의 경영', ' 해양 문화와 기술', ' 가정과학', ' 지식 재산 일반', ' 심리학', ' 철학', ' 재배', ' 농업 이해', ' 농업경영', ' 생명공학기술', ' 식품과 영양', ' 식품과학', ' 식품 가공 기술', ' 식품 위생', ' 식품분석']",common
60,공학 일반,"기술·가정과 연계되는 진로 선택 과목으로 학습과 실험을 통하여 지식 기반 사회의 창조 경제 시대에 필요한 공학적 사고를 풍부하게 하고, 공학의 원리가 산업기술에 어떻게 응용되고 활용되었는지 안내함으로써 학생의 미래 직업 선택을 위한 다양한 정보와 체험의 기회를 제공하여 취업과 진로 선택의 능력을 함양하도록 한다.","공학 소양, 창의력, 문제해결능력, 자기 관리능력, 정보처리능력, 진로계발능력","['농업 생명 과학', ' 창의 경영', ' 해양 문화와 기술', ' 가정과학', ' 지식 재산 일반', ' 심리학', ' 철학', ' 공업 일반', ' 기초 제도', ' 건축 일반', ' 조경', ' 건축 기초 실습', ' 기계제도', ' 재료 일반', ' 전자 기계 이론', ' 자동차 기관', ' 항공기 일반', ' 선박 구조', ' 공업 화학', ' 섬유 재료', ' 염색·가공기초', ' 의류 재료 관리', ' 전기 회로', ' 전기 기기', ' 자동화 설비', ' 식품 과학', ' 식품 가공 기술', ' 식품 분석', ' 인쇄 일반']",common
61,창의 경영,"기술·가정과 연계되는 진로 선택 과목으로 창의적 사고를 바탕으로 한 경영에 대한 기본적인 개념을 이해하고, 창의적 경영 마인드를 갖고 일상생활에서 직면하는 문제를 해결할 수 있는 역량을 키워주며, 학생들이 자신의 적성과 소질에 맞는 진로를 발견하여 취업 및 대학의 경상계열 학과에 진학하여 학습을 계속하는 데 필요한 기본 소양을 갖추게 하는 과목이다.","창의융합 사고 능력, 문제해결능력, 의사소통능력, 정보 능력, 대인 관계 능력, 직업 윤리, 조직 이해 능력","['농업 생명 과학', ' 공학 일반', ' 해양 문화와 기술', ' 가정과학', ' 지식 재산 일반', ' 심리학', ' 철학', ' 기업과 경영', ' 세무 일반', ' 창업 일반', ' 전자 상거래 일반', ' 비즈니스영어']",common
62,해양 문화와 기술,"기술	·가정과 연계되는 진로 선택 과목으로 해양과 수상 안전의 중요성을 인식시키고, 미래 해양 과학의 다양한 가능성과 개발을 위한 창의적인 인재 육성의 초석이 되며, 해양 개척을 위한 진취적인 사고와 자질을 갖추게 하여, 해양 개발에 관한 국제적 경쟁력을 지닌 해양 과학 전문 기술인을 양성하는데 중점을 두는 과목이다.","창의융합사고능력, 문제해결능력, 정보처리능력, 자기관리능력, 진로 개발능력","['농업 생명 과학', ' 공학 일반', ' 창의 경영', ' 가정과학', ' 지식 재산 일반', ' 심리학', ' 철학', ' 수산물 유통', ' 양식 생물 질병', ' 해양 환경과 자원', ' 항만 물류 일반', ' 생명공학기술', ' 식품과 영양', ' 식품과학', ' 식품 가공 기술', ' 식품 위생', ' 식품분석']",common
63,가정과학,"초등 실과, 중·고등학교 기술·가정 교과와 연계성이 있는 진로 선택 과목으로, 의식주가족소비생활 각 분야에 대한 심화학습, 실생활 체험학습, 의식주가족소비관련 학과계열의 진로 탐색과 생활자립능력개발, 진로 개발능력을 함양하는 데 중점을 둔다. 학생들의 진로와 적성에 따라 핵심개념과 내용요소를 중심으로 내용을 재구성하여 운영할 수 있다.","관계형성능력, 실천적 문제해결능력, 생활자립능력, 진로 개발능력","['아동발달', ' 식품과 영양', ' 식품과학', ' 식품분석', ' 보건 간호', ' 건축일반', ' 기초제도', ' 패션 디자인의 기초', ' 의복구성의 기초', ' 패션 마케팅', ' 심리학', ' 보건', ' 창의 경영', ' 지식 재산 일반', ' 공학 일반', ' 철학']",common
64,지식 재산 일반,"기술·가정과 연계되는 진로 선택 과목으로 지식 재산 전문적 직업 교육이 아니라, 발명, 특허, 지식 재산의 기본적 소양과 체험에 바탕을 두는 직업 탐색적 교양 교육에 중점을 두고 실생활과 직업 생활에서 새로운 가치를 창출할 수 있는 창의적 사고력, 지식 재산 창출의 체험, 지식 재산을 보호, 활용하는 역량과 태도를 기르는 과목이다.","창의융합사고능력, 문제해결능력, 정보처리활용능력, 의사소통능력, 자기계발능력","['농업 생명 과학', ' 공학 일반', ' 창의 경영', ' 해양 문화와 기술', ' 가정과학', ' 농업경영', ' 생명공학기술', ' 식품과 영양', ' 식품과학', ' 식품 가공 기술', ' 공업 일반', ' 기초 제도', ' 건축 일반', ' 기계제도', ' 재료 일반', ' 전자 기계 이론', ' 자동차 기관', ' 항공기 일반', ' 선박 구조', ' 공업 화학', ' 섬유 재료', ' 염색·가공기초', ' 의류 재료 관리', ' 전기 회로', ' 전기 기기']",common
65,독일어Ⅰ,'독일어 Ⅰ'은 독일어를 처음 배우는 학습자들에게 독일어의 기본 어휘와 구문을 이해하게 하고 이를 상황에 맞게 활용할 수 있는 의사소통 능력을 키우는 과목이다. '독일어 Ⅱ'는 '독일어 Ⅰ'에서 배운 독일어의 기본 어휘와 구문을 확장·심화시켜 이를 상황에 맞게 활용할 수 있는 의사소통 능력을 기르는 과목이다.,"의사소통 능력, 세계시민 의식, 정보 검색 및 활용 능력","['독일어Ⅱ', ' 독일어 회화Ⅰ·Ⅱ', ' 독일어 독해와 작문Ⅰ·Ⅱ', ' 독일어권 문화']",common
66,독일어Ⅱ,'독일어 Ⅰ'은 독일어를 처음 배우는 학습자들에게 독일어의 기본 어휘와 구문을 이해하게 하고 이를 상황에 맞게 활용할 수 있는 의사소통 능력을 키우는 과목이다. '독일어 Ⅱ'는 '독일어 Ⅰ'에서 배운 독일어의 기본 어휘와 구문을 확장·심화시켜 이를 상황에 맞게 활용할 수 있는 의사소통 능력을 기르는 과목이다.,"의사소통 능력, 세계시민 의식, 정보 검색 및 활용 능력","['독일어Ⅱ', ' 독일어 회화Ⅰ·Ⅱ', ' 독일어 독해와 작문Ⅰ·Ⅱ', ' 독일어권 문화']",common
67,한문Ⅰ,"한문은 고전 문언문으로 한자문화권에서 공통적으로 사용되던 국제적 표기수다의 하나였다. 따라서 원활한 언어생활과 다른 교과에서 사용하는 학습용어를 바르게 이해하기 위해서는 한문 학습이 필요하다. 그리고 전통문화의 계승, 건전한 가치관과 바람직한 인성함양, 한자문화권의 상호이해와 교류에 도움을 주는 교과이다. 한자어와 고사성어를 기초로 속담 및 단문의 이해, 문학·역사·철학관련 인물의 일화나 기록, 주장, 작품을 해석하고 이를 기반으로 문장에 담긴 의미나 교훈을 파악하는 활동으로 이루어져 있다.","비판적·창의적 역량, 자료·정보·활용 역량, 의사소통 역량, 공동체·대인 관계 역량, 문화 향유 역량, 자기 성찰·계발 역량","['한문Ⅱ', ' 고전읽기', ' 고전과 윤리', ' 중국어Ⅰ․Ⅱ', ' 고전문학 감상', ' 중국어 독해와 작문Ⅰ·Ⅱ']",common
68,한문Ⅱ,"한문은 고전 문언문으로 한자문화권에서 공통적으로 사용되던 국제적 표기수다의 하나였다. 따라서 원활한 언어생활과 다른 교과에서 사용하는 학습용어를 바르게 이해하기 위해서는 한문 학습이 필요하다. 그리고 전통문화의 계승, 건전한 가치관과 바람직한 인성함양, 한자문화권의 상호이해와 교류에 도움을 주는 교과이다. 한자어와 고사성어를 기초로 속담 및 단문의 이해, 문학·역사·철학관련 인물의 일화나 기록, 주장, 작품을 해석하고 이를 기반으로 문장에 담긴 의미나 교훈을 파악하는 활동으로 이루어져 있다.","비판적·창의적 역량, 자료·정보·활용 역량, 의사소통 역량, 공동체·대인 관계 역량, 문화 향유 역량, 자기 성찰·계발 역량","['한문Ⅱ', ' 고전읽기', ' 고전과 윤리', ' 중국어Ⅰ․Ⅱ', ' 고전문학 감상', ' 중국어 독해와 작문Ⅰ·Ⅱ']",common
69,철학,"철학은 고등학생들이 지금까지 교과별로 흩어져 있는 지식들의 근거와 자기 삶의 의미를 성찰하고, 자아 정체성과 시민적 연대의 관점에서 타인의 삶을 이해하여 공동의 삶을 살아가는 역량을 키우도록 하는 자기 교육의 과정이다.","비판적 사고 역량, 의사소통 역량, 논변 역량, 가치 정립 역량, 타인과의 공감 및 연대 역량","['고전 읽기', ' 고전과 윤리', ' 윤리와 사상', ' 과학사', ' 환경 등 모든 과목', ' 사회 탐구 방법']",common
70,논리학,"논리학은 부당한 추론과 오류를 피하고 정당한 결론을 도출하는 능력을 길러줌으로써 학생들이 장차 합리적으로 생각하고, 토론하고, 의사 결정을 할 수 있는 시민으로 성장하는 데 도움이 되는 과목이다.","자기 관리 능력, 의사소통 능력, 정보 처리 능력","['수학 과제 탐구', ' 사회 문제 탐구', ' 사회 과제 연구', ' 정보 과학', ' 과학 과제 연구', ' 정보 처리와 관리프로그래밍']",common
71,심리학,"심리학은 청소년기 발달 단계를 반영하여 고등학생들의 자아 정체감 확립, 자기 통제력 습득, 진로 개발 능력의 함양을 통한 자기 관리 능력을 개발하고, 과학적인 연구를 통해 얻어진 심리학적 지식을 학습함으로써 개인의 사고와 행동뿐만 아니라 개인차와 관련이 있는 요소들을 이해하여 타인을 이해하고 배려하고 존중할 수 있는 태도를 기름으로써 공동체 의식을 함양하는 과목이다.","자기 관리 능력, 배려의 공동체 의식, 과학적 문제 해결력, 창의․융합적 사고 능력","['생활과 윤리', ' 진로와 직업', ' 사회 문제 탐구', ' 사회과제 연구', ' 인간 발달']",common
72,교육학,"교육학 과목은 학생들로 하여금 과거, 현재, 미래 사회 속에서 이루어지는 교육의 다양한 모습들을 이해하고, 배움과 가르침의 원리를 익혀, 미래의 평생 학습 사회에서 행복한 삶을 영위할 수 있도록 하는 과목이다.","비판적 사고 역량, 문제 해결 역량, 의사소통 역량, 공감 역량",['진로 연계 모든 과목'],common
73,종교학,"종교학 과목은 다종교·다문화 사회에서 종교에 관한 성찰적 안목과 태도를 기르는 데에 주안점을 두고 종교와 연관된 지식, 경험, 생활 등에 관해 스스로 성찰할 수 있는 능력을 기르기 위한 과목이다.","종교 문화 이해력, 비판적 성찰 능력, 의사소통 능력, 다문화 감수성, 윤리적·사회적 실천 능력","['생활과 윤리', ' 사회문화', ' 철학', ' 비교문화', ' 사회과제 연구']",common
74,진로와 직업,진로와 직업은 학생이 고등학교 졸업 전 선택해야 할 진로 진학의 문제를 앞서 생각하고 준비함으로써 대학진학이나 졸업 후 취업 뿐 아니라 앞으로 평생의 삶에서 자신의 진로를 준비하고 대응하기 위해 배울 필요가 있는 교과이다. ,"자아이해와 사회적 역량, 일과 직업 세계 이해 역량, 진로 탐색 역량, 진로 디자인과 준비 역량",['진로 연계 모든 과목'],common
75,보건,"보건은 건강의 가치를 이해하고, 올바른 건강 지식과 자원에 체계적으로 접근하며, 일상생활에서 건강 생활을 실천하고 건강 관리 능력을 증진시킴으로써, 궁극적으로 개인과 공동체의 건강 및 삶의 질을 향상시키기 위한 과목이다.","건강 관리 능력, 건강·안전 위험 인식 능력, 건강 정보·자원 활용 능력, 건강 의사소통 능력, 건강 의사 결정 능력, 건강 사회·문화 공동체 의식","['생활과 과학', ' 공중 보건', ' 간호의 기초', ' 보건 간호', ' 기초', ' 간호 임상 실무']",common
76,환경,"인류가 경험하고 있는 지속불가능성의 확산과 환경위기에 대한 문제의식을 바탕으로, 학생들이 지속가능한 사회의 체계와 삶의 양식을 이해하고 실천하도록 돕기 위한 과목이다. 이 과목은 다양한 환경 사례와 쟁점을 자연과학적, 인문사회적, 예술적 접근을 아우르는 총체적이고 통합적인 관점에서 탐구함으로써 환경 역량을 기르고 지속가능한 사회를 만들어가는 데 적극적으로 참여하는 시민을 기르는 것을 목적으로 한다.","환경 감수성, 환경 공동체 의식, 성찰․통찰 능력, 창의적 문제해결력, 의사소통 및 갈등해결 능력, 환경 정보 활용 능력","['융합과학', ' 사회문제탐구', ' 공학일반', ' 농업생명과학', ' 해양문화와기술', ' 세계문제와 미래사회', ' 생태와 환경', ' 인간과 환경', ' 환경보전']",common
77,실용 경제,"실용 경제는 정보화·세계화의 흐름과 함께 급변하는 현대 경제 환경 속에서 미래의 주역이자 하나의 독립적인 경제 주체가 될 학생들이 일상의 경제생활에 필요한 기초적이고 실천적인 경제 지식을 습득하여, 당면한 개인 및 사회의 경제 문제를 합리적으로 해결할 수 있는 능력을 함양하고 경제생활에 능동적으로 참여하는 시민의 자질을 지니게 하도록 하는 과목이다.","문제 해결 역량, 정보 활용 역량, 의사 결정 역량, 비판적 사고 역량","['경제', ' 경제수학', ' 사회문제탐구', ' 창의경영', ' 국제경제', ' 상업경제', ' 금융일반']",common
78,논술,"논술은 지적 혹은 학문적 탐구 영역에서의 글쓰기라는 점에서 국어 교과목인 '화법과 작문'과도 구별되는 과목으로, 다양한 교과 학습 및 독서 활동 등을 통해 학습한 부분과 학문적 지식을 통합하여 논리적-비판적 사고력, 의사소통 능력 등을 함양하는 교과 통합적 성격을 지닌다.","의사소통 역량, 비판적 사고 역량, 정보 처리 역량, 문제 해결 역량","['심화국어', ' 화법과 작문', ' 논리학', ' 문장론']",common
0,심화 수학Ⅰ,"공통 과목인'수학'을 학습한 후에 선택할 수 있는 전문 교과 과목으로, 수학 일반 선택 과목의 주요 내용을 압축하여 심화 학습하기를 원하는 과학 계열 고등학교, 일반고의 과학 과목 중점 교육과정을 이수하는 학생들이 주 대상이며,'수학Ⅰ','수학Ⅱ','미적분'의 주요 내용을 압축하고 심화한 것으로'방정식과 부등식','지수함수와 로그함수','삼각함수','수열과 극한','미분'의 5개 핵심 개념 영역으로 구성된다.", ,[],prof
1,심화 수학Ⅱ,"전문 교과 과목인'심화 수학Ⅰ'을 학습한 후에 선택할 수 있는 전문 교과 과목으로 수학 일반 선택과 진로 선택 과목의 주요 내용을 압축하여 심화 학습하기를 원하는 과학 계열 고등학교 학생이나 일반고 과학 과목 중점 교육과정을 이수하는 학생들이 주 대상이며,''심화 수학Ⅱ'에서 학습한 수학의 지식과 기능은 수학 전문 교과 과목과 대학 수학 학습의 토대가 되고, 자연과학, 공학, 의학 및 이들의 응용 분야를 전공하는 데 학문적 기초가 된다.", ,[],prof
2,고급 수학Ⅰ,"'심화 수학Ⅰ'또는'심화 수학Ⅱ'를 이수하였거나, 과학 계열 고등학교 학생이나 일반고 과학 과목 중점 교육과정을 이수하는 학생들이 주 대상이며, 내용은'심화 수학Ⅰ'또는'심화 수학Ⅱ'의 내용을 심화․발전시킨 것으로'벡터','행렬과 선형변환','복소수와 극좌표','그래프'의 4개 핵심 개념 영역으로 구성된다. ", ,[],prof
3,고급 수학Ⅱ,"'고급 수학Ⅰ'을 학습한 후에 선택할 수 있는 전문 교과 과목으로 더욱 심화된 수학을 학습하기를 원하는 과학 계열 고등학교 학생이나 일반고 과학 과목 중점 교육과정을 이수하는 학생들이 주 대상이며, 내용은'심화 수학Ⅰ'과'심화 수학Ⅱ'및'고급 수학Ⅰ'의 내용을 심화․발전시킨 것으로'미적분의 활용','급수','수학적 모델링'의 3개 핵심 개념 영역으로 구성된다.", ,[],prof
4,고급 물리학,"물리학에 흥미와 관심이 있는 과학 계열 고등학교 학생이나 일반고의 과학 과목 중점 교육과정을 이수하는 학생들이 주 대상이며,'물리학Ⅰ'또는'물리학Ⅱ'을 이수한 후에 심화된 수준으로 물리학의 학문적 체계 및 내용을 학습하기 위한 과목이다. ", ,[],prof
5,고급 화학,"'통합과학'을 이수한 과학 계열 고등학교 학생이나 일반고의 과학 과목 중심 교육과정을 이수하는 학생들이 주 대상이며, 심화된 화학 개념과 탐구 원리를 통해 물질의 구조, 성질, 그리고 변화에 대한 체계적 이해를 도모하여 일상생활의 문제뿐만 아니라 장차 자연과학과 공학 분야에 물질에 대한 탐구를 과학적으로 수행하는 능력을 기르기 위한 과목이다.", ,[],prof
6,고급 생명과학,"생명과학에 흥미와 관심이 있는 과학 계열 고등학교 학생이나 일반고의 과학 과목 중점 교육과정을 이수하는 학생들이 주 대상이며,'생명과학Ⅰ'또는'생명과학Ⅱ'을 이수한 후에 심화된 수준으로 생명과학의 학문적 체계 및 내용을 학습하기 위한 과목이다.", ,[],prof
7,고급 지구과학,"과학 계열 고등학교 학생이나 일반고의 과학 과목 중점 교육과정을 이수하는 학생들이 주 대상이며, 심화된 지구과학의 개념을 익혀 창의적 문제 해결력과 과학적 태도를 함양하기 위한 과목이다.", ,[],prof
8,물리학 실험,"'물리학Ⅰ'또는'물리학Ⅱ'을 이수한 과학 계열 고등학교 학생이나 일반고 과학 과목 중점 교육과정을 이수하는 학생들이 주 대상이며, 심화된 수준으로 물리학 실험 탐구를 해 봄으로써 이공계로 진학하였을 때 필요한 실험 및 탐구 역량을 기르기 위한 과목이다.", ,[],prof
9,화학 실험,"'고급 화학'을 이수한 과학 계열 고등학교 학생이나 일반고의 과학 과목 중심 교육과정을 이수하는 학생들이 주 대상이며, 심화된 화학 실험의 원리와 기능을 익혀 물질 현상을 체계적으로 탐구함으로써 화학 개념의 심도 있는 이해를 도모하고 장차 자연과학과 공학 분야에 물질에 대한 탐구를 과학적으로 수행하는 능력을 기르기 위한 과목이다.", ,[],prof
10,생명과학 실험,"'생명과학Ⅰ'또는'생명과학Ⅱ'을 이수한 과학 계열 고등학교 학생이나 일반고 과학 과목 중점 교육과정을 이수하는 학생들이 주 대상이며, 심화된 수준으로 생명과학 실험 탐구를 해 봄으로써 이공계로 진학하였을 때 필요한 실험 및 탐구 역량을 기르기 위한 과목이다. ", ,[],prof
11,지구과학 실험,"과학 계열 고등학교 학생이나 일반고의 과학 과목 중점 교육과정을 이수하는 학생들이 주 대상이며, 심화된 지구과학의 개념을 익혀 창의적 문제 해결력과 과학적 태도를 함양하기 위한 과목이다.", ,[],prof
12,정보과학,"실천적 성격을 가진 고등학교 과학 계열의 전문 교과 과목으로써, 정보 과목과 연계하여 컴퓨터 과학의 기본 개념과 원리 및 기술을 바탕으로 창의적이고, 효율적으로 다양한 분야의 문제를 해결하는 역량을 기르기 위한 과목이다.", ,[],prof
13,융합 과학 탐구,"과학 계열 고등학교 학생이나 일반고의 과학 과목 중심 교육과정을 이수하는 학생들이 주 대상이며, 토론과 조사를 거쳐 융합과학 소재의 과제를 선정하여 실험 실습을 수행하고 결론을 도출하여 보고서를 작성하는 일련의 연구 과정을 체험하여 과학자가 갖추어야할 창의성과 문제 해결 능력을 기르기 위한 과목이다. 특히, 교과서가 제작되지 않는 과목으로 교육 내용의 선정 및 학습 활동의 구성 등에 있어서 교사의 재량권이 매우 크다.", ,[],prof
14,과학과제 연구,"과학 계열 고등학교 학생이나 일반고의 과학 과목 중심 교육과정을 이수하는 학생을 대상으로 하여, 토론과 조사를 거쳐 특정 과학 과제를 선정하여 실험 실습을 수행하고 결론을 도출하여 보고서를 작성하는 일련의 연구 과정을 체험하여 과학자가 갖추어야 할 연구 수행 능력을 기르기 위한 과목이다. 특히, 교과서가 제작되지 않는 과목으로 교육 내용의 선정 및 학습 활동의 구성 등에 있어서 교사의 재량권이 매우 크다. ", ,[],prof
15,생태와 환경,"생태와 환경에 관심이 있는 학생들을 대상으로 하는 과목으로써, 최신의 생태와 환경 문제에 대한 심화된 내용을 이해하고 과학적 탐구 과정을 직접 체험해 봄으로써 생태와 환경 문제를 합리적으로 해결하는 예비 과학자 혹은 일반 시민으로서의 기초 소양을 함양하고, 이를 활용하여 인류의 지속가능한 발전에 기여하는 태도를 함양하는 데 목적이 있다.", ,[],prof
16,스포츠 개론,"스포츠 개론은 체육 및 스포츠의 의미와 역사를 이해하고, 다양한 가치를 탐구하며, 스포츠의 과학적 원리를 종합적으로 탐색하여 스포츠에 대한 전반적이고 체계적인 이해를 돕는 과목이다.", ,[],prof
17,체육과 진로 탐구,체육과 진로 탐구는 체육의 다양한 진로를 폭넓게 이해하고 자기 이해와 집중적인 진로 탐구 과정을 통해 자신의 미래를 설계하고 준비할 수 있는 능력과 자질을 함양하는 과목이다., ,[],prof
18,체육 지도법,체육 지도법은 코칭의 교육적 의미에 대한 이해를 바탕으로 적절한 지도 방법과 훈련 방법을 익혀 학생 선수들을 효율적으로 지도할 수 있는 전문 능력을 기르는 과목이다., ,[],prof
19,육상 운동,육상 운동은 육상 운동에 대한 이론적 지식을 탐색하고 육상 기능과 경기 방법을 습득하여 경기에 참여함으로써 육상 운동에 대한 전문 능력을 기르는 과목이다. , ,[],prof
20,체조 운동,체조 운동은 체조 운동에 대한 이론적 지식을 탐색하고 체조 기능과 경기 방법을 습득하여 경기에 참여함으로써 체조 운동에 대한 전문 능력을 기르는 과목이다., ,[],prof
21,수상 운동,수상 운동은 수상 운동에 대한 이론적 지식을 탐색하고 수상 기능과 경기 방법을 습득하여 경기에 참여함으로써 수상 운동에 대한 전문 능력을 기르는 과목이다., ,[],prof
22,개인·대인 운동,개인·대인 운동은 개인 운동과 대인 운동에 대한 이론적 지식을 탐색하고 이와 관련된 운동 기능과 경기 방법을 습득하여 경기에 참여함으로써 개인･대인 운동에 대한 전문 능력을 기르는 과목이다., ,[],prof
23,단체 운동,단체 운동은 단체 운동에 대한 이론적 지식을 탐색하고 단체 운동 기능과 경기 방법을 습득하여 경기에 참여함으로써 단체 운동에 대한 전문 능력을 기르는 과목이다. , ,[],prof
24,체육 전공 실기 기초,체육 전공 실기 기초는 전공 실기의 특성을 이해하고 경기력에 필요한 기본 기능과 경기 규칙 및 용어를 습득하여 전공 실기에 관한 기초 능력을 기르는 과목이다., ,[],prof
25,체육 전공 실기 심화,체육 전공 실기 심화는 전공 실기의 훈련과 방법을 이해하고 기본 기술 및 응용 기술 훈련에 참여하여 리더십과 문제 해결력을 기르고 전공 실기에 관한 심화 능력을 기르는 과목이다., ,[],prof
26,체육 전공 실기 응용,체육 전공 실기 응용은 다양한 전술을 이해하고 경기 전술과 경기 운영 방법 및 심판법을 습득하여 전공 실기에 관한 응용 능력을 기르는 과목이다. , ,[],prof
27,스포츠 경기 체력,체육 전공 실기 응용은 다양한 전술을 이해하고 경기 전술과 경기 운영 방법 및 심판법을 습득하여 전공 실기에 관한 응용 능력을 기르는 과목이다. , ,[],prof
28,스포츠 경기 실습,스포츠 경기 실습은 스포츠 경기 대회에 참가하는 데 필요한 준비 과정(훈련)에서부터 실제 경기에 참가하는 과정에 대해 이해하고 자신의 경기력을 파악하여 참가 대회에서 기대한 경기력을 발휘하기 위해 실습하는 과목이다., ,[],prof
29,스포츠 경기 분석,스포츠 경기 분석은 스포츠 수행에 필요한 과학적 기초 지식을 바탕으로 경기를 분석하여 실제 경기 상황을 이해하고 적용하는 능력을 계발하는 과목이다., ,[],prof
30,음악 이론,‘음악 이론’은 음악 활동에 바탕이 되는 기초적인 음악 용어와 악곡의 구성 원리를 학습하는 과목이다. 음악의 의미와 구조적 특성에 대해 체계적으로 이해하고 음악 이론에 대한 지식의 폭을 넓힘으로써 표현 및 감상 활동에 바탕이 되도록 한다., ,[],prof
31,음악사,"‘음악사’는 음악의 역사적 흐름과 시대적 특성을 이해하고 감상함으로써 음악 문화나 작품, 작곡가에 대한 이해의 폭을 넓히고 미적 가치를 판단할 수 있는 능력을 기르는 과목이다. 음악의 전반적인 역사에 대한 학습을 통하여 음악이 한 시대의 미의식이나 정신을 어떻게 반영하고 있는지를 이해하고 다른 시대 또는 다른 지역의 음악과 비교함으로써 우리나라의 음악 문화와 다른 나라의 음악 문화를 폭넓게 이해할 수 있다. 또한 음악 작품 및 연주에 대한 논리적, 체계적 분석을 통하여 비평적 안목을 기를 수 있다. ", ,[],prof
32,시창·청음,"‘시창·청음’은 음악 활동의 기본이 되는 악보를 보고 부르는 독보 능력, 듣고 적는 능력, 듣고 분석하는 능력, 듣고 연주하는 능력을 기르고 음악의 초견력과 표현력을 신장시켜 연주와 창작 활동에서 창의력을 향상시키는 과목이다. ", ,[],prof
33,음악 전공 실기,‘음악 전공 실기’는 자신의 전공과 관련 있는 표현 활동을 통하여 다양한 기능을 익히고 심화시킬 수 있는 과목이다. 전공 지식과 기능을 전문적으로 학습함으로써 전문 음악가로서 활동하기 위한 능력과 자질을 기를 수 있다. , ,[],prof
34,합창,‘합창’은 여러 사람이 함께 노래함으로써 소리의 어울림과 균형을 경험하고 음악의 즐거움과 가치를 이해하여 창의적으로 표현할 수 있는 능력을 기르는 과목이다. ‘합창’을 통하여 음악을 조화롭게 표현함으로써 음악적 감성 역량 및 소통 역량과 문화적 공동체 역량을 함양한다. , ,[],prof
35,합주,‘합주’는 다양한 형태의 기악곡을 소리의 조화와 균형에 유의하여 연주함으로써 음악의 미적 가치를 인식하고 표현의 즐거움을 경험하는 과목이다. ‘합주’를 통하여 소리의 세계와 감정의 조화를 경험함으로써 음악적 감성 역량과 소통 역량을 함양한다., ,[],prof
36,공연 실습,"‘공연 실습’은 무대 연주를 통하여 연주자 및 공연자로서 악곡을 청중에게 효과적으로 전달하는 능력과 올바른 연주 자세를 기르는 과목이다. 또한 자신의 전공 분야 악곡을 연주하고 작품을 발표하는 것은 물론 다른 사람의 공연을 감상함으로써 개인의 실기 및 발표 능력을 향상시키고, 무대 활용 방법과 청중과의 소통 방법 등을 체험하여 전문 연주자로서 자질과 능력을 향상시키는 과목이다. ", ,[],prof
37,미술 이론,"‘미술 이론’은 미술 전공 실기 및 감상과 비평 활동에 바탕이 되는 제반 이론을 학습하는 과목으로서, 고등학교 예술 계열 미술 전문 과목 전체를 아우르는 개론적 성격을 지닌다. 미술 활동에서 직면하는 다양한 문제들에 대해 능동적이고 창의적으로 대처하기 위해서는 보편적이고 포괄적인 사고의 틀 안에서 분야별 기초 지식과 경험을 유연하게 조직하고 활용할 수 있는 능력이 필요하다. 이를 위해 ‘미술 이론’ 과목에서는 미술 작품의 창작과 감상 활동에서 필요한 핵심적인 내용 요소들을 체계적으로 이해하고 활용할 수 있는 능력을 기르는 것을 목적으로 한다. 주요 내용 영역은 ‘미술의 이해’, ‘조형론’, ‘비평론’으로 구성된다. 학습자는 ‘미술 이론’ 과목을 통해 미술의 여러 분야와 관련된 지식과 개념, 정보들을 다양한 미술 작품에 활용하고 해석할 수 있는 창의적 사고 능력과 융합 능력, 문제 해결 능력 등을 기를 수 있으며, 이와 같은 능력은 학습자 자신의 전공에 대한 이해의 폭을 넓히거나 심화하는 토대가 될 수 있다.", ,[],prof
38,미술사,"‘미술사’는 미술의 역사적 흐름과 배경 요인을 탐구하고, 이를 통해서 미술 작품의 가치와 의미를 주체적으로 분석하는 능력을 키우는 과목이다. 선사 시대로부터 현재에 이르기까지 미술은 시대와 지역에 따라서 다양하게 전개되어 왔으며, 미술 작품의 내용과 형식에는 창작의 주체인 미술가 뿐 아니라 사회 전반의 사고방식과 행동양식, 미적 감수성 등이 투영되어 있다. 따라서 미술의 역사적 변천 과정을 고찰하고 배경 요인을 분석함으로써 동시대의 미술과 문화에 대한 이해와 가치 판단 능력을 기를 수 있다. 생활 환경이 급속하게 변화하고 문화 교류가 활발하게 이루어지는 현대 사회에서는 문화적 감수성과 포용력, 시각적 문해력, 융합적 사고력을 함양하는 미술사 교육의 필요성이 더욱 증대되고 있다. ‘미술사’ 과목에서는 한국을 비롯하여 동양과 서양, 기타 다양한 문화권에서 형성되어 온 회화, 서예, 조소, 건축, 디자인, 공예 등 미술 분야 전반의 역사적 흐름과 시대별 특성, 배경 요인 등을 고찰한다. 그리고 분야별 주요 사례를 통해서 미술의 사회적 역할과 미적 가치를 성찰하며, 종교, 정치, 경제, 산업, 과학, 기술 등 사회 제반 분야와 미술사를 연계하여 탐구한다. 이와 같은 미술사적 지식과 탐구 방법은 학습자 자신의 전공에 대한 이해의 폭을 넓히거나 심화하는 데 토대가 된다. ", ,[],prof
39,드로잉,"‘드로잉’은 고등학교 예술 계열의 미술 전문 교과 과정에서 미술 실기의 기본이 되는 과목이다. 주로 선을 활용하여 사물의 형태나 심상의 세계 등을 표현하는 드로잉은 작품 제작의 발상과 설계 과정에서 필수적인 단계로 여겨져 왔으며, 회화, 조소, 건축, 디자인 등 미술의 제반 영역에서 폭넓게 활용된다. 또한 미술 뿐 아니라 다양한 학문과 일상생활의 영역에서 개념과 사고를 조직화하고 표현하는 수단으로 널리 쓰이고 있다.
‘드로잉’ 과목은 연필, 목탄, 콩테, 파스텔, 잉크, 먹 등 동서양의 전통적인 드로잉 재료를 비롯하여 컴퓨터 그래픽스 등 뉴 미디어에 이르기까지 다양한 재료와 용구를 활용하여 드로잉 기법을 이해하고 표현하는 활동으로 내용이 구성된다. 학습자는 목적과 형식에 따른 다양한 종류의 드로잉 기법들을 익히고 이를 활용하여 자신의 목적과 의도를 재현적, 비재현적 방법으로 표현하는 학습을 한다. 이를 통해서 조형 활동의 기본적인 기술을 연마하고, 이를 바탕으로 드로잉에 대한 다양한 경험을 쌓아 사물에 대한 재현적인 표현 능력과 내면에 대한 주관적인 표현 능력을 향상시켜 자신의 생각과 느낌을 창의적으로 표현할 수 있는 능력을 기른다. ", ,[],prof
40,평면 조형,"‘평면 조형’은 평면에서 이루어지는 표현 활동으로, 다양한 조형 요소와 원리의 시각적 효과를 이해하고 여러 가지 평면 재료와 용구, 기법을 활용하여 대상의 특징이나 자신의 생각을 표현하는 기초 과목이다. 평면 조형에 대한 탐구를 토대로 학습자 자신의 전공 실기에 대한 이해의 폭을 넓히거나 표현 능력을 심화하는 데 도움이 되도록 한다. 
  학습자는 ‘평면 조형’ 과목을 통해 대상에 대한 다양한 관찰과 묘사 능력을 키우고 대상이 지니는 아름다움과 가치를 느끼며, 더 나아가 상상력과 감수성을 발휘하여 주체적인 표현 능력을 개발한다. 또한 학습자는 표현 활동에서 나타날 수 있는 여러 가지 문제들을 능동적으로 해결하기 위하여 상징, 텍스트, 이미지 등 관련 정보와 자료의 의미를 올바르게 파악하고, 자신의 의도에 적합한 표현 방법과 매체를 선택하여 활용하는 훈련을 한다. 이를 위한 ‘평면 조형’ 과목의 주요 내용 요소는 동서양의 전통과 현대의 평면 조형 매체, 표현 기법과 활용 등이 된다. 이러한 평면 조형에 대한 이해와 표현 활동을 통하여 학습자 자신의 전공 실기 능력의 폭을 넓히거나 심화한다. ", ,[],prof
41,입체 조형,"‘입체 조형’은 3차원의 공간에서 이루어지는 표현 활동으로 다양한 조형 요소와 원리의 시각적, 촉각적 효과를 이해하고 입체 재료와 용구, 다양한 기법을 활용하여 대상의 특징이나 자신의 생각을 표현하는 기초 과목이다. 입체 조형에 대한 탐구를 토대로 학습자 자신의 전공 실기에 대한 이해의 폭을 넓히거나 표현 능력을 심화하는 데 도움이 되도록 한다. 
  학습자는 ‘입체 조형’ 과목을 통해 미적 감수성, 시각적 소통 능력, 창의‧융합 능력을 기를 수 있다. 이를 자세히 살펴보면 다음과 같다. 첫째, 공간 속 대상이 지니는 아름다움과 미적 가치를 느낌으로써 삶의 질적 향상과 행복을 창출할 수 있는 능력을 기를 수 있다. 둘째, 자신의 생각과 느낌을 3차원의 공간에 효과적으로 표현하고, 타인의 표현을 올바르게 이해하고 판단함으로써 서로 소통할 수 있는 능력을 기를 수 있다. 셋째, 미술 분야의 전문 지식과 소양을 토대로 자신이 학습하거나 경험한 다양한 현상을 융합하여 활용할 수 있는 표현 능력을 기를 수 있다. 이를 위한 ‘입체 도형’ 과목의 주요 내용 요소는 동서양의 전통과 현대의 입체 조형 매체, 표현 기법과 제작 과정 등이 된다. 이러한 입체 조형에 대한 이해와 표현 활동을 통하여 자신의 전공 실기 능력의 폭을 넓히거나 심화한다. ", ,[],prof
42,매체 미술,"‘매체 미술’ 과목은 현대 미술의 새로운 표현 수단으로 등장한 각종 매체를 활용한 미술의 개념과 성격을 이해하고 이를 활용한 창의적 표현 방법을 익히도록 하는 과목이다. 최근 과학･기술의 급속한 발전의 영향으로 뉴 미디어 기술이 다양하게 활용되고 있는 현대 미술의 특성을 고려할 때, 새로운 표현 기술과 방법을 통해서 미술의 영역을 확장하고 있는 매체 미술에 대한 학습의 필요성이 대두되고 있다. 일반적으로 매체 미술은 표현 매체의 유형이나 정보 처리 방식, 전달 및 소통 방식, 공간적 성격 등에 따라 사진, 디지털 영상, 애니메이션, 컴퓨터 그래픽스, 영화와 비디오, 홀로그램, 레이저 아트, 인터넷 아트 등으로 구분되고 있으며, 새로운 유형의 매체와 표현 기술이 끊임없이 개발됨에 따라 매체 미술의 종류와 특성 또한 계속 확장되고 있다. 
  ‘매체 미술’ 과목의 학습을 통해 학습자들은 새로운 미술 표현의 특성을 이해하고 현대 미술의 방향성을 가늠할 수 있으며, 매체 활용 능력, 융합적인 사고 능력, 문제 해결 능력을 기를 수 있다. 이를 자세히 살펴보면 다음과 같다. 첫째, 매체 미술의 종류에 따른 표현 방법을 익혀 다양한 영상 매체를 효과적으로 활용하여 의도에 맞게 표현할 수 있는 능력을 기를 수 있다. 둘째, 다양한 매체의 표현 원리를 파악하는 과정에서 과학 및기술 교과 등 다양한 학문의 영역을 아우르는 융합적 사고 능력을 기를 수 있다. 셋째, 표현 주제 및 대상에 대한 사고 전개 과정에서 다양한 정보와 적절한 매체를 효과적으로 활용하고 응용하는 문제 해결 능력을 기를 수 있다. 이 과목에서는 사진, 디지털 영상, 애니메이션 등의 표현 기법과 제작 과정 등이 주요 내용 요소가 된다. 이러한 매체 미술에 대한 이해와 표현 활동을 통하여 학습자 자신의 전공 실기 능력의 폭을 넓히거나 심화한다.", ,[],prof
43,미술 전공 실기,"‘미술 전공 실기’는 자신의 전공과 관련 있는 표현 활동을 통하여 여러 가지 표현 기법을 깊이 있게 익히고 탐색하는 과목이다. 나아가 표현 의도와 목적에 맞는 창작 활동과 작품 발표 및 포트폴리오와 미술 활동 보고서 등의 제작으로 미술에 대한 전문성을 길러 자신의 진로와 직업을 구체화하는 데 도움이 되도록 한다.
  미술 전공 실기는 자신의 전공과 관련된 여러 가지 표현 기법을 탐색하고 연마함으로써 전공 표현 능력과 진로 개발 능력을 길러준다. 또한 예술계 전문 교과의 ‘미술 이론’, ‘미술사’, ‘드로잉’, ‘평면 조형’, ‘입체 조형’, ‘매체 미술’ 등에서 학습하는 내용과 경험을 미술 전공 실기와 연계하여 활용함으로써 창의성과 전문성을 함양하는 데 목표를 둔다.
  미술 전공 실기는 전공별 표현 특성, 재료와 용구의 사용 방법, 표현 형식의 종류를 이해하고 여러 가지 현상 및 대상에 대한 표현 방법을 구체적으로 실습한다. 이를 토대로 학습자는 자신의 생각과 느낌을 효과적이고 창의적인 방식으로 표현하는 훈련을 통해서 미술 작품 제작의 전 과정을 주체적으로 수행하는 능력을 기른다. 학습자는 이러한 ‘미술 전공 실기’ 과목을 학습함으로써 자아 정체성을 확립하고 자신의 진로에 대한 구체적 계획을 세우며 개성 있는 표현 방법에 대해 자기 주도적으로 탐색하는 자율성과 문제 해결 능력을 기를 수 있다. 또한 학습자는 인문, 사회, 과학, 예술 등 타 분야와 연계한 전공 실기의 창작 활동을 통하여 융합적인 사고 능력과 창의적 표현 능력을 기를 수 있다.", ,[],prof
44,무용의 이해,"‘‘무용의 이해’는 무용의 본질, 역사, 유형 등의 이해를 통해 문화로서 무용의 가치를 이해하는 과목이다. 무용은 신체의 움직임을 통해 표현되지만 예술, 사회, 문화 등 다양한 차원에서 탐색되고 파악될 수 있다. 이 과목은 역사적 흐름 속에서 예술무용과 대중무용의 양식적 특징을 무용과 문화의 관계를 통해 이해하는 내용으로 구성되어 있다. 따라서 무용에 대한 기본적인 이해를 기반으로 무용을 문화로 이해하고 문화적 소양을 함양하는 데 효과적이다. 
  타 예술이나 문화에 대한 폭넓은 기초 지식과 무용에 대한 깊이 있는 지식을 바탕으로 독창적인 아이디어를 만들어 내고, 다양한 분야의 지식을 융합적으로 활용하는 과정을 통해 무용창의성, 무용관계성과 같은 과목의 역량을 계발하게 된다. 
  무용창의성은 새로운 무용 이미지를 만들고 가치를 부여하는 능력과 태도로 무용사고력(이해 능력, 분석 능력, 창의･융합 사고력 등), 무용태도(과제 집착성, 자기주도 학습 능력 등), 무용 작품 구성 능력, 심미적 감성 능력 등을 포함하는 능력이다. 무용관계성은 몸과 움직임을 통한 다양한 개체 및 타인과의 관계 구현 능력으로 관계 의식, 협업 능력, 배려와 수용 능력 등이 이에 해당되는 능력이다.", ,[],prof
45,무용과 몸,"‘무용과 몸’은 무용의 매체인 몸에 대한 이해를 기반으로 몸 이완 및 정렬의 원리와 방법을 익힘으로써 무용신체성을 강화하는 과목이다. 무용은 몸을 통해 자신의 생각이나 느낌을 표현한다. 표현의 매체가 몸이며 이에 대한 이해 및 기능의 개발이 무용에서 가장 기본적인 내용이라고 할 수 있다.
  이 과목을 통해 학습자들은 몸에 대한 이해를 기반으로 몸 이완 및 정렬의 원리와 방법을 익히게 되고, 무용하는 몸의 해부학적 변인(몸의 정렬 상태, 유연성, 평형성, 민첩성 등)과 지식을 이해하고 발전시키는 무용신체성을 향상시키게 된다. 또한 자신의 삶과 건강에 필요한 기초 능력 및 자질을 지속적으로 계발･관리하게 된다. ", ,[],prof
46,무용 기초 실기,"‘무용 기초 실기’는 학습자들이 실기 수업(한국무용, 발레, 현대무용, 재즈댄스, 댄스 스포츠, 힙합 등)을 통해 무용의 기본 원리에 대한 이해와 다양한 기본 동작을 익히는 과목이다. 이 과목에서 학습자들은 무용동작의 기본원리에 대한 이해를 바탕으로 세부 전공별 다양한 기본동작을 익히는 과정을 통해 움직임 감각을 계발하며 전공별 다양한 무용 기능을 수행할 수 있는 무용기술력을 신장시켜 무용표현력을 기른다. 이와 같은 과정을 통해 학습자들은 무용신체성, 무용동작성과 같은 과목의 역량을 계발하게 된다. 무용신체성은 무용하는 몸의 해부학적 변인(몸의 정렬 상태, 유연성, 평형성, 민첩성 등)과 지식을 이해하고 발전시키는 능력이다. 무용동작성은 무용기술의 정확한 수행 능력과 무용동작으로 생각과 느낌을 나타내는 능력으로 움직임 감각, 무용기술력, 무용표현력 등을 포함한다. ", ,[],prof
47,무용 전공 실기,"‘무용 전공 실기’는 전공(한국무용, 발레, 현대무용, 재즈댄스, 댄스 스포츠, 힙합 등)을 심화하고 전문성을 신장시킬 수 있는 실기 과목으로서 기본동작들을 응용하고 확장한다. 학습자들은 이 과목을 통해 세부 전공별로 다양한 기본동작을 응용하고 움직임 감각을 계발하며, 응용동작을 확장하고 작품 표현을 자유롭게 할 수 있게 된다. 이러한 학습 과정 속에서 세부 전공별 다양한 무용 기능을 수행할 수 있는 무용신체성과 무용동작성과 같은 과목의 역량을 계발하게 된다. 무용은 신체를 매개로 움직임을 통해 사상과 감정을 표현하는 예술이다. 따라서 무용에서 신체성과 동작성은 무용 교육에서 가장 기초가 되는 과목의 역량이다. 무용신체성은 무용하는 몸의 해부학적 변인과 모든 성질로서 몸의 정렬상태, 유연성, 평형성, 민첩성 등으로 구성되며, 무용동작성은 외부의 자극에 대하여 움직임으로 반응하는 성질인 움직임 감각과 무용기술의 정확한 수행능력인 무용기술력 그리고 무용동작으로 생각과 느낌을 나타내는 무용표현력으로 구성된다. 그러므로 ‘무용 전공 실기’는 무용신체성과 무용동작성을 심화시키는 성격을 갖고 있다. ", ,[],prof
48,무용 음악 실습,"‘무용 음악 실습’은 심미적 감성 능력에 기초하여 일상의 다양한 소리를 탐색하고 다양한 영역에 대한 폭넓은 기초 지식을 바탕으로 주제에 맞는 음악을 선택, 편집, 제작하는 활동을 통해 음악에 관한 정보 처리 능력과 음악을 움직임에 활용하는 능력을 신장시키는 실습 과목이다. 또한 이 과목은 무용 이미지를 만드는 무용사고력을 기반으로 소리를 탐색하고, 무용 작품에 맞는 음악을 선택, 편집, 제작하는 활동을 통해 심미적 감성 능력을 계발한다. 그러므로 다양한 정보와 자료를 수집, 분석, 평가, 선택하는 것과 관련된 무용창의성과, 관계를 통해 협업하고 문제를 해결하는 무용관계성과 같은 과목의 역량을 계발하게 된다.
  무용창의성은 새로운 무용 이미지를 만들고 가치를 부여하는 능력과 태도로 무용사고력(이해 능력, 분석 능력, 창의･융합 사고력 등), 무용태도(과제 집착성, 자기주도 학습 능력 등), 무용작품 구성 능력, 심미적 감성 능력 등을 포함하는 능력이다. 무용관계성은 몸과 움직임을 통한 다양한 개체 및 타인과의 관계 구현 능력으로 관계 의식, 협업 능력, 배려와 수용 능력 등이 이에 해당되는 능력이다. ", ,[],prof
49,안무,"‘안무’는 무용 동작을 다양한 방식으로 표현함으로써 창의･융합 사고 능력과 심미적 감성 능력을 개발하는 과목이다. 그러므로 본 과목을 통하여 학습자들은 무용의 가장 기본 원리인 동작을 표현하고 구성하는 방법을 익히게 되고, 즉흥을 통해 다양한 동작 탐색과 작품 구성의 방법을 경험하게 된다. 이와 같은 과정을 통해 학습자들은 무용창의성, 무용관계성과 같은 과목의 역량을 계발하게 된다.
  무용창의성은 새로운 무용 이미지를 만들고 가치를 부여하는 능력과 태도로 무용사고력(이해 능력, 분석 능력, 창의･융합 사고력 등), 무용태도(과제 집착성, 자기주도 학습 능력 등), 무용 작품 구성 능력, 심미적 감성 능력 등을 포함하는 능력이다. 무용관계성은 몸과 움직임을 통한 다양한 개체 및 타인과의 관계 구현 능력으로 관계 의식, 협업 능력, 배려와 수용 능력 등이 이에 해당되는 능력이다. ", ,[],prof
50,무용과 매체,"‘무용과 매체’는 미래 사회가 요구하는 정보 처리 능력과 매체를 통한 소통 능력을 신장시키는 과목이다. 매체의 기능과 역할, 선택과 활용 방법을 이해하고 매체를 통한 무용 이미지의 표현을 체험함으로써 매체의 활용 능력을 통한 무용창의성과 무용관계성을 신장시키는 성격을 갖는다. 
  이 과목은 다양한 매체의 기능과 역할 그리고 무용 이미지의 특징을 이해하고 다양한 매체를 통해 무용 이미지를 분석하고 표현하는 내용으로 구성되어 있다. 다양한 매체의 기능을 이해하고 활용하는 과정을 통해 무용의 관점에서 사고하고 다양한 정보를 활용하는 무용창의성과 타인과의 협업능력을 통해 문제를 해결하는 무용관계성과 같은 과목의 역량을 계발하게 된다. 무용창의성은 새로운 무용 이미지를 만들고 가치를 부여하는 능력과 태도로 무용사고력(이해 능력, 분석 능력, 창의･융합 사고력 등), 무용태도(과제 집착성, 자기주도 학습 능력 등), 무용 작품 구성 능력, 심미적 감성 능력 등을 포함하는 능력이다. 무용관계성은 몸과 움직임을 통한 다양한 개체 및 타인과의 관계 구현 능력으로 관계 의식, 협업 능력, 배려와 수용 능력 등이 이에 해당되는 능력이다. ", ,[],prof
51,무용 감상과 비평,"‘무용 감상과 비평’은 무용을 해석하고 평가하는 과정을 통해 감상과 비평 능력을 신장시키는 과목으로, 감상과 비평의 개념을 기초로 감상과 비평의 방법을 이해하고, 그 실제를 경험하는 내용으로 구성되어 있다. 이 과목은 다양한 무용작품의 읽기와 보기, 쓰기를 통해 무용의 의미와 가치를 다양한 측면에서 찾아낼 수 있는 능력을 길러주며, 다양한 무용 작품을 감상하고 분석하는 과정을 통해 무용의 관점에서 사회를 이해하고 분석하는 무용창의성과 같은 과목의 역량을 계발하게 된다. 무용창의성은 새로운 무용 이미지를 만들고 가치를 부여하는 능력과 태도로 무용사고력(이해 능력, 분석 능력, 창의･융합 사고력 등), 무용태도(과제 집착성, 자기주도 학습 능력 등), 무용 작품 구성 능력, 심미적 감성 능력 등을 포함하는 능력이다.", ,[],prof
52,문예 창작 입문,"‘문예 창작 입문’은 문예 창작의 본질과 기본적인 표현 원리에 대하여 탐구하는 과목이다. 학습자는 문예 창작의 본질과 이론 및 기초적인 표현 방법을 학습하여 문예 창작에 대한 흥미와 호기심을 기른다. 그리고 자아에 대한 인식을 통해 삶이 어떻게 문학이 되어가는 지에 대해 진지하게 성찰할 수 있다. 또한, 문학을 매개로 독자와 소통하는 기본적인 창작 원리를 습득함으로써 문학 작품 창작의 기본 소양을 다지고, 삶에 대한 관찰과 삶의 가치에 대한 깊이 있는 성찰을 바탕으로 문학 작품을 창작하기 위한 작가 정신을 기른다. 이를 통해 창의적 발상 능력, 문학적 감수성, 문학적 표현 능력, 개성적 표현 능력, 문학적 매체 융합 능력과 같은 과목의 역량을 계발하게 된다. 창의적 발상 능력은 일상적 경험 또는 상상을 작가의 개성과 창의성을 바탕으로 새롭게 구성할 수 있는 능력이다. 문학적 감수성은 문학 작품을 감상, 비평하거나 창작하는 과정에서 작가가 자아와 세계에 대한 관찰과 사유를 통해 얻는 정서적 반응이다. 문학적 표현 능력은 일상어를 문학 언어의 특성에 대한 이해를 바탕으로 미적･함축적 언어로 변용하여 표현할 수 있는 능력이다. 개성적 표현 능력은 일상에 대한 색다른 시각과 독창적 상상력을 바탕으로 자신의 생각과 정서를 개성 있게 표현할 수 있는 능력이다. 문학적 매체 융합 능력은 문자 매체, 공연･영상 매체, 조형 매체 등 다양한 매체의 특성을 이해하고 이를 바탕으로 문학적 글쓰기에 활용할 수 있는 능력이다.", ,[],prof
53,문학 개론,"‘문학 개론’은 문학의 본질과 문학의 기본 개념에 대한 탐구를 바탕으로 구체적인 문학 작품을 감상하고 바람직한 문학관을 수립하는 과목이다. 문학의 본질, 문학과 삶의 관계에 대해 깊이 있게 탐구하여 학습자는 문학에 대한 흥미와 호기심을 기르고, 삶이 언제 문학과 조응하는가에 대해 성찰한다. 또한 문학의 본질과 문학 향유의 원리에 대하여 심층적으로 탐구함으로써 바람직한 문학관을 수립한다. 이를 통해 문학적 감수성, 문학 텍스트 향유 능력, 문학적 매체 융합 능력과 같은 과목의 역량을 계발하게 된다. 문학적 감수성은 문학 작품을 감상, 비평하거나 창작하는 과정에서 작가가 자아와 세계에 대한 관찰과 사유를 통해 얻는 정서적 반응이다. 문학 텍스트 향유 능력은 문학 텍스트를 시대의 문학적 관습과 언어적 관습, 사회적 배경, 미적 특질 등과 관련지어 자신의 언어로 재해석하는 능력이다. 문학적 매체 융합 능력은 문자 매체, 공연･영상 매체, 조형 매체 등 다양한 매체의 특성을 이해하고 이를 바탕으로 문학적 글쓰기에 활용할 수 있는 능력이다.", ,[],prof
54,문장론,"‘문장론’은 효과적인 문장의 진술 및 표현 방법에 대한 탐구를 바탕으로 자신의 상상력을 보다 긴밀하고 효과적으로 표현하는 방법을 학습하는 과목이다. 학습자는 개성적인 문체에 대한 탐색의 과정을 통하여 문장 표현에 대한 흥미와 호기심을 높이고, 자신의 생각과 감정, 상상력을 효과적으로 전달할 수 있는 기초적인 문장력을 기른다. 이를 통해 창의적 발상 능력, 문학적 감수성, 문학적 표현 능력, 개성적 표현 능력과 같은 과목의 역량을 계발하게 된다.
창의적 발상 능력은 일상적 경험 또는 상상을 작가의 개성과 창의성을 바탕으로 새롭게 구성할 수 있는 능력이다. 문학적 감수성은 문학 작품을 감상, 비평하거나 창작하는 과정에서 작가가 자아와 세계에 대한 관찰과 사유를 통해 얻는 정서적 반응이다. 문학적 표현 능력은 일상어를 문학 언어의 특성에 대한 이해를 바탕으로 보다 미적･함축적인 언어로 변용하여 표현할 수 있는 능력이다.", ,[],prof
55,문학과 매체,"‘문학과 매체’는 문학과 다양한 매체와의 상호 작용에 대한 탐구를 통해 새로운 매체와 문학의 결합을 시도하는 과목이다. 학습자는 문학과 매체의 관계에 대한 폭넓은 탐구를 통해 문학의 본질에 대한 자유로운 논의를 하고, 이를 바탕으로 문학의 다양한 확장 가능성을 탐색한다. 이를 통해 창의적 발상 능력, 문학적 감수성, 문학적 표현 능력, 개성적 표현 능력, 문학적 매체 융합 능력과 같은 과목의 역량을 계발하게 된다.
  창의적 발상 능력은 일상적 경험 또는 상상을 작가의 개성과 창의성을 바탕으로 새롭게 구성할 수 있는 능력이다. 문학적 감수성은 문학 작품을 감상, 비평하거나 창작하는 과정에서 작가가 자아와 세계에 대한 관찰과 사유를 통해 얻는 정서적 반응이다. 문학적 표현 능력은 일상어를 문학 언어의 특성에 대한 이해를 바탕으로 보다 미적･함축적 언어로 변용하여 표현할 수 있는 능력이다. 개성적 표현 능력은 일상에 대한 색다른 시각과 독창적 상상력을 바탕으로 자신의 생각과 정서를 개성 있게 표현할 수 있는 능력이다. 문학적 매체 융합 능력은 문자 매체, 공연･영상 매체, 조형 매체 등 다양한 매체의 특성을 이해하고 이를 바탕으로 문학적 글쓰기에 활용할 수 있는 능력이다.", ,[],prof
56,고전문학 감상,"‘고전문학 감상’은 고전문학 작품에 담겨 있는 보편적 가치에 대한 탐구를 바탕으로 고전문학을 수용하고 현대적 변용의 가능성을 탐색하는 과목이다. 학습자는 고전문학의 특질과 가치, 역사적 전개에 대한 탐구를 통하여 고전문학에 대한 흥미와 호기심을 기르고, 구체적 고전문학 작품의 감상과 비평을 통해 시대를 아우르는 문학적 보편성을 통찰하고 문학적 감수성을 기른다. 이를 통해 문학적 감수성, 문학 텍스트 향유 능력과 같은 과목의 역량을 계발하게 된다.
  문학적 감수성은 문학 작품을 감상, 비평하거나 창작하는 과정에서 작가가 자아와 세계에 대한 관찰과 사유를 통해 얻는 정서적 반응이다. 문학 텍스트 향유 능력은 문학 텍스트를 시대의 문학적 관습과 언어적 관습, 사회적 배경, 미적 특질 등과 관련지어 자신의 언어로 재해석하는 능력이다.", ,[],prof
57,현대문학 감상,"‘현대문학 감상’은 현대문학 작품에 담겨 있는 갈래별 특징을 고찰하고 고전문학, 세계문학과의 관련성 등에 대하여 탐색하는 과목이다. 학습자는 현대문학의 특징과 흐름에 대한 탐구를 통하여 현대문학에 대한 흥미와 호기심을 기르고, 구체적 현대문학 작품의 감상과 비평을 통해 현대문학의 바탕에 깔린 규범을 수용하고 현 시대를 아우르는 문학적 감수성을 기른다. 이를 통해 문학적 감수성, 문학 텍스트 향유 능력과 같은 과목의 역량을 계발하게 된다.
  문학적 감수성은 문학 작품을 감상, 비평하거나 창작하는 과정에서 작가가 자아와 세계에 대한 관찰과 사유를 통해 얻는 정서적 반응이다. 문학 텍스트 향유 능력은 문학 텍스트를 시대의 문학적 관습과 언어적 관습, 사회적 배경, 미적 특질 등과 관련지어 자신의 언어로 재해석하는 능력이다. ", ,[],prof
58,시 창작,"‘시 창작’은 운율, 이미지, 화자 등 시의 주요 요소에 대한 탐구를 바탕으로 자기의 체험과 상상을 시 언어로 표현하는 과목이다. 학습자는 시의 구성 요소를 중심으로 시 창작 과정에 대한 이해와 탐색을 통하여 시 창작에 대한 전문성을 기르고, 이를 바탕으로 자아와 세계 탐색의 과정으로서 시를 창작하는 소양을 쌓는다. 이를 통해 창의적 발상 능력, 문학적 감수성, 문학적 표현 능력, 개성적 표현 능력과 같은 과목의 역량을 계발하게 된다.
  창의적 발상 능력은 일상적 경험 또는 상상을 작가의 개성과 창의성을 바탕으로 새롭게 구성할 수 있는 능력이다. 문학적 감수성은 문학 작품을 감상, 비평하거나 창작하는 과정에서 작가가 자아와 세계에 대한 관찰과 사유를 통해 얻는 정서적 반응이다. 문학적 표현 능력은 일상어를 문학 언어의 특성에 대한 이해를 바탕으로 보다 미적･함축적 언어로 변용하여 표현할 수 있는 능력이다. 개성적 표현 능력은 일상에 대한 색다른 시각과 독창적 상상력을 바탕으로 자신의 생각과 정서를 개성 있게 표현할 수 있는 능력이다.", ,[],prof
59,소설 창작,"‘소설 창작’은 플롯, 시점과 서술 등 소설의 주요 요소에 대한 탐구를 바탕으로 자기의 체험과 상상을 소설 언어로 표현하는 과목이다. 학습자는 소설 창작 과정에 대한 이해와 탐색을 통하여 소설 창작에 대한 전문성을 기르고, 이를 바탕으로 자아와 세계 탐색의 과정으로서 소설을 창작하는 소양을 쌓는다. 이를 통해 창의적 발상 능력, 문학적 감수성, 문학적 표현 능력, 개성적 표현 능력과 같은 과목의 역량을 계발하게 된다.
  창의적 발상 능력은 일상적 경험 또는 상상을 작가의 개성과 창의성을 바탕으로 새롭게 구성할 수 있는 능력이다. 문학적 감수성은 문학 작품을 감상, 비평하거나 창작하는 과정에서 작가가 자아와 세계에 대한 관찰과 사유를 통해 얻는 정서적 반응이다. 문학적 표현 능력은 일상어를 문학 언어의 특성에 대한 이해를 바탕으로 보다 미적･함축적 언어로 변용하여 표현할 수 있는 능력이다. 개성적 표현 능력은 일상에 대한 색다른 시각과 독창적 상상력을 바탕으로 자신의 생각과 정서를 개성 있게 표현할 수 있는 능력이다.", ,[],prof
60,극 창작,"‘극 창작’은 극적 사건, 대사, 지문, 해설 등 극문학의 주요 요소에 대한 탐구를 바탕으로 자기의 체험과 상상을 극문학으로 표현하는 과목이다. 학습자는 극문학 창작 과정에 대한 이해와 탐색을 통하여 극문학 창작에 대한 전문성을 기르고, 이를 바탕으로 자아와 세계 탐색의 과정으로서 극문학을 창작하는 소양을 쌓는다. 이를 통해 창의적 발상 능력, 문학적 감수성, 문학적 표현 능력, 개성적 표현 능력과 같은 과목의 역량을 계발하게 된다.
  창의적 발상 능력은 일상적 경험 또는 상상을 작가의 개성과 창의성을 바탕으로 새롭게 구성할 수 있는 능력이다. 문학적 감수성은 문학 작품을 감상, 비평하거나 창작하는 과정에서 작가가 자아와 세계에 대한 관찰과 사유를 통해 얻는 정서적 반응이다. 문학적 표현 능력은 일상어를 문학 언어의 특성에 대한 이해를 바탕으로 보다 미적･함축적 언어로 변용하여 표현할 수 있는 능력이다. 개성적 표현 능력은 일상에 대한 색다른 시각과 독창적 상상력을 바탕으로 자신의 생각과 정서를 개성 있게 표현할 수 있는 능력이다. ", ,[],prof
61,연극의 이해,"‘연극의 이해’는 연극 예술에 대한 올바른 이해의 길을 제시하기 위한 과목이다. 연극은 인간으로 하여금 그 인간과 사회에 대해 제대로 이해하고 올바른 태도를 갖도록 해주는 예술이다. 이 과목에서 학습자들은 연극이 여러 예술 장르가 만나는 종합 예술이며, 많은 분야의 사람들이 함께 작품을 만드는 협동 예술이고, 또한 관객과 만남으로써 완성되는 소통의 예술임을 알게 된다. 그리고 연극의 본질과 효능, 연극의 구성 요소, 연극의 종류와 양식에 따른 연극의 흐름을 학습함으로써 공연 예술로서 연극의 과거와 현재는 물론 미래의 동향을 이해한다. 이 과정을 통해 학습자들은 연극적 분석력, 사회성과 같은 과목의 역량을 계발하게 된다. 연극적 분석력은 연극 관련 모든 활동의 기초가 되는 능력으로 참여자와 관찰자의 입장으로 나누어 볼 수 있다. 참여자 입장의 연극적 분석력은 주어진 텍스트의 주제와 이미지를 논리적으로 찾아내고, 작품과 관련된 정보를 효과적으로 수집하고 조사하여 예술적으로 활용함으로써 계발되는 것이다. 관찰자 입장의 연극적 분석력은 예술가들이 창조한 이미지화된 무대 위의 언어를 자신의 예술적 기준으로 평가하고 분석함으로써 계발되는 것이다. 그리고 사회성은 연극을 통해 인간과 사회에 대한 깊은 이해와 통찰의 기회를 갖고, 자아를 성찰하며, 자신의 진로를 찾고, 연극의 활동에 필요한 기초적인 능력 및 자질을 자기 주도적이고 지속적으로 계발하는 능력이다. 또한 사회성은 제작의 체계를 구축하고 제작에 필요한 인적 자원을 구성한 뒤 각기 다른 분야의 스태프들이 서로 유기적이고 체계적으로 협력하여 하나의 연극을 위해 공동 작업을 수행하는 능력이며, 동료들과 작품에 필요한 지식과 정보를 공유하고 공동 창작활동에 필요한 예절 및 관객과 사회에 대한 사회적 책무를 수용할 수 있는 능력을 의미한다.", ,[],prof
62,연기,"‘연기’는 연기의 개념을 이해하고 연기에 필요한 언어와 신체의 표현, 대본 분석 등의 훈련을 통하여 창의적인 표현력을 기르고, 이를 바탕으로 무대와 영상을 포함한 다양한 환경에서 연기할 수 있도록 연기력을 키우는 과목이다. 연기는 극에서 배우가 맡은 배역의 행동이나 성격을 창조하여 나타내는 일 또는 그 기술이다. 자연스런 연기를 위해서 학습자는 다양하고 풍부한 느낌, 정확한 표현이 가능한 목소리와 신체를 지니도록 늘 노력해야 하고, 객관적이고 구체적인 분석 능력도 갖추어야 한다. 이 과정을 통해 학습자들은 연극적 분석력, 연극적 표현력, 사회성, 공감각적 융합 능력과 같은 과목의 역량을 계발하게 된다. 연극적 분석력은 연극 관련 모든 활동의 기초가 되는 능력으로 참여자와 관찰자의 입장으로 나누어 볼 수 있다. 참여자 입장의 연극적 분석력은 주어진 텍스트의 주제와 이미지를 논리적으로 찾아내고, 작품과 관련된 정보를 효과적으로 수집하고 조사하여 예술적으로 활용함으로써 계발되는 것이다. 관찰자 입장의 연극적 분석력은 예술가들이 창조한 이미지화된 무대 위의 언어를 자신의 예술적 기준으로 평가하고 분석함으로써 계발되는 것이다. 그리고 연극적 표현력은 대본(혹은 텍스트)에 대한 분석을 바탕으로 섬세하고 다양하게 구성하여 창의적이고 예술적으로 표현함으로써 계발된다. 배우는 평소 엄격한 자기관리와 다양한 연기 훈련을 하여 분석의 결과로 드러난 의미와 정서를 자신의 몸과 말로 표현할 수 있어야 하고, 스태프들은 그에 합당한 시･청각적 이미지들을 무대 위에 형상화해야 한다. 이러한 연극적 표현력은 여러 예술분야 참여자들 간의 교감을 통해 관객들과 소통할 수 있도록 해야 한다. 사회성은 연극을 통해 인간과 사회에 대한 깊은 이해와 통찰의 기회를 갖고, 자아를 성찰하며, 자신의 진로를 찾고, 연극의 활동에 필요한 기초적인 능력 및 자질을 자기 주도적이고 지속적으로 계발하는 능력이다. 또한 사회성은 제작의 체계를 구축하고 제작에 필요한 인적 자원을 구성한 뒤 각기 다른 분야의 스태프들이 서로 유기적이고 체계적으로 협력하여 하나의 연극을 위해 공동 작업을 수행하는 능력이며, 동료들과 작품에 필요한 지식과 정보를 공유하고 공동 창작활동에 필요한 예절 및 관객과 사회에 대한 사회적 책무를 수용할 수 있는 능력을 의미한다. 공감각적 융합 능력은 글로 쓰인 텍스트를 시･청각적 요소를 활용하여 서로 효과적으로 결합하고 여기에 예술적 생명력을 불어 넣는 능력이다. 이에 있어 연극의 종합 예술적 특성을 이해해야 하며, 배우의 연기와 각 분야별 시청각적 요소들의 효과적인 결합을 탐구하며 여러 분야의 지식과 기술을 융합하여 예술적으로 표현해야 한다.", ,[],prof
63,무대기술,"‘무대기술’은 희곡 작품을 무대 형상화 하는 데 필요한 무대장치, 무대조명, 무대음향, 무대의상, 무대분장 등의 특성과 기능을 이해하고, 실제 연극 제작에 필요한 각 분야의 디자인 능력과 활용 기술을 향상시키는 과목이다. 연극 공연은 여려 분야의 전문 예술가들이 무대 형상화라는 공동의 목표를 두고 연출가와의 유기적 조화로 이루어 내는 ‘창조의 작업’ 이다. 무대장치, 무대조명, 무대음향, 무대의상, 무대분장 등 각 분야의 예술가들은 희곡을 무대 형상화하는 데 있어서 작품의 이미지를 극대화할 수 있도록 각기 특성을 살려 조력하여야 하고, 이 과정에서 연출가의 의도를 충분히 이해하고 통일성이 있는 작품이 되도록 다른 분야의 전문 예술가와 원활하게 협력을 한다. 이 과정을 통해 학습자들은 연극적 분석력, 연극적 표현력, 사회성, 공감각적 융합 능력과 같은 과목의 역량을 계발하게 된다. 연극적 분석력은 연극 관련 모든 활동의 기초가 되는 능력으로 참여자와 관찰자의 입장으로 나누어 볼 수 있다. 참여자 입장의 연극적 분석력은 주어진 텍스트의 주제와 이미지를 논리적으로 찾아내고, 작품과 관련된 정보를 효과적으로 수집하고 조사하여 예술적으로 활용함으로써 계발되는 것이다. 관찰자 입장의 연극적 분석력은 예술가들이 창조한 이미지화된 무대 위의 언어를 자신의 예술적 기준으로 평가하고 분석함으로써 계발되는 것이다. 연극적 표현력은 대본(혹은 텍스트)에 대한 분석을 바탕으로 섬세하고 다양하게 구성하여 창의적이고 예술적으로 표현함으로써 계발된다. 배우는 평소 엄격한 자기 관리와 다양한 연기 훈련을 하여 분석의 결과로 드러난 의미와 정서를 자신의 몸과 말로 표현할 수 있어야 하고, 스태프들은 그에 합당한 시･청각적 이미지들을 무대 위에 형상화해야 한다. 이러한 연극적 표현력은 여러 예술 분야 참여자들 간의 교감을 통해 관객들과 소통할 수 있도록 해야 한다. 그리고 사회성은 연극을 통해 인간과 사회에 대한 깊은 이해와 통찰의 기회를 갖고, 자아를 성찰하며, 자신의 진로를 찾고, 연극의 활동에 필요한 기초적인 능력 및 자질을 자기 주도적이고 지속적으로 계발하는 능력이다. 또한 사회성은 제작의 체계를 구축하고 제작에 필요한 인적 자원을 구성한 뒤 각기 다른 분야의 스태프들이 서로 유기적이고 체계적으로 협력하여 하나의 연극을 위해 공동 작업을 수행하는 능력이며, 동료들과 작품에 필요한 지식과 정보를 공유하고 공동 창작활동에 필요한 예절 및 관객과 사회에 대한 사회적 책무를 수용할 수 있는 능력을 의미한다. 공감각적 융합 능력은 글로 쓰인 텍스트를 시･청각적 요소를 활용하여 서로 효과적으로 결합하고 여기에 예술적 생명력을 불어 넣는 능력이다. 이에 있어 연극의 종합 예술적 특성을 이해해야 하며, 배우의 연기와 각 분야별 시청각적 요소들의 효과적인 결합을 탐구하면서 여러 분야의 지식과 기술을 융합하여 예술적으로 표현해야 한다.", ,[],prof
64,연극 제작 실습,"‘연극 제작 실습’은 ‘연극의 이해’, ‘연기’, ‘무대기술’과 연계되어 연극 제작의 전 과정을 이해하고, 이를 실제적으로 경험함으로써 연극 제작에 필요한 능력을 기르는 과목이다. 연극 제작은 기획, 희곡 결정, 스태프 구성, 캐스팅, 연습, 스태프 작업, 공연, 평가의 단계로 이루어진다. 연극 제작은 각 분야의 예술가들이 협업하고, 다양한 예술 요소들을 융합하여 하나의 연극 작품으로 완성하는 과정이다. 이 과정을 통해 학습자들은 연극적 분석력, 연극적 표현력, 사회성, 공감각적 융합 능력과 같은 과목의 역량을 계발하게 된다. 
연극적 분석력은 연극 관련 모든 활동의 기초가 되는 능력으로 참여자와 관찰자의 입장으로 나누어 볼 수 있다. 참여자 입장의 연극적 분석력은 주어진 텍스트의 주제와 이미지를 논리적으로 찾아내고, 작품과 관련된 정보를 효과적으로 수집하고 조사하여 예술적으로 활용함으로써 계발되는 것이다. 관찰자 입장의 연극적 분석력은 예술가들이 창조한 이미지화된 무대 위의 언어를 자신의 예술적 기준으로 평가하고 분석함으로써 계발되는 것이다. 연극적 표현력은 대본(혹은 텍스트)에 대한 분석을 바탕으로 섬세하고 다양하게 구성하여 창의적이고 예술적으로 표현함으로써 계발된다. 배우는 평소 엄격한 자기관리와 다양한 연기 훈련을 하여 분석의 결과로 드러난 의미와 정서를 자신의 몸과 말로 표현할 수 있어야 하고, 스태프들은 그에 합당한 시청각적 이미지들을 무대 위에 형상화해야 한다. 이러한 연극적 표현력은 여러 예술분야 참여자들 간의 교감을 통해 관객들과 소통할 수 있도록 해야 한다. 그리고 사회성은 연극을 통해 인간과 사회에 대한 깊은 이해와 통찰의 기회를 갖고, 자아를 성찰하며, 자신의 진로를 찾고, 연극의 활동에 필요한 기초적인 능력 및 자질을 자기 주도적이고 지속적으로 계발하는 능력이다. 또한 사회성은 제작의 체계를 구축하고 제작에 필요한 인적 자원을 구성한 뒤 각기 다른 분야의 스태프들이 서로 유기적이고 체계적으로 협력하여 하나의 연극을 위해 공동 작업을 수행하는 능력이며, 동료들과 작품에 필요한 지식과 정보를 공유하고 공동 창작활동에 필요한 예절 및 관객과 사회에 대한 사회적 책무를 수용할 수 있는 능력을 의미한다. 공감각적 융합 능력은 글로 쓰인 텍스트를 시청각적 요소를 활용하여 서로 효과적으로 결합하고 여기에 예술적 생명력을 불어 넣는 능력이다. 이에 있어 연극의 종합 예술적 특성을 이해해야 하며, 배우의 연기와 각 분야별 시청각적 요소들의 효과적인 결합을 탐구하면서 여러 분야의 지식과 기술을 융합하여 예술적으로 표현해야 한다.", ,[],prof
65,연극 감상과 비평,"‘연극 감상과 비평’은 연극 작품을 다양하게 감상하면서 적절히 평가할 수 있는 방법을 배워 비평하는 과목이다. 연극 감상은 일반적으로 공연을 보고 느끼고 향유하는 가운데 그 가치를 평가 하는 것이며, 연극 비평은 이러한 과정 속에서 희곡, 연출, 연기, 무대, 음악, 미술, 관객 등 무대에서 일어나는 모든 예술 형태에 대한 기본적인 이해와 비평적 사고능력과 미적 경험을 바탕으로 연극 언어를 이용하여 정교하게 비평하는 과정이다. 학습자는 다양한 종류와 양식의 연극 작품을 감상하고 비평하도록 함으로써, 다른 장르의 예술과 비교되는 연극의 특성과 표현 방식을 폭넓게 이해하고, 그 사회적･역사적 가치를 능동적으로 찾아낼 수 있다. 이 과정을 통해 학습자들은 연극적 분석력, 사회성과 같은 핵심역량을 계발하게 된다. 
  연극적 분석력은 연극 관련 모든 활동의 기초가 되는 능력으로 참여자와 관찰자의 입장으로 나누어 볼 수 있다. 참여자 입장의 연극적 분석력은 주어진 텍스트의 주제와 이미지를 논리적으로 찾아내고, 작품과 관련된 정보를 효과적으로 수집하고 조사하여 예술적으로 활용함으로써 계발되는 것이다. 관찰자 입장의 연극적 분석력은 예술가들이 창조한 이미지화된 무대 위의 언어를 자신의 예술적 기준으로 평가하고 분석함으로써 계발되는 것이다. 그리고 사회성은 연극을 통해 인간과 사회에 대한 깊은 이해와 통찰의 기회를 갖고, 자아를 성찰하며, 자신의 진로를 찾고, 연극의 활동에 필요한 기초적인 능력 및 자질을 자기 주도적이고 지속적으로 계발하는 능력이다. 또한 사회성은 제작의 체계를 구축하고 제작에 필요한 인적 자원을 구성한 뒤 각기 다른 분야의 스태프들이 서로 유기적이고 체계적으로 협력하여 하나의 연극을 위해 공동 작업을 수행하는 능력이며, 동료들과 작품에 필요한 지식과 정보를 공유하고 공동 창작활동에 필요한 예절 및 관객과 사회에 대한 사회적 책무를 수용할 수 있는 능력을 의미한다.", ,[],prof
66,영화의 이해,"‘영화의 이해’는 영화의 기초적인 이론과 역사를 통해 영화의 본질을 이해하고 영화 창작과 이론 학습의 기틀을 마련하는 과목이다. 이 과목에서는 영화의 특성과 구성 요소의 구체적인 내용을 통해 영화가 가진 고유한 예술적 특성과 미학적 특성을 파악하고 세계 영화와 한국 영화의 흐름을 통해서 영화의 기술적인 발전과 영화와 인간, 역사, 사회가 어떻게 상호작용하여 왔는가를 이해하도록 한다. 이와 같이 ‘영화의 이해’ 탐구 과정에서 학습자들은 창의적 사고 능력, 분석력, 예술적 상상력과 같은 과목의 역량을 계발하게 된다. 
  창의적 사고 능력은 해당 분야의 전문 지식을 토대로 살펴본 여러 현상을 다양하게 해석하고 이를 또 다른 현상들에 활용할 수 있는 능력이다. 분석력은 정보와 자료를 수집, 분석, 평가함으로써 자료와 정보에 내재된 의미를 올바르게 파악하고 이를 바탕으로 합리적으로 문제를 해결하고 판단할 수 있는 능력이다. 예술적 상상력은 다양한 시선으로 현상을 이해하고, 깊이 있는 성찰과 창의적인 상상력으로 우리의 삶이나 실제로 존재하지 않는 사람들의 판타지를 표현해 낼 수 있는 능력이다.", ,[],prof
67,영화기술,"‘영화기술’은 영화 제작에 필요한 기초 이론과 영화 제작 기술을 학습하여 작품을 만들 수 있는 능력을 기르는 과목이다. 영화 제작을 위한 기본 분야에 대한 기술적 이해와 실습이 과목의 기본 골격을 이루고 있으며 영화 제작을 위한 기술적 이해뿐만 아니라, 미학적 측면까지의 이해를 고려한 학습이 이루어져야 한다. 이와 같이 ‘영화기술’ 탐구 과정에서 학습자들은 창의적 사고 능력, 소통 능력, 예술적 상상력과 같은 과목의 역량을 계발하게 된다. 
  창의적 사고 능력은 해당 분야의 전문 지식을 토대로 예술적 측면의 능력과 기술 공학적 측면의 능력을 융합하고 또 다른 현상들에 활용할 수 있는 능력이다. 소통 능력은 자신의 느낌을 효과적으로 표현하고 각각의 영역에서 제시되는 문제들을 같이 이해하고 해결할 수 있도록 하는 능력이다. 예술적 상상력은 다양한 시선으로 현상을 이해하고 깊이 있는 성찰과 창의적인 상상력으로 우리의 삶이나 실제로 존재하지 않는 사람들의 판타지를 표현해 낼 수 있는 능력이다.", ,[],prof
68,시나리오,"‘시나리오’는 영화 제작의 가장 기초가 되는 시나리오에 대해 학습함으로써 영상으로 나타내고자 하는 아이디어를 시나리오로 구체화하여 표현하는 능력을 기르는 과목이다. 이 과목에서는 시나리오에 대해 이해하고 시나리오를 창작하는 것을 기본 골격으로 하고 있으며, 시나리오를 읽고 분석할 수 있는 능력을 기르고 작품을 시각화할 수 있는 토대를 마련하여, 아이디어를 시나리오로 구체화할 수 있도록 한다. 이와 같은 시나리오 탐구 과정에서 학생들은 창의적 사고 능력, 문제 해결 능력, 예술적 상상력과 같은 과목의 역량을 계발하게 된다. 
  창의적 사고 능력은 시나리오 분야의 전문 지식을 토대로 사회의 다양한 현상이나 주변의 이야기 등을 다양하게 해석하고 이를 활용하여 시나리오의 형태로 풀어낼 수 있는 능력이다. 예술적 상상력은 다양한 시선으로 현상을 이해하고 깊이 있는 성찰과 창의적인 상상력으로 우리의 삶이나 실제로 존재하지 않는 사람들의 판타지를 표현해 낼 수 있는 능력이다. 문제 해결 능력은 시나리오의 창작 단계에서 지속적으로 발생하는 수정 작업에서 정보에 대한 분석과 비교, 토론을 통해 효과적으로 문제를 해결할 수 있는 능력이다.", ,[],prof
69,영화 제작 실습,"‘영화 제작 실습’은 종합 예술이라 할 수 있는 영화를 제작하는 전반적인 과정을 경험하는 것으로써 사전 제작 단계, 제작 단계, 후반 제작 단계 등 각 단계에서 요구되는 능력을 기르는 과목이다. 학생은 영화 제작 각 단계별로 영화 제작을 체험하고 실습하는데, 영화의 각 교과에서 학습한 기본적인 요소들을 바탕으로 작품을 제작하기 위해 필요한 다양한 능력을 체험하고 학습한다. 이와 같은 ‘영화 제작 실습’ 탐구 과정에서 학생들은 창의적 사고 능력, 협업 능력, 예술적 상상력, 자기 관리 능력, 소통 능력과 같은 과목의 역량을 계발하게 된다. 
  창의적 사고 능력은 한 편의 영화 제작과 관련된 분야의 전문 지식을 토대로 다양한 사회 현상과 이야기들을 다양하게 해석하고, 이를 영화제작을 위한 아이디어로 활용할 수 있는 능력이다. 예술적 상상력은 깊이 있는 성찰과 창의적인 상상력으로 우리의 삶이나 실제로 존재하지 않는 사람들의 판타지를 표현해 낼 수 있는 능력이다. 소통 능력은 협업 능력과 함께 영화제작 현장에서 특별히 요구되는 부분으로서 자신의 느낌을 효과적으로 표현하고 각각의 영역에서 제시되는 문제들을 같이 이해하고 해결할 수 있도록 하는 능력이다. 협업 능력은 공동에 대한 책임감뿐만 아니라 조직 전체의 협력을 이끌어 내어 상호 작용하도록 하는 능력이다. 자기 관리 능력은 마지막 단계까지 최선을 다하겠다는 스스로의 다짐과 자신에 대한 격려를 통해 자신의 삶에 필요한 기초적인 능력 및 변화하는 사회에 유연하게 적응하며 살아가는 능력이다.", ,[],prof
70,영화 감상과 비평,"‘영화 감상과 비평’은 영화 작품을 감상하고, 작품 평가의 적절한 기준을 바탕으로 감상문을 쓸 수 있도록 학습하는 과목이다. 영화는 정치, 역사, 경제, 철학 등 사회와 밀접한 관계를 가지고 있으며 이와 관련하여 작품의 의미와 맥락을 살펴볼 필요가 있다. 학습자의 영화 감상을 통해 매체의 특성과 표현 방식을 폭 넓게 파악하고 영화와 사회와의 관계, 기술적 발전이 미학 체계에 미친 영향 등을 이해한다. 이를 통해 감독뿐 아니라 작품과 소통할 수 있는 자세를 가질 수 있도록 한다. 이와 같이 ‘영화 감상과 비평’ 탐구 과정에서 학습자들은 분석력, 창의적 사고 능력과 같은 과목의 역량을 계발하게 된다. 
  창의적 사고 능력은 영화 분야의 전문 지식을 바탕으로 시각적인 인지를 통해 살펴 본 현상을 다양하게 해석하고 이를 또 다른 현상들에 활용할 수 있는 능력으로서 영화가 기본적으로 사회의 다양한 가치관을 반영하고 있으며 이를 바탕으로 동일한 테마에서도 다양한 의견과 내용을 다루고 있다는 특성에 비추어 볼 때 이 역량은 ‘영화 감상과 비평’ 과목에서 가장 핵심적인 역량이라 말할 수 있다. 분석력은 정보와 자료를 수집, 분석, 평가함으로써 자료와 정보에 내재된 의미를 올바르게 파악하고 이를 바탕으로 영화에서 표현하고 있는 여러 문제를 이해하고 판단할 수 있는 능력이다.", ,[],prof
71,사진의 이해,"‘사진의 이해’는 기초적인 사진의 특성과 원리를 체계적으로 이해하고, 사진의 발명 이후 현대 사진에 이르기까지의 발달과 변화를 학습하는 과목이다. 사진에 관한 기본 지식과 다양한 경험, 정보 등을 통하여 사진 이해의 폭을 넓힘으로써 사진의 창작과 감상활동의 바탕이 되도록 한다. 이 과정을 통해 학습자들은 자기주도적 학습 능력, 창의적 사고 능력, 이미지 분석 능력, 심미적 감성 능력과 같은 과목의 역량을 계발하게 된다. 
  자기주도적 학습 능력은 수업 내용을 적극적으로 수용하여 원리를 이해하며 학습을 실천할 수 있는 능력이다. 창의적 사고 능력은 해당 분야의 전문 지식을 토대로 시각적 인지를 통해 살펴본 현상을 다양하게 해석하고 활용할 수 있는 능력이다. 이미지 분석 능력은 본인과 타인의 사진 이미지에 대한 분석과 관찰을 통하여 서로 소통하고 이해하는 능력이다. 심미적 감성 능력은 사물이나 대상의 아름다움을 식별하고 인식할 수 있는 능력이다.", ,[],prof
72,기초 촬영,"‘기초 촬영’은 카메라와 촬영의 원리를 이해하고, 촬영 및 실습을 통합적으로 학습하는 과목이다. 카메라의 특성과 구조, 기본적인 사용 방법 등을 익혀 다양한 표현 방법을 활용하도록 구성되어 있다. 이 과정을 통해 학습자들은 자기주도적 학습 능력, 창의적 사고 능력, 공동체 의식, 이미지 표현 능력, 시각적 정보 처리 능력과 같은 과목의 역량을 계발하게 된다. 
  자기주도적 학습 능력은 수업 내용을 적극적으로 수용하여 원리를 이해하며 학습을 실천할 수 있는 능력이다. 공동체 의식은 조별활동으로 이루어지는 학습 단계에서 구성원으로 요구되는 가치와 태도를 수용 및 실천할 수 있는 능력이다. 이미지 표현 능력은 개인의 이미지 발표를 통한 언어의 시각화(이미지화), 정보 수집 능력, 비판적 사고력, 매체 표현 방식 등에 대한 능력이다. 시각적 정보 처리 능력은 다양한 시각적 정보와 자료를 수집, 분석, 평가, 선택하고, 적절한 매체를 활용하여 시각적 정보와 자료를 효과적으로 처리함으로써 합리적으로 문제를 해결할 수 있는 능력이다.", ,[],prof
73,암실 실기,"‘암실 실기’는 흑백 사진의 필름 현상과 인화 작업의 기본 과정을 익히고, 현상과 인화의 다양한 효과를 활용하는 과목이다. 필름 현상과 인화에 대한 지식과 기술, 표현 방법을 활용하여 더욱 효과적인 사진 표현 방식을 습득하는 기초가 되도록 한다. 또한 흑백 사진, 응용 사진(비은염 사진, 특수 사진) 등 암실 기법의 영역을 다루고 있어 사진의 중급 과정인 고급 촬영 기술을 습득한 후 자기주도적인 촬영과 현상 및 인화 과정을 통해 사진을 제작할 수 있도록 한다. 이 과정을 통해 학습자들은 자기주도적 학습 능력, 공동체 의식, 이미지 표현 능력, 시각적 정보 처리 능력과 같은 과목의 역량을 계발하게 된다.
  자기주도적 학습 능력은 수업 내용을 적극적으로 수용하여 원리를 이해하며 학습을 실천할 수 있는 능력이다. 공동체 의식은 조별활동으로 이루어지는 학습 단계에서 구성원으로 요구되는 가치와 태도를 수용 및 실천할 수 있는 능력이다. 이미지 표현 능력은 개인의 이미지 발표를 통한 언어의 시각화(이미지화), 정보 수집 능력, 비판적 사고력, 매체 표현 방식 등에 대한 능력이다. 시각적 정보 처리 능력은 다양한 시각적 정보와 자료를 수집, 분석, 평가, 선택하고, 적절한 매체를 활용하여 시각적 정보와 자료를 효과적으로 처리함으로써 합리적으로 문제를 해결할 수 있는 능력이다.", ,[],prof
74,중급 촬영,"‘중급 촬영’은 중형, 대형 카메라의 특성과 구조, 기본적인 사용 방법과 조명의 전반적인 원리와 사용 방법을 익혀서 다양한 표현 방법을 활용하는 과목이다. 중형, 대형 카메라에 대한 지식과 사용 기술, 조명의 원리와 사용 방법을 활용해서 자신의 의도를 살려 촬영할 수 있는 능력을 기르도록 한다. 또한 고급 촬영 기술을 습득한 후 촬영과 현상 인화 과정을 통해 좀 더 수준 높은 사진 작품을 제작할 수 있도록 한다. 이 과정을 통해 학습자들은 자기주도적 학습 능력, 공동체 의식, 이미지 표현 능력, 시각적 정보 처리 능력과 같은 과목의 역량을 계발하게 된다. 
  자기주도적 학습 능력은 수업 내용을 적극적으로 수용하여 원리를 이해하며 학습을 실천할 수 있는 능력이다. 공동체 의식은 조별활동으로 이루어지는 학습 단계에서 구성원으로 요구되는 가치와 태도를 수용 및 실천할 수 있는 능력이다. 이미지 표현 능력은 개인의 이미지 발표를 통해서 언어의 시각화(이미지화), 정보 수집 능력, 비판적 사고력, 매체 표현 방식 등에 대한 능력이다. 시각적 정보 처리 능력은 다양한 시각적 정보와 자료를 수집, 분석, 평가, 선택하고 적절한 매체를 활용하여 시각적 정보와 자료를 효과적으로 처리함으로써 합리적으로 문제를 해결할 수 있는 능력이다.", ,[],prof
75,사진 표현 기법,"‘사진 표현 기법’은 사진 보정에 필요한 소프트웨어의 특징과 원리를 이해하고, 이를 활용하여 좋은 사진을 출력하는 데 필요한 과목이다. 사진 보정과 관련된 다양한 소프트웨어의 사용법을 알아 작품을 제작하는 데 있어 표현 능력을 극대화하는 것으로, 사진 관련 기초 과목을 통해 습득한 이론과 기술을 담아 촬영 후 학습자의 의도에 맞게 활용한다. 이 과정을 통해 학습자들은 창의적 사고 능력, 이미지 표현 능력, 시각적 정보 처리 능력과 같은 과목의 역량을 계발하게 된다. 
  창의적 사고 능력은 해당 분야의 전문 지식을 토대로 시각적 인지를 통해 살펴본 현상을 다양하게 해석하고 활용할 수 있는 능력이다. 이미지 표현 능력은 개인의 이미지 발표를 통해서 언어의 시각화(이미지화), 정보 수집 능력, 비판적 사고력, 매체 표현 방식 등에 대한 능력이다. 시각적 정보 처리 능력은 다양한 시각적 정보와 자료를 수집, 분석, 평가, 선택하고 적절한 매체를 활용하여 시각적 정보와 자료를 효과적으로 처리함으로써 합리적으로 문제를 해결할 수 있는 능력이다.", ,[],prof
76,영상 제작의 이해,"‘영상 제작의 이해’는 영상 이론을 바탕으로 디지털 영상 제작에 필요한 특징과 원리 및 사용 방법을 이해하고, 다양한 표현을 탐색함으로써 촬영 과정에서 영상 표현의 영역을 확장하고자 하는데 필요한 과목이다. 영상의 일반적인 특성과 기능에 관해 지도할 뿐만 아니라 각자 소유하고 있는 카메라의 기능과 특징을 모두 습득하도록 한다. 이 과정을 통해 학습자들은 자기주도적 학습 능력, 창의적 사고 능력, 공동체 의식, 이미지 표현 능력, 시각적 정보 처리 능력과 같은 과목의 역량을 계발하게 된다. 
자기주도적 학습 능력은 수업 내용을 적극적으로 수용하여 원리를 이해하며 학습을 실천할 수 있는 능력이다. 공동체 의식은 조별활동으로 이루어지는 학습 단계에서 구성원으로 요구되는 가치와 태도를 수용 및 실천할 수 있는 능력이다. 이미지 표현 능력은 개인의 이미지 발표를 통해서 언어의 시각화(이미지화), 정보 수집 능력, 비판적 사고력, 매체 표현 방식 등에 대한 능력이다. 시각적 정보 처리 능력은 다양한 시각적 정보와 자료를 수집, 분석, 평가, 선택하고 적절한 매체를 활용하여 시각적 정보와 자료를 효과적으로 처리함으로써 합리적으로 문제를 해결할 수 있는 능력이다.", ,[],prof
77,사진 영상 편집,"‘사진 영상 편집’은 디지털 사진 영상 편집의 기본적인 역할과 특성 및 과정을 이해하고, 디지털 프로그램을 활용하여 포트폴리오, 신문, 잡지와 같은 다양한 매체와 더불어 포트폴리오 제작에도 활용할 수 있는 과목이다. 디지털 사진 영상 편집에 대한 지식과 기술, 표현 방법을 익혀서 전달하는 내용을 효과적으로 편집할 수 있는 능력을 기르도록 한다. 
사진 영상 편집은 흔히 이미지 편집이라는 말과 일맥상통하는데 신문, 잡지와 같은 인쇄 매체와 방송, 인터넷 매체 등에서 이미지를 수집, 분류하여 효과적으로 전달하기 위해 적극적으로 활용하는 분야이다. 이 과정을 통해 학습자들은 자기주도적 학습 능력, 공동체 의식, 이미지 표현 능력, 시각적 정보 처리 능력과 같은 과목의 역량을 계발하게 된다. 
자기주도적 학습 능력은 수업 내용을 적극적으로 수용하여 원리를 이해하며 학습을 실천할 수 있는 능력이다. 공동체 의식은 조별활동으로 이루어지는 학습 단계에서 구성원으로 요구되는 가치와 태도를 수용 및 실천할 수 있는 능력이다. 이미지 표현 능력은 개인의 이미지 발표를 통해서 언어의 시각화(이미지화), 정보 수집 능력, 비판적 사고력, 매체 표현 방식 등에 대한 능력이다. 시각적 정보 처리 능력은 다양한 시각적 정보와 자료를 수집, 분석, 평가, 선택하고 적절한 매체를 활용하여 시각적 정보와 자료를 효과적으로 처리함으로써 합리적으로 문제를 해결할 수 있는 능력이다.", ,[],prof
78,심화 영어 회화Ⅰ,"일반적 주제에 관해 영어로 듣거나 말하는 능력을 기르는 과목으로'심화 영어 회화 II'를 이수하는 데 필요한 준비를 할 수 있게 하는 과목이다. 의사소통 전략을 적절히 구사하여 다양한 상황에서 듣고 말하는 능력을 배양하도록 한다. 학습자의 수준을 고려하여 발표, 토의․토론 등의 활동을 도입하되 창의성과 인성 계발에도 도움이 되는 학습자 참여 및 협동 학습 중심의 활동이 많이 이루어지도록 한다. 다양한 문화적 배경을 가진 사람들 간의 의사소통을 위한 영어 회화능력을 길러 세계 공동체의 구성원으로서의 역량을 키운다. ", ,[],prof
79,심화 영어 회화Ⅱ,"다양한 분야에 관해 영어로 듣거나 말하는 능력을 기르는 과목이다. 의사소통 전략을 효과적으로 구사하여 다양한 상황에서 정확하게 듣고 비교적 유창하게 말하는 능력을 배양하도록 한다. 학습자의 수준을 고려하여 발표, 토의․토론 등의 활동을 도입하되 창의성과 인성 계발에도 도움이 되는 학습자 참여 및 협동 학습 중심의 활동이 많이 이루어지도록 한다. 다양한 문화적 배경을 가진 사람들 간의 의사소통을 위한 영어 회화 능력을 바탕으로 세계 공동체의 구성원으로서의 언어 및 문화적 다양성에 대한 이해와 포용력을 키운다.", ,[],prof
80,심화 영어Ⅰ,"실생활에 필요한 의사소통능력을 향상시키고 장차 전공 분야와 관련된 영어 이해 능력과 표현 능력을 기르는 과목으로󰡐심화 영어 II󰡑를 이수하는 데 필요한 준비를 할 수 있게 하는 과목이다. 학습자들의 전공에 따른 다양한 요구를 최대한 충족시키기 위해, 다양한 일반적 주제의 정보 뿐만 아니라 기초 학문 영역의 정보 등을 다루는 데 필요한 언어 능력을 계발하도록 한다. 학습자 중심의 활동을 통해 영어 의사소통능력과 창의적 사고력을 배양한다. 또한 문화 정체성에 대한 이해를 바탕으로 세계 공동체의 구성원으로서의 기본 역량을 키운다.", ,[],prof
81,심화 영어Ⅱ,"실생활에 필요한 의사소통능력을 향상시키고 장차 전공 분야와 관련된 영어 이해 능력과 표현 능력을 기르는 과목이다. 학습자들의 전공에 따른 다양한 요구를 최대한 충족시키기 위해, 다양한 일반적 주제의 정보 뿐만 아니라 기초 학문 영역의 정보 등을 다루는 데 필요한 언어 능력을 계발하도록 한다. 학습자 중심의 활동을 통해 영어 의사소통 능력과 논리적, 탐구적, 창의적 사고력을 배양한다. 또한 언어 및 문화적 다양성에 대한 이해와 포용 능력을 길러 세계 공동체의 구성원으로서의 역량을 키운다.", ,[],prof
82,심화 영어 독해Ⅰ,"다양한 주제와 장르의 글을 읽고 이해하는 능력을 기르는 과목이며󰡐심화 영어 독해 II󰡑를 이수하는 데 필요한 준비를 할 수 있게 하는 과목이다. 적절한 읽기 전략을 활용하여 인문, 사회, 과학, 문화, 예술 등에 관련된 다양한 소재의 글을 읽고 올바르게 이해하는 능력을 기르도록 한다. 학습자의 수준을 고려하여 다양한 정독 및 다독 활동과 창의성과 인성 계발에 도움이 되는 학습자 참여 및 협동 학습 중심의 활동이 많이 이루어지도록 한다. 이를 통해 지식정보 사회에서 영어로 표현된 다양한 정보를 수집, 분석 할 수 있는 영어 독해 능력을 키운다.", ,[],prof
83,심화 영어 독해Ⅱ,"기초 학술 및 다양한 주제와 장르의 글을 읽고 이해하는 능력을 기르는 과목이다. 효과적인 읽기 전략을 활용하여 인문, 사회, 과학, 문화, 예술 등에 관련된 다양한 소재의 글을 읽고 정확하게 이해하는 능력을 기르도록 한다. 학습자의 수준을 고려하여 다양한 정독 및 다독 활동과 창의성과 인성 계발에 도움이 되는 학습자 참여 및 협동 학습 중심의 활동이 많이 이루어지도록 한다. 이를 통해 지식정보 사회에서 영어로 표현된 다양한 정보를 수집･분석하고 올바르게 활용 할 수 있는 비판적인 영어 독해 능력을 키운다.", ,[],prof
84,심화 영어 작문Ⅰ,"다양한 주제에 맞는 글을 쓸 수 있는 능력과 친숙한 일반적 주제에 관련된 글을 조리 있게 쓸 수 있는 능력을 기르는 과목이며,󰡐심화 영어 작문 II󰡑를 이수하는 데 필요한 준비를 할 수 있게 하는 과목이다. 창의성과 인성 계발에 도움이 되는 학습자 중심의 활동, 과정 중심 쓰기 활동 등의 교수․학습 방법의 활용하여 자기 주도적 학습 능력을 함양한다. 이를 통해 다양한 문화적 배경을 가진 사람들 간의 올바른 의사소통을 위한 영어 쓰기 능력을 기른다.", ,[],prof
85,심화 영어 작문Ⅱ,"다양한 주제에 관한 글을 쓸 수 있는 능력과 다양한 일반적 주제에 관련된 글을 조리 있게 쓸 수 있는 능력을 기르는 과목이다. 창의성과 인성 계발에 도움이 되는 학습자 중심의 활동, 과정 중심 쓰기 활동 등의 교수․학습 방법의 활용하여 자기 주도적 학습 능력을 함양한다. 이를 통해 다양한 문화적 배경을 가진 사람들 간의 효과적인 의사소통을 위한 영어 쓰기 능력을 기른다.", ,[],prof
86,전공 기초 독일어,일상생활에 사용되는 기본적인 의사소통 표현을 이해하고 상황에 맞게 활용한다.독일어권 문화를 이해하고 문화의 다양성을 수용함으로써 세계 시민으로서의 소양을 기른다. 다양한 매체와 자료를 바탕으로 독일어권 정보를 습득하고 이를 선별하여 활용하는 능력을 기른다. , ,[],prof
87,독일어 회화Ⅰ,"‘독일어 회화Ⅰ’은 일상생활의 기본적인 의사소통에 사용되는 다양한 표현을 듣고 이해하며 말할 수 있고, 이를 바탕으로 독일어로 의사소통하려는 적극적인 태도를 기르는 것을 목표로 한다.", ,[],prof
88,독일어 회화Ⅱ,"‘독일어 회화Ⅰ’의 학습 내용 바탕으로 일상생활의 다양한 상황에서 사용되는 의사소통 표현을 이해하고 말할 수 있으며, 이를 바탕으로 독일어로 의사소통하려는 적극적인 태도를 기르는 것을 목표로 한다.", ,[],prof
89,독일어 독해와 작문Ⅰ,"독일어 텍스트를 읽고 이해하며, 자신의 생각을 독일어로 작성하는 능력을 배양한다. 아울러 이를 적극적으로 활용하려는 태도를 기른다.", ,[],prof
90,독일어 독해와 작문Ⅱ,"‘독일어 독해와 작문Ⅰ’의 학습 내용 바탕으로 독일어 텍스트를 읽고 이해하며, 자신의 생각을 독일어로 작성하는 능력을 배양한다. 아울러 이를 적극적으로 활용하려는 태도를 기른다.", ,[],prof
91,독일어권 문화,"독일어권의 일상생활, 지역사정 및 사회 전반에 걸쳐 축적된 문화적 가치를 이해하며, 타 문화를 배려하고 존중하는 태도를 기른다. ", ,[],prof
92,전공 기초 프랑스어,프랑스어와 프랑스어권 문화 학습을 통해 일상생활에 필요한 프랑스어 의사소통 능력과 다문화적 소양을 배양한다., ,[],prof
93,프랑스어 회화Ⅰ,일상생활의 다양한 활동이나 주제에 대해 프랑스어로 듣고 말하는 능력을 배양하며 프랑스어로 의사소통하려는 적극적인 태도를 기른다., ,[],prof
94,프랑스어 회화Ⅱ,‘프랑스어 회화Ⅰ’ 과목을 통해 학습한 내용을 심화하여 듣고 말하는 능력을 집중적으로 배양한다., ,[],prof
95,프랑스어 독해와 작문Ⅰ,‘프랑스어 회화Ⅰ’ 과목을 통해 학습한 내용을 심화하여 듣고 말하는 능력을 집중적으로 배양한다., ,[],prof
96,프랑스어 독해와 작문Ⅱ,‘프랑스어 독해와 작문Ⅰ’과목을 통해 배양한 능력을 토대로 글을 읽고 쓰는 능력을 심화시킨다., ,[],prof
97,프랑스어권 문화,"프랑스어권 각 지역의 일상생활 문화를 비롯한 다양한 형태의 문화를 이해하고, 타 문화를 배려하고 존중하는 태도를 기른다.", ,[],prof
98,전공 기초 스페인어,‘전공 기초 스페인어’ 과목의 목표는 일상생활에 필요한 스페인어 의사소통 능력을 배양하는 것이다. , ,[],prof
99,스페인어 회화Ⅰ,"‘스페인어 회화Ⅰ’은 다양한 의사소통 표현을 이해하고, 듣고 말하는 능력을 배양하며 스페인어로 의사소통하려는 적극적인 태도를 기르는 것을 목표로 한다. ", ,[],prof
100,스페인어 회화Ⅱ,"‘스페인어 회화Ⅱ’은 다양한 의사소통 표현을 이해하고, 듣고 말하는 능력을 심화시키며 스페인어로 의사소통하려는 적극적인 태도를 기르는 것을 목표로 한다.", ,[],prof
101,스페인어 독해와 작문Ⅰ,"‘스페인어 독해와 작문Ⅰ’은 기본적인 스페인어 문법과 문형에 대한 이해를 바탕으로, 스페인어로 작성된 글을 읽고 이해하는 능력과 스페인어로 글을 써서 소통하는 능력을 배양하는 것을 목표로 한다.", ,[],prof
102,스페인어 독해와 작문Ⅱ,‘스페인어 독해와 작문Ⅱ’는 스페인어로 작성된 글을 읽고 이해하는 능력과 스페인어로 글을 쓰는 능력을 심화하는 것을 목표로 한다., ,[],prof
103,스페인어권 문화,"‘스페인어권 문화’는 스페인어권 문화에 대한 이해를 통해 스페인어 의사소통에 활용하며, 스페인어권 문화를 통해 타 문화를 이해하고 세계인들과 소통 할 수 있는 능력을 기르는 것을 목표로 한다.", ,[],prof
104,전공 기초 중국어,일상생활에 필요한 다양한 중국어를 습득하고 중국어에 대한 지속적인 흥미와 자신감을 기른다. 또한 중국 문화와 우리 문화의 상호 이해를 통해 중국어로 의사소통하려는 적극적인 태도와 능력을 배양한다. , ,[],prof
105,중국어 회화Ⅰ,"‘중국어 회화Ⅰ’은 다양한 의사소통 표현을 이해하고, 중국어로 듣고 말하는 능력을 배양하며 중국어로 의사소통하려는 적극적인 태도를 기르는 것을 목표로 한다. ", ,[],prof
106,중국어 회화Ⅱ,"‘중국어 회화Ⅱ’는 ‘중국어 회화Ⅰ’에서 습득한 중국어 말하기와 듣기 능력을 심화시켜 보다 다양한 의사소통 표현을 이해하고, 중국어로 듣고 말하는 능력을 배양하며 중국어로 의사소통하려는 적극적인 태도를 기르는 것을 목표로 한다.", ,[],prof
107,중국어 독해와 작문Ⅰ,‘중국어 독해와 작문Ⅰ’은 중국어로 작성된 글과 자료들을 읽고 이해하는 능력과 중국어로 글을 쓰는 능력을 배양하는 것을 목표로 한다. , ,[],prof
108,중국어 독해와 작문Ⅱ,‘중국어 독해와 작문Ⅱ’는 ‘중국어 독해와 작문Ⅰ’에서 습득한 중국어 읽기와 쓰기 능력을 심화시켜 보다 다양한 글과 자료들을 읽고 쓸 수 있는 능력을 배양하는 것을 목표로 한다. , ,[],prof
109,중국 문화,"‘중국 문화’는 중국인들의 일상생활과 문화적 특성에 대한 학습을 통해 중국을 올바르게 이해하고, 중국어를 사용하는 사람들과 적절하게 의사소통할 수 있는 능력을 심화하는 것을 목표로 한다.", ,[],prof
110,전공 기초 일본어,일상생활에 필요한 일본어 의사소통 능력을 배양하여 일본인과 교류할 수 있는 능력을 기른다. , ,[],prof
111,일본어 회화Ⅰ,"‘일본어 회화Ⅰ’은 다양한 의사소통 표현을 이해하고, 일본어를 듣고 언어문화에 맞게 말하는 능력을 배양하며 적극적으로 의사소통하려는 태도를 기르는 것을 목표로 한다.", ,[],prof
112,일본어 회화Ⅱ,"‘일본어 회화Ⅱ’는 ‘일본어 회화Ⅰ’을 심화한 과목으로 다양한 의사소통 표현을 이해하고, 일본어를 듣고 언어문화에 맞게 말하는 능력을 집중적으로 배양하며 적극적으로 의사소통하려는 태도를 기르는 것을 목표로 한다.", ,[],prof
113,일본어 독해와 작문Ⅰ,"‘일본어 회화Ⅱ’는 ‘일본어 회화Ⅰ’을 심화한 과목으로 다양한 의사소통 표현을 이해하고, 일본어를 듣고 언어문화에 맞게 말하는 능력을 집중적으로 배양하며 적극적으로 의사소통하려는 태도를 기르는 것을 목표로 한다.", ,[],prof
114,일본어 독해와 작문Ⅱ,"‘일본어 독해와 작문Ⅰ’을 심화하여, 일본어로 작성된 글을 읽고 이해하는 능력과 일본어로 글을 쓰는 능력을 집중적으로 배양한다. ", ,[],prof
115,일본 문화,"일본의 언어･비언어 문화와 일상생활 문화, 전통문화, 대중문화 등을 이해함으로써 우리 문화와 일본 문화의 공통점과 차이점을 알고 상호 문화적인 관점에서 배려와 존중의 태도와 세계 시민 의식을 기른다.", ,[],prof
116,전공 기초 러시아어,"기초적인 의사소통 기본 표현을 이해하고, 상황에 맞게 적극적으로 활용한다.러시아 문화의 이해를 통해 의사소통 능력을 함양하고, 해당 문화에 대한 배려와 존중의 자세를 통해 세계 시민 의식을 함양한다. 다양한 매체와 자료를 통해 접하는 러시아 관련 정보를 선별하여 활용하는 능력을 기른다.", ,[],prof
117,러시아어 회화Ⅰ,"‘러시아어 회화Ⅰ’은 다양한 의사소통 표현을 이해하고, 러시아어로 듣고 말하는 능력을 배양하며 러시아어로 의사소통하려는 적극적인 태도를 기르는 것을 목표로 한다.", ,[],prof
118,러시아어 회화Ⅱ,"‘러시아어 회화Ⅱ’은 다양한 의사소통 표현을 이해하고, 러시아어로 듣고 말하는 능력을 배양하며 러시아어로 의사소통하려는 적극적인 태도를 기르는 것을 목표로 한다.", ,[],prof
119,러시아어 독해와 작문Ⅰ,"다양한 의사소통 표현을 이해하고, 러시아어로 읽고 쓰는 능력을 배양하며 러시아어 문장 및 텍스트를 이해하고 이를 글로 표현하려는 태도를 기른다.", ,[],prof
120,러시아어 독해와 작문Ⅱ,"다양한 의사소통 표현을 이해하고, 러시아어로 읽고 쓰는 능력을 배양하며 러시아어 문장 및 텍스트를 이해하고 글로 표현하려는 태도를 기른다.", ,[],prof
121,러시아 문화,"러시아의 일반적이고 고유한 문화를 이해하며, 타 문화를 배려하고 존중하는 태도를 기른다.", ,[],prof
122,전공 기초 아랍어,"의사소통 기본 표현을 이해하고, 상황에 맞게 적극적으로 활용한다.아랍 문화의 이해를 통해 의사소통 능력을 함양하고, 포용과 창조의 덕목을 갖춘 세계 시민 의식을 함양한다. 다양한 매체를 통해 아랍어로 적극적으로 교류할 수 있는 능력을 기른다. ", ,[],prof
123,아랍어 회화Ⅰ,"‘아랍어 회화Ⅰ’은 다양한 의사소통 표현을 이해하고, 듣고 말하는 능력을 함양하여 아랍어와 언어 문화에 맞게 의사소통하려는 적극적인 태도를 기르는 것을 목표로 한다.", ,[],prof
124,아랍어 회화Ⅱ,"‘아랍어 회화Ⅱ’는 다양한 의사소통 표현을 이해하고, 아랍어로 듣고 말하는 능력을 심화하여 아랍어 언어문화에 맞게 의사소통하려는 능동적이고 적극적인 태도를 기르는 것을 목표로 한다.", ,[],prof
125,아랍어 독해와 작문Ⅰ,"기본적인 아랍어 문법과 문형에 대한 이해를 바탕으로, 아랍어로 작성된 글을 읽고 이해하는 능력과 아랍어로 글을 쓰는 능력을 기르는 것을 목표로 한다.", ,[],prof
126,아랍어 독해와 작문Ⅱ,아랍어로 작성된 글을 읽고 이해하는 능력과 아랍어로 글을 쓰는 능력을 심화시켜 보다 다양한 글과 자료들을 읽고 쓸 수 있는 능력을 배양한다. , ,[],prof
127,아랍 문화,"아랍 문화에 대한 이해를 통해 의사소통에 활용하며, 타 문화에 대한 배려심, 존중, 포용의 태도를 기르는 것을 목표로 한다.", ,[],prof
128,전공 기초 베트남어,‘전공 기초 베트남어’ 과목의 목표는 일상생활에 필요한 베트남어 의사소통 능력을 배양하는 것이다. 세부 목표는 다음과 같다., ,[],prof
129,베트남어 회화Ⅰ,"‘베트남어 회화Ⅰ’ 과목의 목표는 다양한 의사소통 표현을 이해하고, 베트남어로 듣고 말하는 능력을 배양하며 베트남어로 의사소통하려는 적극적인 태도를 기르는 것이다.", ,[],prof
130,베트남어 회화Ⅱ,"‘베트남어 회화Ⅱ’ 과목의 목표는 다양한 의사소통 표현을 이해하고, 듣고 말하는 능력을 심화시키며 베트남어로 의사소통하려는 적극적인 태도를 기르는 것이다.", ,[],prof
131,베트남어 독해와 작문Ⅰ,"‘베트남어 독해와 작문Ⅰ’ 과목의 목표는 기본적인 베트남어 문법과 문형에 대한 이해를 바탕으로, 베트남어로 작성된 글을 읽고 이해하는 능력과 베트남어로 글을 쓰는 능력을 배양하는 것이다.", ,[],prof
132,베트남어 독해와 작문Ⅱ,‘베트남어 독해와 작문Ⅰ’ 과목의 목표는 베트남어로 작성된 글을 읽고 이해하는 능력과 베트남어로 글을 쓰는 능력을 심화하는 것이다., ,[],prof
133,국제 정치,"국제 정치 과목은 국제 관계의 협력과 경쟁 및 갈등을 이해하고, 급변하는 국제 정세 변화에 능동적으로 대처하며 나아가 세계 평화에 기여할 수 있는 세계 시민적 태도 함양을 목적으로 개설된 사회과 전문 교과이다. 국제 정치의 역학 관계에 대한 바른 이해를 바탕으로 국제적 분쟁과 갈등을 합리적으로 해결하고 글로벌 공동체 의식을 함양할 수 있도록 내용을 구성하였다. ", ,[],prof
134,국제 경제,국제 경제 과목은 변화하는 세계 경제를 이해하고 국제 경제 정책의 현실적 문제들을 분석할 수 있도록 국제 경제의 핵심적인 기본 개념들을 습득한 후 이를 적용해 국제 경제 현상 분석 능력을 키우는 것을 목적으로 개설된 사회과 전문 교과이다. 국제 경제 현상에 대한 기초적 분석을 바탕으로 국제 사회에서 직면하는 경제적 문제를 합리적으로 해결하고 글로벌 공동체 의식을 함양할 수 있도록 내용을 구성하였다., ,[],prof
135,국제법,"국제법 과목은 국제법의 체계와 내용, 특징을 이해하고 국제 사회 주체들의 다양한 갈등 사례들을 법적 관점에서 분석하고 해결할 수 있는 세계 시민으로서의 자질을 함양하기 위해 개설된 사회과 전문 교과이다. 국제 관계 속성에 대한 법적 이해 능력을 바탕으로 국제사회의 다양한 갈등 관계에 대한 문제 해결 능력을 높이고 세계 시민에게 요구되는 준법 의식을 함양 할 수 있도록 내용을 구성하였다.", ,[],prof
136,지역이해,"지역 이해와 관련된 제반 주제들을 명확히 인식하고, 다양한 지리적 규모로 나타나는 지역별 특성을 현장 조사와 문헌을 통해 탐색하는 과목이다.", ,[],prof
137,한국 사회의 이해,"세계 속에서 한국의 위상을 제고할 국제 전문 인재 양성을 위해서는 국제 사회에 대한 이해뿐만 아니라 한국 사회에 대한 심도 있는 이해를 갖추도록 하는 것이 필요하다. ‘한국 사회의 이해’ 과목은 현대 한국 사회의 정치와 경제, 사회의 변화 과정과 특징, 한국 고유의 전통문화 등을 연계하여 바르게 이해함으로써, 세계 사회에서 주체적인 한국인으로 활약할 수 있는 국제 전문가를 양성하는 것을 목적으로 한다. 즉, ‘한국 사회의 이해’ 과목은 현대 한국 사회를 정치･경제･사회적 측면에서 조망하고, 세계 속에서 한국이 차지하고 있는 위상을 인식하며, 이를 토대로 한국 사회가 나아가야 할 방향을 설계하는 능력과 새로운 세계 창조에 참여하는 태도를 기르는 데 중점을 둔다. 
  ‘한국 사회의 이해’ 과목에서는 학생들이 한국 사회의 구성원으로서 한국의 정치, 경제, 사회 그리고 문화를 올바르게 이해하여 민족적 정체성을 확인하고 이를 계승, 발전시킬 수 있는 능력을 기른다. 또한 한국 사회의 역사적 형성 과정과 현재의 특성을 이해하고, 이를 바탕으로 한국 사회의 과제를 인식하며 이를 해결하기 위해 노력하는 자세를 가진다. 이와 같이 한국 사회에 대한 통합적 이해를 바탕으로 국제 사회 속에서 현재 한국이 차지하고 있는 위치를 객관적으로 파악하고, 이를 바탕으로 한국의 위상 제고 방안을 강구하도록 한다.
  ‘한국 사회의 이해’ 과목은 한국 사회의 정치 이념과 기초, 경제 체제와 특징, 한국 문화의 형성과 발전 등에 대한 종합적인 이해를 바탕으로 현대 및 미래 한국 사회가 직면한 여러 과제에 대해 능동적으로 대처할 수 있는 능력을 함양할 수 있는 학습 경험을 제공한다. 이를 통해 학생들은 한국 사회의 정치, 경제, 문화 현상을 종합적으로 인식하고 한국 사회의 문제를 해결하는 데 필요한 정보 획득, 조사 및 탐구, 분석 및 해석, 평가 및 의사 결정, 참여 및 실천 능력을 기를 수 있다.
  ‘한국 사회의 이해’ 과목에서는 한국 사회에 대한 종합적 이해 능력, 국제 및 국내 사회 문제의 합리적 해결 능력, 창의융합 사고 능력 등을 교과의 중요한 역량으로 삼고 있다. 한국 사회에 대한 종합적 이해 능력은 우리나라의 정치, 경제, 사회 문화의 특징에 대한 이해를 바탕으로 국내 및 국제 사회의 현상을 종합적으로 인식하고, 한국적 가치를 재해석하여 한국 사회 발전에 기여하는 능력이다. 국제 사회 문제의 합리적 해결 능력은 국제 사회 및 국내의 다양한 문제 해결을 위해 다양한 정보와 자료를 활용하여 합리적인 해결 방안을 마련하는 능력이다. 창의융합 사고 능력은 국제 사회 및 국내의 사회 현상과 문제를 다양한 관점에서 바라보고 글로벌 공동체 발전에 도움을 주는 아이디어를 생산하거나 미래 사회 핵심 가치를 창출하는 능력이다. ", ,[],prof
138,비교 문화,"과학 기술의 발달, 정보화 및 세계화로 문화 간 교류 및 상호 의존도가 증가하면서 세계의 다양한 문화를 객관적으로 바라보고 합리적으로 대안을 모색하는 세계 시민의 자질 개발에 대한 요구가 강해지고 있다. 이를 위해 다양한 문화를 종교, 언어, 인종, 지역 등 여러 기준에 따라 분류하고, 이 과정에서 서로 다른 문화권을 판단하는 가치 기준이나 문화별로 달라지는 인간관계, 인간과 자연환경의 관계, 삶에 대한 철학 등을 구체적 사례를 통해 접할 필요가 있다. 또한 비교 문화적 관점을 적용해 보는 기회를 통하여 문화 변동과 문화 접촉 과정에서 직면하는 문제를 파악하여 이에 대한 대응 방안을 모색할 수 있는 능력이 요구된다. 

  ‘비교 문화’ 과목에서는 타 문화에 대한 종합적 이해를 바탕으로 우리 문화를 객관적으로 바라보고, 국제 사회의 문화와 관련된 다양한 문제들을 논리적으로 분석하며 합리적 대안을 모색할 수 있는 능력을 키운다. 이를 위해 직간접적인 다문화 체험의 기회를 학생들에게 제공함으로써 타 문화를 객관적인 시각에서 이해하고 문화 간 의사소통 능력을 함양한다. 또한 ‘비교 문화’ 과목은 문화 및 비교 문화 연구 방법에 대한 기본적 이해를 바탕으로 다양한 문화권의 문화를 비교하고, 제도, 관습, 가치관의 차이로 인해 학생들이 경험할 수 있는 문화적 부적응 또는 문화 충격을 극복할 수 있는 학습 활동을 제공한다. 이를 통해 학생들은 다양한 문화권의 문화 현상에 관한 지식을 발견하고 문제를 해결하는 데 필요한 정보 획득, 조사 및 탐구, 분석 및 해석, 평가 및 의사 결정, 참여 및 실천 능력을 기를 수 있다. 

  ‘비교 문화’ 과목에서는 국제 사회 문화에 대한 종합적 이해 능력, 문화적 갈등 및 문제에 대한 합리적 해결 능력, 문화 간 의사소통 능력, 창의융합 사고 능력 등을 교과의 중요한 역량으로 삼고 있다. 국제 사회 문화에 대한 종합적 이해 능력은 문화적 다양성과 다원적 가치를 존중하고, 국제 사회 문화 현상에 대한 다양한 관점을 파악하여 종합적으로 문화를 이해하는 능력이다. 문화적 갈등 및 문제에 대한 합리적 해결 능력은 국제 사회의 문화적 갈등 및 문제를 균형적 시각에서 인식하고, 다양한 정보와 자료를 활용하여 합리적인 해결 방안을 마련하는 능력이다. 문화 간 의사소통 능력은 문화 다양성에 대한 존중과 협력적 태도를 기반으로 타인과 상호 작용하는 능력이다. 창의융합 사고 능력은 국제 사회의 문화적 현상과 문제를 새로운 시각 및 다양한 관점에서 바라보고 글로벌 공동체 발전에 도움을 주는 아이디어를 생산하거나 미래 사회 핵심 가치를 창출하는 능력이다.", ,[],prof
139,세계문제와 미래사회,"인류가 직면하고 있는 전 지구적 성격의 문제들에 대한 종합적 이해와 미래 사회에 대한 객관적 전망을 바탕으로 이러한 문제의 해결 방안을 모색하고, 사회 변화에 적절하게 대응할 수 있는 능력을 키우는 과목이다.", ,[],prof
140,국제관계와 국제기구,국제 관계와 국제기구 과목은 국제 관계의 구조와 질서의 역동적 관계에 대한 이해를 바탕으로 국제 사회에서 국제기구의 역할에 대해 논리적으로 분석하고 바람직한 국제 관계를 위한 합리적 대안을 모색할 수 있는 능력을 함양하기 위해 개설된 사회과 전문 교과이다. 국제 관계에 대한 종합적 인식 능력을 바탕으로 국제적 분쟁과 갈등을 합리적으로 해결할 수 있는 능력을 증진시켜 글로벌 공동체 의식을 함양할 수 있도록 내용을 구성하였다. , ,[],prof
141,현대 세계의 변화,"오늘날 국제 사회에서 발현되는 다양한 현상을 이해하기 위해서는 그러한 현상이 배태된 시대사적 배경에 대한 이해가 필요하다. ‘현대 세계의 변화’ 과목은 서구 근대 국민 국가 형성으로부터 오늘날의 국제 사회까지 정치･경제적 관점을 통해 접근함으로써 현대 세계의 변화를 파악하고 미래를 전망할 수 있는 능력의 함양을 추구한다.

  ‘현대 세계의 변화’ 과목은 정치, 경제, 사회, 문화 등 다양한 관점에서 현대 세계를 이해하기 위해 필수적으로 요구되는 시대사적 소양을 강조한다. 국제 사회가 형성･발전되어 온 과정을 통해 현대 세계의 모습을 역사적 맥락에서 이해하고 나아가 미래 세계의 발전에 기여할 수 있는 세계 시민성을 함양하는 데 초점을 둔다. 

  ‘현대 세계의 변화’ 과목에서는 근대 사회의 형성, 제국주의의 확산과 저항, 세계 대전과 냉전 체제, 새로운 국제 질서와 인류의 미래를 탐구하기 위한 다양한 학습 활동을 제공한다. 근대 이후 국제 사회가 형성･발전되는 과정을 구체적인 사례를 중심으로 해석하고 역사적 사건의 시대사적 의미를 비판적으로 분석할 수 있는 능력을 기르는 데 중점을 둔다. 

  ‘현대 세계의 변화’ 과목은 국제 사회의 변화에 대한 종합적 이해 능력, 현대 세계의 문제 해결 능력, 창의융합 사고 능력 등을 교과의 중요한 역량으로 삼고 있다. 국제 사회의 변화에 대한 종합적 이해 능력은 서구 근대 국민 국가 형성에서부터 현대에 이르기까지의 역사적 변화 과정을 시대사적 관점에서 이해하고, 국제 사회의 변화를 주도한 역사적 사건 및 현상을 정치･경제적 관점에서 분석하고 현대 세계에 미친 영향을 다양한 관점에서 해석하는 능력이다. 현대 세계의 문제 해결 능력은 세계 근현대사에 대한 이해를 바탕으로 현대 국제 사회가 직면한 문제 해결을 위해 다양한 정보와 자료를 활용하여 대안을 평가하고 해결 방안을 마련하는 능력이다. 창의융합 사고 능력은 국제 사회의 현상과 문제를 새로운 시각 및 다양한 관점에서 바라보고 글로벌 공동체 발전에 도움을 주는 아이디어를 생산하거나 미래 사회 핵심 가치를 창출하는 능력이다.", ,[],prof
142,사회 탐구 방법,"사회 탐구 방법은 인간과 사회 현상에 대한 과학적 탐구 방법의 의미와 특징을 이해하고, 과학적으로 사회 탐구를 수행하는 데 필요한 기초 능력을 기르기 위해 개설된 사회과 전문 교과이다. 공통 교육과정 교과인 사회 과목 및 국제 계열 전문 교과의 제 영역에서 학습한 기본 지식을 바탕으로 사회과제 연구의 선수과목에 해당된다.", ,[],prof
143,사회과제 연구,"사회과제 연구 과목은 국제 정치, 국제법, 국제 경재, 비교 문화, 지역 이해 과목 등에서 학습한 지식을 토대로 학습자가 연구 문제를 선정하여 소규모 연구를 실제 수행해보기 위해 개설된 사회과 전문 교과이다. 학생들이 인문․사회 현상에 관한 다양한 주제에 관심을 가지고 연구 문제를 결정하고, 자료를 수집, 보고서를 작성한 후 그 결과를 발표하는 활동들이 제시되어 있다.", ,[],prof
