major,major_summary
컴퓨터공학과,"어느날 갑자기 지구상의 모든 컴퓨터가 사라진다면 모든 것이 정지될지도 모릅니다. 컴퓨터공학은 IT와 정보통신 기술을 기반으로 정보화 시대를 이끄는 첨단 공학 분야라 할 수 있습니다.  모든 산업 분야에 컴퓨터 공학 기술은 깊은 관련이 있습니다. 컴퓨터 공학은 컴퓨터 시스템, 프로그래밍 기법, 알고리즘 설계, 응용소프트웨어 개발, 정보화사업 관리방법론 등 다양한 이론과 실습을 통해 유능한 인재를 키우는데 목표를 두고 있는 학과입니다. "
컴퓨터과학과,"손 안 에서 거의 모든 것을 할 수 있는 스마트폰도 하나의 작은 컴퓨터라 할 수 있습니다. 컴퓨터과학은 인터넷 기술 발전 및 정보통신 기술 발전에 따라 사회 전체가 정보화를 기반으로 변화하는 것이 가속됨에 따라 컴퓨터 관련 산업의 핵심적인 학문 분야라 할 수 있습니다. 컴퓨터 과학은 컴퓨터, 정보기술, 정보화 사업, 정보기술 교육인증, 개발방법론 연구 등 컴퓨터와 관련된 학문적 이론과 기술을 모두 갖춘 인재를 양성하는데 교육 목표를 두고 있습니다.  "
컴퓨터디자인학과,"정보기술의 급속한 변화에 따라 각종 미디어와 정보통신 환경을 정확히 이해하는 것은 매우 중요합니다. 컴퓨터디자인학과는 컴퓨터, 그래픽, 프로그래밍, 디자인 등 여러 가지 컴퓨터 분야에 대한 기본적인 이론과 기술을 습득하고, 이를 바탕으로 디자인을 전문적으로 학습합니다. 컴퓨터디자인학과는 기초 디자인 학습을 기반으로 인터넷, 멀티미디어, 애니메이션 등의 컴퓨터 디자인 분야에서 창의력을 발휘할 인재 양성에 교육목표를 두고 있습니다."
컴퓨터소프트웨어과,"현대사회는 컴퓨터의 발달로 소프트웨어를 설계, 개발, 관리, 운영할 수 있는 역량을 가진 인재가 더욱 필요해진 시점입니다. 이에 따라 컴퓨터소프트웨어과는 응용소프트웨어 개발에 필요한 프로그래밍 언어와 모델링에 대하여 배우고, 미디어와 새로운 디바이스의 출현에 대응할 수 있는 인터페이스 구현, AI 및 빅데이터의 산업에 기반이 되는 데이터 입출력에 대하여 학습합니다. 이외에도 서버 프로그래밍, 소프트웨어공학과 응용소프트웨어 활용 등의 기술을 습득하여 4차 산업혁명시대를 주도하는 전문인 양성에 교육목표를 두고 있습니다."
컴퓨터응용기계과,"현대에 이르러 다양한 분야에서 컴퓨터가 활용되고 있지요? 컴퓨터응용기계과는 CAD/CAM 시스템을 이용하여 기계를 설계 및 제작하고, CNC공작기계와 범용기계를 이용하여 기계부품을 가공하여 기계를 제작할 수 있도록 실무능력을 습득합니다. 기계공학의 전반적인 지식을 바탕으로 도면 해독 능력 배양, 창의적 설계를 위한 사고력 및 응용력 배양, CAD 설계 능력 배양 등으로 현장 적응력을 갖춘 전문 인재를 양성하는 것에 교육 목표를 두고 있습니다."
성악과,"모든 악기가 궁극적으로 지향하는 소리는 바로 인간의 목소리라는 말이 있을 만큼 인간의 목소리는 가장 아름다운 음색을 지니고 있습니다. 성악은 인간의 목소리를 악기 삼아 인간의 감정, 사상, 영혼 등을 음악으로 표현하는 예술입니다.
성악학과는 성악예술에 대한 탐구와 기량을 연마합니다. 그리고 이를 통해 성악학과는 국내외 성악계에 활약하여 성악계에 공헌할 수 있는 인재를 양성합니다."
실용음악과,"실용음악이란 일반 대중을 즐겁게 하기 위하여 만들어진 음악입니다. 실용음악과는 보컬, 컴퓨터음악작곡, 건반, 기타, 베이스, 드럼으로 세부전공이 나뉘며, 실기 교육을 통하여 연주자로서의 실력향상과 연주의 전 과정에 대한 능력을 고루 갖춘 음악인을 양성합니다. 음악 기초이론을 바탕으로 전문연주자, 작ㆍ편곡가, 음악콘텐츠제작기획자로서의 전공 실무 능력에 대하여 배웁니다. "
실용음악학과,"실용음악은 20세기에 형성된 가장 중요한 예술행위의 한 부분으로 비단 음악에 국한되지 않고 총체적인 미디어 사회를 선도하는 멀티미디어의 총아로 부각되고 있습니다. 현재 전 세계적인 실용음악의 추세는 재즈의 이론적 기반을 중심으로 한 재즈와 상업음악이 주류를 이루고 있으며, 이에 첨단 기술이 결합된 진보적 음악의 한 부류로 인정되고 있습니다.
실용음악학과는 탄탄한 음악기초이론 습득과 장르별 전공심화교육의 강화로 현대 대중문화의 고급화를 선도하는 전문 공연예술음악인 양성을 교육목표로 두고 있습니다."
음악과,"어떠한 음악을 듣느냐에 따라 신나기도 하고 슬프기도 하죠? 음악은 목소리나 악기를 통하여 감정을 나타내는 예술이기 때문입니다. 음악과는 전통 서양음악 실기에 그 중점을 두고 음악 실기에 필요한 기초, 전문 분야의 이론 및 실기를 습득함으로써 창의적인 예술 표현과 생활의 아름다움을 추구합니다. 음악과의 전공은 성악, 악기(관현악, 피아노), 작곡으로 세분화되어 있으며 각 전공에 맞는 수업이 진행됩니다. 또한 음악과는 급변하는 사회에서 음악을 통해 국민 정서를 아름답게 순화시키고 밝은 사회 건설의 일익을 담당하는 연주 실기 능력을 갖춘 전문 음악가와 음악 지도자 양성에 교육목표를 두고 있습니다."
음악학과,"우리는 음악과 친숙합니다. 음악회나 콘서트부터 시작해서 영화나 드라마의 배경 음악까지 음악은 삶 곳곳에 스며있기 때문입니다.

음악학과에서는 음악 전반에 걸친 이론을 연구하고 다양한 음악적 기교를 익히게 됩니다. 이를 통해 음악의 전 분야에 대한 깊은 이해력과 전문성을 겸비한 음악인을 양성합니다."
작곡과,"곡이 없다면 천상의 악기나 천상의 목소리라 할지라도 단순한 소리 이상을 낼 수 없습니다. 작곡은 다양한 음계를 재배열하고 강약과 빠르기 등을 조절하여 한 편의 조화로운 곡을 만들어 냄으로써 인간의 내면과 영혼을 음악적으로 표현하는 예술입니다.
작곡학과는 문화 예술의 수준을 높이고 삶을 풍요롭게 해 줄 창의적인 인재를 양성합니다. 작곡학과는 이론 공부를 통해 음악의 형식과 구조를 이해합니다. 또, 다양한 악기를 위한 곡을 창작하기 위해 여러 악기에 대해서도 공부합니다."
전기공학과,"전기는 이제 우리 생활에서 잠시라도 떼어 놓을 수 없는 중요한 기술이라고 할 수 있습니다. 전기공학과는 전기를 생산하기 위해 화석 연료(석유, 석탄 등), 수력, 원자력, 지열, 풍력, 태양열, 조력 등의 에너지원에 대해 공부합니다. 전기공학과는 이론을 바탕으로 현장에서 창의적으로 기술을 활용할 수 있는 전기 분야 인재를 양성하는 데 목표를 두고 있습니다."
전기과,"우리의 일상생활을 밝혀주는 전기란 무엇일까요? 전기는 물질 안에 있는 전자 또는 공간에 있는 자유 전자나 이온들의 움직임 때문에 생기는 에너지의 한 형태입니다. 우리 생활에 있어서 가장 기본적인 에너지이기에 시공과 작동에 있어서 전문성이 요구됩니다. 이에 따라 전기과는 전기를 생산하기 위해 화석연료, 수력, 원자력, 지열, 풍력, 태양열, 조력 등의 에너지원에 대한 지식과 기술을 습득하여 생산, 설계, 개발 및 감리 등의 전문 전기 기술인 양성을 교육목표로 합니다."
전기전자공학과,"전기와 전자기기가 없는 세상을 상상해 본적이 있나요? 전기전자공학은 전기의 생산, 수송 및 변환, 반도체 소자와 각종 컴퓨터 언어와 이를 이용한 디지털 시스템 설계, 전기전자 하드웨어 설계, 시스템의 자동화, 디지털통신 기술 및 영상 신호처리 등 전기와 전자의 기본 원리부터 응용에 이르기까지 기술적인 방법 등을 다룹니다.
전기전자공학과는 여러 공학 분야의 기본이 되는 학문으로 유능한 전기전자공학 기술자 양성을 교육목표로 두고 있습니다."
전기전자과,"전기전자과는 전기에너지의 생산 및 활용에 관련된 전통적인 산업인 전력산업에서부터 정보통신산업, 반도체 및 전력전자산업, 제어 및 자동화 부문의 산업에 대한 기초 이론과 응용기술을 습득합니다. 이에 따라 전기전자과는 전기시스템 분야에서 컴퓨터를 응용한 각종 자동화 설비에 대한 이론적 지식과 실무 능력을 겸비한 유능한 전문기술인 양성을 교육목표로 합니다."
전자공학과,"자동차, 스마트폰, 텔레비전, 컴퓨터와 같은 제품이 하나도 없다면 어떤 생활이 될까요? 전자공학은 인간의 삶을 편리하게 해 주는 제품이나 장치를 만들기 위한 지식과 이론에 대해서 공부합니다. 전자공학은 전자, 전기, 통신, 반도체, 컴퓨터, 자동차, 항공, 생명공학, 화학, 조선 등 공학의 전 분야에 걸쳐 응용되고 있습니다. "
전자과,"전자과는 현대 첨단 산업에 핵심적인 역할을 담당하는 전자산업 분야에 연구, 설계, 계획, 제작 및 운영 등의 실무 전 분야에 적용되는 학과입니다. 전자과는 정보통신기술 및 인터넷 환경의 고도 지식정보화 사회에 능동적으로 대응하여 디지털 전자기술 분야의 고부가가치 창출에 기여할 수 있는 이론과 실무 능력을 겸비한 유능하고 창조적인 전자 전문 기술인 양성을 교육목표로 합니다."
농수산과,"농수산은 농업 분야와 수산 분야로 구분됩니다. 농업 분야는 농촌의 생산자원 및 여가를 즐길 수 있는 농원을 조성ㆍ관리하며 생산물의 양과 질을 향상시키고 이를 관리하는 전문 경영인을 양성하는 분야입니다. 수산 분야는 수산자원의 생태 및 양식에 관한 기술을 이론과 실습을 바탕으로 교수하여 미래의 해양식량을 공급할 전문인력을 양성하는 분야입니다. 농수산과는 농수산 식품산업의 경영ㆍ유통, 지역균형발전 등과 같은 현대사회의 농업ㆍ수산 식품산업, 농어촌 사회가 가지고 있는 여러 가지 문제를 해결하는 데 필요한 다양한 학습방법과 접근방법을 학습함으로써 21세기 농수산 식품산업에 필요한 전문 경영인 양성을 목표로 합니다."
농업경제학과,"농업경제학은 농업과 관련하여 발생하는 여러 경제현상을 탐구하여 농업 자체의 발전과 제조업 및 서비스업 등 여타 부분과의 연결성을 고찰하는 학문입니다. 따라서 농업경제학과는 농업 및 농촌, 그리고 연관 산업의 여러 문제들을 경제적 측면에서 종합적으로 살펴보는 사회과학 계열의 학과라고 할 수 있습니다. 농업경제학과는 경제학의 여러 이론들을 농업 및 농촌사회 분야에 적용시켜 동 분야의 문제 해결에 필요한 전문 지식을 가르치고 학생들의 역량을 길러 앞으로 우리 농업, 농촌, 농민의 삶의 질 향상에 기여하고자 합니다. 이를 통해 국가 경제의 균형적인 발전에 이바지할 수 있는 인재를 양성하는 데 교육목표를 두고 있습니다."
농업교육과,"농업교육과는 산업 측면에서의 농업의 성질이 변화함에 따라 더욱 주목 받고 있습니다. 최근 학교교육과 사회교육의 유기적인 관계가 강조되고, 농업이 생산 중심의 1차 산업에서 전 산업을 아우르는 종합산업으로 바뀌었기 때문입니다. 농업교육과에서는 농촌지역의 개발에 신념을 가지고 봉사할 농업과 교사를 양성합니다. 또한 첨단 농업 및 생명과학 관련 산업현장에서 창조적으로 활동할 전문가 및 지도자를 키우는 것에 교육목표를 두고 있습니다."
축산과,"글로벌화로 농축산물 수출입의 개방 시대가 되면서 그 어느 때보다 축산업의 역할이 중요해졌습니다. 축산과에서는 동물자원의 증식과 생산, 생산물을 이용하여 축산업을 발전시키기 위해 필요한 다양한 지식과 방법에 대해서 공부합니다. 축산과는 동물들에 관한 생물학적 연구와 경영관리에 필요한 지식을 바탕으로 우리나라의 축산업을 발전시킬 전문가를 양성합니다."
광고디자인과,우리는 어떤 광고를 보면 그 이미지나 영상 혹은 소리가 계속 떠오를 때가 있습니다. 이처럼 광고디자인은 보이는 아름다움도 중요하지만 사람들에게 기억될 수 있도록 디자인되어야 합니다. 계속해서 변화하는 사회에 맞는 과학적이고 합리적인 설득기술을 필요로 하는 것입니다. 광고디자인과는 정보문화의 선두주자로서 전문지식을 갖춘 유능한 광고 인력의 배출을 목표로 과학적인 광고이론 교육과 인쇄매체 및 방송매체의 실무제작 교육을 통하여 창의적인 광고를 제작할 수 있는 광고 디자이너로서의 자질과 능력을 갖춘 전문인의 양성을 목표로 합니다.
산업디자인과,"디자인은 경쟁력입니다. 기능성이 우수한 디자인은 물론, 참신하고 아름다운 디자인도 중요합니다. 산업디자인과는 생활에 필요한 다양한 산업제품들을 기능적이고 예술적으로 디자인하고 생산 시스템을 발전시키기 위한 분야입니다. 정보화시대에서 요구하는 산업 디자인의 요소들을 집중적으로 교육함으로써 현대 산업화 사회는 물론 미래 사회에 대응할 수 있는 창조적이고, 실무적인 전문 산업디자이너를 양성하는 것에 교육 목표를 두고 있습니다. "
간호학과,나이팅게일 선서에 대해 들어본 적 있나요? 간호사의 역할과 마음가짐에 대한 선서입니다. 간호학과에서는 실제 필요한 간호 지식을 가르쳐 환자를 잘 돌볼 수 있는 간호사를 키우고자 합니다. 간호학과에서는 사람들의 건강을 증진시키고 질병에서 오는 고통을 줄여 더 행복한 삶을 살 수 있도록 돕는 방법을 배웁니다.
경제학과,"왜 우리는 갖고 싶은 것을 다 가질 수 없고, 그중 일부를 ‘선택’해야만 하는 걸까요? 우리의 욕망은 끝이 없지만, 욕망을 모두 충족시킬 만한 돈이나 자원은 부족하기 때문입니다. 경제학과는 이와 같이 ‘한정된 자원을 이용한 최선의 선택’에 대한 문제를 다룹니다. 경제학과에서 공부한 여러 기초 이론 및 사회경제, 국가경제 관련 이론을 바탕으로 졸업 후에는 기업, 국가기관 등에 진출합니다."
고고학과,"과거 선조들이 남긴 유적이나 유물을 통해 과거의 문화와 역사를 밝히는 학문으로 문헌기록이 부족한 역사시대를 연구하는 유일한 학문이며 그 역할이 점점 커지고 있는 추세입니다. 우리의 역사와 문화를 연구하여 한국인의 정체성을 확립하고 문화재 보존과 복원에 기여하며 인류사회가 지나왔던 사회, 경제, 문화 등에 대한 학습을 통하여 오늘날 우리사회의 정체성과 위상을 이해하게 하는 학과입니다."
금속공학과,"영화 ‘아이언 맨’에서 주인공 토니스타크는 강철로 제작된 아이언맨 슈트를 입고 적들의 무차별한 공격에도 쉽게 상처를 입지 않습니다. ‘아이언 맨’의 겉옷은 어떤 재료로 만들었을지 궁금하지 않나요? 금속공학과는 금속재료의 성질에 대한 이해, 금속의 사용 방법, 금속 신소재를 이용한 개발 등에 대해서 배우는 곳입니다. 금속공학과는 금속 재료를 개발하고, 여러 산업에서 사용되는 금속과 재료의 문제점을 개선하고 보완 시킬수 있는 전문가를 양성하기 위한 학과입니다. "
기계공학과,"사람을 대신하여 반복적이고 정교함이 필요한 일들을 기계가 하는 시대가 되었습니다. 기계공학과에서는 기계에 관한 지식과 실습을 통해서 일상생활에서 필요한 기계와, 기계를 이용한 다양한 설비나 장치를 개발하는 방법에 대해서 배웁니다."
도시계획학과,"도시계획학은 땅과 그 위에서 일어나는 삶의 관계를 탐구하는 학문입니다. 따라서 도시계획학의 목적은 땅과 인간, 땅을 매개로 하는 인간과 인간 간의 관계를 적절히 정립하고 계획하고 관리함으로써 불특정 다수의 복리를 증진시키는 데 있습니다. 또한 도시계획학은 땅과 그 부속물을 다루기 위한 공학적 기술과 인간관계를 다루는 사회과학적 지식을 동시에 요구하는 종합 과학적 학문이기도 합니다. 도시계획학과는 국토공간과 도시 및 지역에서 나타나는 각종 문제점을 찾아보고 이를 통해 적절한 대책수립과 계획입안을 수행할 수 있는 전문 인력 양성에 교육목표를 두고 있습니다."
도시공학과,"30년후 미래 도시가 어떻게 변할지 상상해 본 적 있나요? 미래 도시는 사물인터넷과 사이버 물리시스템, 빅데이터, 5G인터넷 등 최신IT 기술을 기반으로한 스마트 도시,와 지하도시, 해저도시, 해상도시, 우주도시 등 다양한 형태와 모습으로 변해갈 것입니다. 도시공학과는 사람들의 삶의 질을 높이고 쾌적한 생활 환경을 만들기 위해 도시가 가지고 있는 여러 가지 문제들을 해결하기 위한 방법에 대해서 배우게 됩니다. 도시공학을 통해 복잡한 도시 문제를 해결하고, 미래 도시를 계획?설계?건설하고 관리하는 데 필요한 역량과 지식을 갖춘 도시 전문가를 양성하고 있습니다."
문화인류학과,"인간과 문화에 대해 공부하는 학문으로 의ㆍ식ㆍ주와 같은 인간의 기본적 문화요소부터 사회, 종교 등 인간집단의 사회 및 문화를 조사하고 비교ㆍ연구함으로써 인류와 사회, 문화에 대해 종합적으로 심도있게 공부함으로써 인간과 사회에 대한 본질적인 이해에 도달하고자 합니다. 21세기 국가적으로 문화와 역사에 대한 콘텐츠가 중요시되고 있으며, 현재 인간사회가 당면하고 있는 수많은 문제들을 지혜롭게 헤쳐 나갈 방안을 모색할 수 있는 인류학자를 양성하는 데 교육목표를 두고 있습니다."
문화재과,"
문화재란 우리의 선조들이 남긴 문화유산으로 보존ㆍ전승할 만한 가치가 있는 것을 말합니다. 유형의 문화재는 본래의 장소, 혹은 완비된 시설에 원형 그대로 그 가치를 유지ㆍ보존해야 합니다. 그런데 국가와 사회의 발전에 따른 산업화ㆍ도시화의 진전에 의해 문화재의 발굴이 불가피하게 되었고, 그 수요도 증가 추세에 있습니다. 이에 문화재과는 문화유산의 가치를 이해시키고, 문화재의 조사 발굴, 복원, 보존 방법에 대한 이론 강의 및 실습을 통해 문화재 관리전문가 양성을 교육 목표로 두고 있습니다. 
"
반도체학과,"우리가 평소 흔히 볼수 있는 컴퓨터, 스마트폰, 자동차, 각종 생활 전자제품이 작동할 수 있는 이유는 바로 반도체가 있기 때문입니다.  반도체학과는 여러 제품에서 핵심적 역할을 하고 있는 반도체를 개발하고 기능과 성능을 개선하기 위해 필요한 관련 지식을 배우는 학과입니다. 반도체의 작동원리, 반도체 설계,, 제조에 필요한 공정이나 과정 새로운 장비와 설비, 최신 기술에 대해서도 배우게 됩니다. "
법학과,"법학과는 법에 대한 이해와 지식을 이론적ㆍ실제적으로 습득하도록 함으로써 올바른 법생활을 영위하고 국가와 사회에 기여할 수 있는 건전한 민주시민을 양성하기 위한 학과입니다. ‘사회가 있는 곳에 법이 있다.’ 라는 말이 있습니다. 이처럼 법은 사회의 질서를 유지시켜 주는 가장 중요한 규범입니다. 법학과는 법률에 대한 전문적인 연구와 교육을 제공합니다. 
법학과는 사회 각 분야의 정의와 민주주의를 실현하기 위해 법률에 대한 전문적인 지식과 자질을 갖춘 유능한 법률 전문가를 양성하는 곳입니다."
부동산과,"부동산과는 부동산, 금융, 증권업에 관한 이론과 실무를 통해 정보화 사회와 지식산업 사회에의 적응을 도와주는 부동산 전문가를 양성하는 것에 교육 목표를 두고 있습니다. 부동산과에서는 부동산과 인간 간의 왜곡된 인식의 전환을 도모하여 보다 나은 부동산환경의 인간생활을 위하여 조사 연구를 진행하고 있습니다."
부동산학과,"부동산 시장의 개방, 부동산의 정보화, 실물시장과 자본시장의 통합화에 따라 부동산에 대한 일반의 부정적 시각은 크게 완화되었을 뿐만 아니라 부동산이 이제 규제의 대상이 아니라 국부의 원천이며 건전한 투자자산이라는 인식이 확산되고 있습니다. 과학적이고 체계적인 분석에 기초한 부동산 개발 기법의 대두, 실물시장과 자본시장의 결합에 따른 다양한 부동산 금융기법의 도입 등 부동산 시장의 선진화가 지속적으로 이루어지고 있습니다. 대외적으로는 세계경제의 국제화, 개방화 추세에 따라 부동산시장은 이제 국내시장만이 아닌 세계시장으로 그 범위를 넓혀 가고 있으며, 부동산 전문가의 활동 영역이 세계적으로 넓어지고 있고, 보다 광범위한 전문 지식을 요구하고 있습니다. 부동산학과는 최근의 부동산 시장의 변화에 발맞추어 부동산 경제, 경영, 개발, 법, 기술 등 다양한 분야를 종합적으로 연구ㆍ교육함으로써 전문 지식을 갖춘 전문가들을 배출하는 데 교육 목표를 두고 있습니다."
사학과,"‘역사를 잊은 민족에게 미래는 없다.’ 라는 명언이 있습니다. 이 명언에서 알 수 있듯이 역사가 중요한 이유는 과거, 현재, 미래는 단절된 것이 아니라 연속적이며, 과거는 단순히 지나가 버린 것이 아니라 살아 있고 의미가 있기 때문입니다. 역사학과는 이처럼 중요한 역사와 그 의미에 대해 배우며, 과거와 현재를 성찰하고 미래 사회를 주도하는 인재를 키웁니다."
산업공학과,"체계적인 시스템과 다양한 학문, 그리고 기술의 융합 시대입니다. 빠른 기술 변화 시대에는 융합과 체계적 시스템으로 효율성을 높이는 것이 핵심입니다. 산업공학과는 현재보다 나은 일의 수행과 효율적인 시스템 운영 방법을 배우는 곳입니다. 이 학과에서는 제품 생산과 전달의 전 과정에서 과학적이고 합리적으로 산업 시스템을 설계하고 운영하는 일을 담당하는 기술 경영 인재를 양성합니다."
세라믹공학과,"세라믹 공학은 산화물, 탄화물, 질화물과 같은 비금속 무기질 재료의 개발과 응용 방법을 공부하는 분야입니다. 물리, 화학, 전기, 전자 공학과 관련이 깊은 공학 분야입니다. 세라믹공학과는 다양한 재료 공학 실험과 연구, 체험 교육을 통해 세라믹 첨단 소재 개발을 위한 창의적 사고와 능력을 가진 전문 인력을 양성하는 데 교육 목표를 두고 있습니다."
신소재공학과,"우리 눈앞에 보이는 모든 것은 재료로 이루어져 있습니다. 스마트폰을 만들기 위한 반도체, 항공기의 특수합금재료, 탄소를 활용한 복합 재료, 태양열 발전에 필요한 태양전지 재료가 꼭 필요합니다. 신소재공학과는 다양한 재료의 기본적인 이해 및 재료 구조와 특질을 이해하고 새로운 소재의 개발, 가공, 기능 등에 대한 이론과 연구방법에 대해서 배우는 학과입니다. "
재료공학과,"인간의 역사를 말할 때 석기 시대, 청동기 시대, 철기 시대라고 한번 씩은 들어본 기억이 있지 않나요? 대표적인 시대의 이름 앞에 재료 이름이 붙여질 정도로 재료는 사람들의 생활에 중요한 역할을 하고 있습니다. 재료공학과는 재료, 금속, 바이오 등 각종 재료의 기능과 특징에 대해서 공부하고, 재료의 개발, 가공, 제조하는 기술에 대한 이론과 실습을 통해 배우는 학과입니다. "
지역개발학과,"우리나라 인구의 약 50%가 수도권에 살고 있습니다. 지방을 떠나는 인구가 늘면서 지역 격차 문제 해결을 위한 지역 개발의 중요성이 커지고 있습니다. 지역개발학과는 여러 지역의 문제를 분석하여 해결할 수 있는 이론과 방법을 연구합니다. 또, 각지역의 토지, 주택, 교통, 환경에 대해 분석하여 지역사회 발전을 위한 인력을 양성합니다."
회계학과,"회계는 기업을 포함한 경제 주체들이 합리적인 의사결정을 할 수 있도록 유용한 정보를 제공하는 정보시스템입니다. 모든 경제 주체들은 제한된 자원에 대한 효율적 배분을 통해 최대의 효익을 얻고자 합니다. 회계정보는 자원배분이 효율적으로 이루어지도록 지원하며, 회계학은 이러한 회계정보를 과학적이고 체계적인 방법으로 산출, 해석하도록 하는 학문분야입니다. 회계학과는 미래의 경영 및 회계 변화도 예측할 수 있는 자질을 함양함으로써 유능한 회계 실무자를 양성하는 것에 교육목표를 두고 있습니다."
방송연예과,"방송연예과는 연극, 영화, 방송매체에서 필요로 하는 연기자와 예능인을 양성하는 것을 목표로 하고 있습니다.  주로 연기교육을 중심으로 교육하며 실기위주의 교육을 통해 연예계에서 필요로 하는 다재다능한 엔터테이너를 육성하는 데 중점을 두어 교육합니다. 연기 외에도 보컬, 댄스, mc분야의 엔터테이너와 방송, 영화, 연극의 연출자 및 제작진을 양성하기도 합니다. "
연극영화과,"
다양한 연기 수업을 배우며, 영화의 경우 시나리오, 촬영, 연출, 편집 등 영화를 제작하는 데 있어서 전반적인 업무의 실기를 습득할 수 있습니다. 연극영화과는 연기 및 연출, 무대 기술, 극장 등 연극 관련 전문 인력을 양성하고 영화 매체에 관련된 전문적인 연출과 스텝 및 연기자를 포함한 영상 제작 관련 인재 양성에 교육목표를 두고 있습니다. 인간정신에 대한 탐구를 바탕으로 능동적이고 창의적인 연극영화 관련 전문인을 양성하고자 합니다. "
연극영화학과,"최근에는 대중 영상 매체의 발달로 인해 연극과 영화는 대중이 가장 즐기는 것으로 이미 생활 속의 중요한 예술로 자리 잡고 있습니다.
연극영화학과는 연극ㆍ영화의 이론을 연구하고 실기 능력을 키우는 학문입니다. 또, 연극ㆍ영화학과에서는 교양과 지성, 실무 능력을 두루 갖춘 공연ㆍ영상 예술 전문가를 양성합니다."
건축공학과,"우리가 매일 보는 수많은 건축물은 어떻게 만들어진 것일까요? 건축공학은 인간이 사용하는 다양한 용도의 건축물과 공간을 만들기 위해 필요한 공학적 분야, 사회적 분야 등을 종합하여 배우는 학과입니다. 건축공학과는 공학적 지식(건축구조ㆍ시공ㆍ환경ㆍ설비ㆍ재료)과 건축 공간의 계획을 위한 기본 지식(건축계획ㆍ설계)을 습득하게 됩니다. 여러 형태의 건축물을 만들기 위하여 필요한 공간구획과 설계, 건축재료 선택,, 실제 시공에 이르는 복잡 다양한 업무를 포괄적으로 수행할 능력이 있는 건축 기술자와 전문가 양성에 목표를 두는 학과입니다.."
금형설계과,"금형설계과는 우리 일상생활에서 사용하고 있는 물건들, 스마트폰, TV, 자동차, 냉장고 등의 금형이 사용되고 있는 제품의 질적 향상과 가치를 높이기 위해 발전되고 있는 분야입니다. 금형설계과는 3D설계(제품설계, 금형설계, 공정설계, 역설계), CAM프로그래밍, CAE해석, 공작기계조작 등의 전문적인 지식과 기술을 배우며 금형산업을 발전시키기 위한 금형설계 전문가를 양성하는 것에 교육목표를 두고 있습니다."
산업설비자동화과,"인간의 생활을 보다 풍요롭고 편리하게하기 위하여 우리는 다양한 것들을 생산하죠? 그러기 위해서는 그것을 제작할 수 있는 산업설비 시설이 필요하고, 또 작동하거나 실행할 수 있는 기술이 필요합니다. 산업설비자동화과는 설비의 기본이 되는 용접공학, 배관공학, 전기전자공학과 자동화시스템공학을 기본으로 하여 철강제 구조설비, 용수처리설비 및 담수화설비, 냉동 및 냉장설비, 공기조화설비, 저장탱크 및 저장기지 설비, 송유설비, 가스설비 등의 설계, 시공을 다루는 학문입니다."
건축과,"인간은 각종 위협으로부터 안전하게 지낼 수 있도록 아주 옛날부터 집을 지으며 살아왔지요? 신석기 시대의 움집부터 조선시대 한옥 그리고 현대에 와서는 건축 기술이 발달하면서 정말 다양한 건축물들이 생겼습니다. 이러한 건축은 인간의 주거를 위해, 부와 권위를 과시하기 위해, 혹은 예술 작품으로써 지어지기도 합니다. 건축과는 최초의 상태와 변형의 방법이나 과정을 규정하고, 구조, 시공, 환경 분야를 통해 건축의 종합적 발전을 목표로 합니다. 또한 건축적 사고와 예술적 감성을 종합적으로 학습, 연마함으로써 국가발전에 기여할 수 있는 건축 분야의 전문가 양성에 교육목표를 두고 있습니다."
건축학과,"휴식과 편안함을 주는 집과 일을 하는 직장, 공부를 할 수 있는 학교와 학원, 식사와 쇼핑을 할 수 있는 상점 등에서 우리는 하루도 빠짐없이 수많은 건축물을 이용하고 있습니다. 건축학과에서는 우리가 외부 환경으로부터 보호받고, 사용 목적과 용도에 따라 건축물을 편리하고 쉽고 편안하게 이용할 수 있도록 건축물을 설계하고 만드는 방법에 대해 배웁니다. 건축학과는 역사, 문화, 예술, 인문학적 지식과 건축 관련 전문적 지식까지 종합적인 이론과 실습을 바탕으로 건축물을 만들 수 있는 인재를 양성하는 학과입니다."
토목공학과,"도로, 항만, 공항, 터널, 철도, 댐, 상하수도 시설 등 사회 기반이 되는 구조물을 만들기 위한 토목 계획과 설계, 토목 측량과 구조 해석, 토목 시공, 토목 시설물의 유지 관리와 운용 방법 등을 배우는 학문입니다. 토목공학과는 자연환경을 보존하면서 사람들이 편리하고 쾌적하게 살 수 있는 공간과 기반을 만들 수 있는 인재를 양성하는 것을 목표로 합니다."
토목과,"우리 주변에 빌딩이나 아파트와 같은 건축물들과 함께 꼭 필요한 구조물들은 무엇이 있을까요? 도로, 철도, 댐, 터널 등을 예로 들 수 있을 텐데요, 이러한 구조물들이 없으면 불편한 생활은 물론 자연재해로부터 안전하지 않을 수 있습니다. 토목과는 국토의 자연조건을 이용하여 이를 개발하고 보전하며, 인류의 복지 향상을 위한 댐, 발전소(수력, 화력, 원자력), 교량, 도로, 항만, 철도(일반철도, 고속철도, 전철), 상하수도, 지하철, 터널, 비행장, 대규모 공업단지, 환경시설 등 모든 건설 구조물을 계획ㆍ설계, 시공하고, 관리ㆍ유지할 수 있도록 기술을 습득하여 전문 인력을 배양합니다."
도시건설과,"도시건설과는 실험ㆍ실습 장비를 활용한 실무교육과 전산 설계, 지리 및 위치 정보 등 건설과 관련된 기술 교육에 중점을 두며, 건설공학 관련 시설물과 관련하여 구조물 설계의 계획, 시공할 수 있도록 학습합니다. 또한 건설 구조물 관련 제반 법규상의 문제들을 인식하고 이를 공식화하여 해결할 수 있는 능력을 지닌 전문인을 양성하는 것이 교육목표입니다. "
기계과,"사람의 힘으로만 할 수 있는 것도 있지만 기계를 이용할 때 훨씬 수월한 것들이 있죠? 기계는 복잡한 기계장치뿐만 아니라 지렛대, 도르래 등을 포함하기도 합니다. 기계는 여러 에너지를 기계 에너지로 바꾸어 힘과 운동을 전달하는 기능을 하지요. 그렇기에 기계과는 모든 산업에서 가장 중요하고 기본이 되는 분야로 산업 현장에서 기계기초기술에서 응용기술에 이르기까지 다양한 분야에 적용되고 있습니다. 국가의 기간산업인 중화학공업의 선도적 역할을 담당해 온 기계과는 고도의 기술이 요구되는 각종 정밀공작기계와 자동화설비의 설계, 제작, 운영, 관리에 필요한 기술인 양성에 교육목표를 두고 있습니다."
제어계측공학과,"제어계측공학과에서는 컴퓨터와 계측 기술, 산업용 로봇이나 자동화된 기계를 이용하고 제어하는 생산하는 과정과 기술 전반을 배웁니다. 제어계측공학과는 컴퓨터, 기계, 전자, 제어 계측, 전기, IT 등 다양한 공학 기술을 복합적으로 연결하여 효율적으로 활용할 수 있는 능력을 지닌 인재를 교육하는 데 교육 목표를 두고 있습니다."
제어계측과,"제어계측에서 ‘계측’이란 센서를 이용하여 주변 상황을 파악하는 것이고, ‘제어’란 계측으로 얻어진 정보를 이용하여 기계나 설비를 목적에 맞게 자동으로 조절하는 것을 뜻합니다. 그리하여 제어계측과는 일상생활 및 산업체의 각종 자동화 시스템을 구현하는데 필요한 계측기술과 제어기술을 종합적으로 다루는 분야라고 할 수 있습니다. 즉 전기, 전자, 제어, 컴퓨터 분야의 이론 및 기술이 유기적으로 연결된 복합 시스템을 이해하고 자동화 및 시스템의 고효율화에 필요한 첨단 기술을 연구하는 융합학문 분야입니다. 이에 따라 제어계측과는 자동화ㆍ로봇 분야의 기술을 연구하고, 제어 시스템의 하드웨어 및 소프트웨어를 설계, 개발, 운용할 수 있는 전문가 양성을 교육목표로 합니다. "
실내디자인과,우리가 이용하는 실내공간은 모두 철저하게 설계되고 디자인 된 공간입니다. 실내디자인은 건축과 더불어 인간이 생활하는 공간을 아름답고 기능적으로 구성하여 편리하고 아름다운 실내를 만드는 것을 목표로 합니다. 따라서 실내디자인과는 인간의 생활환경과 공간 개선의 중요성을 인식하고 건축의 내부공간을 중심으로 쾌적한 환경공간을 창조하여 예술 차원으로 승화시키는 전문 인테리어디자이너를 배출하는 데 교육목표를 두고 있습니다.
실내디자인학과,"실내디자인은 인간이 생활하는 모든 실내 공간, 즉 주거공간, 상업공간, 업무공간, 의료공간, 서비스공간, 전시공간 등을 입체적으로 디자인합니다.  실내디자인학과에서는 인간의 생활공간을 아름답고 쾌적하게 만드는 전문 인력을 양성하며 실내 환경과 건축에 대한 이해의 깊이를 더하여 아름답고 기능적인 공간을 창조할 수 있는 능력과 소양을 기릅니다. 실내디자인학과는 실내 공간을 인간이 생활하기에 편리하고 아름답고 쾌적한 환경으로 디자인할 수 있는 능력을 배양하여 미래의 공간 문화를 선도할 수 있는 전문 인력 양성을 교육목표로 두고 있습니다."
응용소프트웨어공학과,"하루 중 스마트폰상에서 앱이나 모바일 웹을 이용하지 않은 적이 있었나요? 지금 이 순간에도 모바일 앱스토어에는 편리하고 강력한 기능을 가진 유용한 앱들이 쉴 새 없이 등록되고 있습니다. 응용소프트웨어공학과는 PC, 모바일, 스마트 TV, 웨어러블 컴퓨터, 키오스크 등 각종 하드웨어에서 작동되는 응용소프트웨어를 개발하고, 이를 운용하는 데 필요한 지식을 배우는 학과입니다. 응용소프트웨어 분야의 새로운 개발 방법 도입과 혁신적인 기술을 두려워하지 않고 창의적으로 발전시킬 수 있는 인재를 양성하는 데 교육 목표를 두고 있습니다."
정보통신공학과,"차세대 인터넷, 스마트폰, 인공지능, 자율주행 자동차 정보통신 기술이 있어 실현 가능한 것들이에요. 정보통신공학은 통신 및 네트워크를 이용하여 질 좋은 정보를 수요자에게 빠르고 정확하게 전달하는 기술에 대해 다루는 학과입니다.  유ㆍ무선 통신 기술에 사용되는 통신 신호, 통신시스템 구조, 네트워크 기본 및 응용 이론, 차세대 통신 네트워크 기술개발 등에 대해 배우고 연구하는 학과입니다. "
경찰행정과,"현대사회는 개방화ㆍ도시화되면서, 각종 범죄의 수법도 다양해지고 있습니다. 우리가 안전하게 살아가려면 치안을 담당하는 경찰의 여러 역할이 중요하겠죠? 경찰행정과는 각종 범죄 현상의 원인과 대책을 연구하며, 다양한 범죄이론을 해석하고 적용하는 교육을 제공합니다. 또, 경찰을 비롯한 형사사법 및 행정기관에 종사할 전문 인력을 양성합니다."
경찰행정학과,"2000년대 이후 우리나라의 범죄율이 계속 증가하고 있습니다. 이에 따라 사회질서 유지와 치안에 대한 관심이 높아지고 있습니다. 경찰행정학과는 각종범죄 현상의 원인과 대책을 연구하며, 다양한 범죄이론을 해석하고 적용하는 교육을 제공합니다. 또, 경찰을 비롯한 형사사법 및 행정기관에 종사할 전문인력을 양성합니다."
경호스포츠과,범죄 문제는 국민의 안전과 직결되고 삶의 질을 평가하는 기준이 됩니다. 그런데 현대사회는 고도의 산업화와 도시화로 국가 공권력만으로는 범죄에 대응하는 것이 어렵습니다. 각종 범죄 발생에 따른 신변보호ㆍ시설경계의 관리를 책임질 경호경비요원의 매우 필요한 상황입니다. 이에 따라 경호스포츠과는 국가와 사회의 안전 그리고 가정과 개인의 신변을 보호하고 책임질 수 있는 경호전문가를 양성하는 데 목적을 두고 있습니다.
경호학과,"범죄 문제는 국민의 안전과 직결되고 삶의 질을 평가하는 기준이 되지만, 범죄가 늘면서 국가 공권력만으로는 범죄에 대응하는 것에 한계를 보이고 있습니다. 이러한 기류 속에서 경호학과는 산업시설 및 공공건물의 안전관리와 국민의 생명과 재산을 보호하기 위한 안전 및 경호에 관련된 학문입니다. 따라서 경호학과는 경호 분야에 관한 이론과 실무를 겸비한 경호 인력을 양성하고 있습니다."
경영학과,"‘경영’이란 특정한 목적을 달성하기 위해 구성된 조직을 관리하고 운영한다는 뜻입니다. 경영학과에 입학하면 주로 마케팅, 조직ㆍ인사, 생산 관리, 재무 관리 등 기업 경영에 대한 지식을 배웁니다. 졸업 후 주로 기업체에 종사하며, ‘경영’은 어디에나 필요하므로 기업 외 다양한 분야에도 진출할 수 있습니다."
교육학과,"교육을 뜻하는 단어 ‘education’은 ‘이끌어낸다’는 의미의 라틴어 ‘educare’에서 유래되었습니다. 교육은 개인의 무한한 가능성을 끌어냄으로써 국가발전에 기여합니다. 교육학과는 교육에 대한 학문적 이론과 학교 현장에서의 실습을 제공합니다. 또, 다양한 분야에서 교육 활동을 담당하며, 교육 현장의 각종 문제를 해결하는 교육 전문가를 양성합니다."
국제통상학과,국제통상학과는 국가 간의 교류가 증가하고 세계가 하나의 생활권으로 변해가는 현대의 시대적 흐름에 따라 국제통상의 실제와 관련된 이론 체계를 제공하는 교육과정을 통하여 급변하는 국제통상환경에 대한 적응력을 높이기 위한 학과입니다. 국제통상학과는 상품 및 서비스 무역의 실무교육을 통한 상담능력을 지닌 국제통상전문가를 배출합니다. 또한 국제 환경에 적절히 대응할 수 있는 자질과 소양을 지닌 국제비즈니스맨과 무역실무전문가를 양성하는 데 교육목표를 두고 있습니다.
무역학과,"무역학과는 글로벌 시대의 요청에 부응하여 경제, 경영 및 무역에 관한 여러 이론의 교육을 통해 국제 무역에 대한 인식 및 실천 능력을 함양함으로써 국제발전은 물론 국제사회의 발전에 공헌하기 위한 학문입니다. 자원과 땅덩이가 부족한 우리나라가 단기간 내에 고도의 발전을 이룰 수 있었던 주요 계기는 바로 무역입니다. 무역학과에서는 이처럼 경제 발전에 중요한 무역에 대한 기본 이론과 실무를 배웁니다. 국가 간 무역 이론과 상거래 이론을 바탕으로, 무역학과는 세계화 시대에서 다양한 국가와의 대외 무역을 주도하며 국가 경제 발전에 이바지할 수 있는 인재를 배출합니다."
세무학과,"세무학과는 회계학적 사고와 세법의 이론을 바탕으로 경제학ㆍ경영학ㆍ법학ㆍ전산학 분야의 인접학문을 연구하여 이를 세무관련 업무에 적용할 수 있는 세무인력을 양성하기 위한 학과입니다. 돈과 관련된 상품ㆍ서비스에 대해 배우는 ‘금융’, 기업 및 기관의 재무상태 분석 및 자산관리, 예산과 연관된 ‘회계’, 개인이나 기업 및 기관이 내는 세금과 관련된 ‘세무’. 금융ㆍ회계ㆍ세무학과에서는 돈과 관련된 정보를 산출하고, 이를 잘 관리할 수 있는 전문 인력을 육성합니다."
심리학과,"‘나는 무슨 문제로 이렇게 힘들어할까?’ ‘이런 일이 있을 때 왜 우리는 이렇게 행동할까?’ 우리가 가끔 자신을 성찰할 때 하는 생각들입니다. 심리학에서는 이와 같은 개별 인간의 마음과 행동을 자세히, 그리고 과학적으로 공부합니다. 심리학과는 특유의 과학적 통찰력에 기반하여, 우리 사회의 많은 문제를 해결하는 동시에 개개인의 삶의 질을 높이는 데 기여하는 인재를 키웁니다."
해양경찰학과,오늘날 우리에게 해양은 고유한 해양자원일 뿐만 아니라 생활공간이자 국가간 주권수호 차원에서 좀 더 중요하게 바라보아야 합니다. 이에 해양경찰학과는 국제적으로 해양에 대한 관심과 중요성이 중대되고 있는 시대를 맞이하여 우리나라의 해양주권과 해양안전을 확보하고 해양환경을 보전하며 해양자원 보호 및 해양질서를 유지하기 위하여 해양경찰학 분야의 전문 지식과 기술을 교육함으로써 해양경찰의 발전에 기여할 전문 인력 양성을 교육목표로 두고 있습니다. 
무용과,"우리는 손짓, 몸짓을 통하여 감정을 표현하기도 하죠? 무용은 우리 몸의 다양한 움직임을 통해 내면세계를 표현하는 예술입니다. 무용과는 무용 각 장르별 실기교육을 통해 창작 실습과 관련된 이론을 겸비한 창의적인 예술인을 양성합니다. 또한 무용의 올바른 이해와 익힘, 그리고 이를 바탕으로 우리 춤의 발전과 정립 방향에 대한 꾸준한 탐구를 통하여 창의적인 무용인 양성을 교육 목표로 합니다."
무용학과,"
무용은 인간 신체의 미적 움직임을 토대로 내면 세계를 표현하는 예술입니다. 무용학과는 기본기를 바탕으로 다양한 기술을 개발하여 인간의 삶을 더욱 아름답게 가꾸어 나갈 무용 인재를 양성합니다. 다양한 무용 분야의 실기 및 이론교육 그리고 감상, 공연, 실습 등을 통해 무용으로 사회에 영향력을 발휘할 수 있는 기회를 얻을 수 있습니다. "
사회체육과,"사회 체육이란 ‘일반 사회인을 대상으로 하는 공공 체육’을 의미합니다. 경기를 위한 스포츠가 아닌 유아, 청소년, 성인, 노인 등 개인 모두가 생활 속에서 자발적 참여활동을 통하여 건강을 증진시키는 것이 목적이지요. 이에 따라 사회체육과는 현대인이 풍요롭고 건강한 삶을 누릴 수 있도록 일반 스포츠를 비롯한 여가 및 사회체육, 레저스포츠 등을 교육하여 새로운 체육 문화를 이끌어 가는 인재를 양성하고자 합니다."
사회체육학과,"사회체육학과는 고도 산업사회에서 여가 생활의 증대와 개인의 건강 유지에 필요한 사회체육 지도자로서의 자질을 기릅니다.
사회체육학과는 스포츠학의 이론적 지식과 실기 지도 능력을 전문화하고, 현장체험학습의 다양화와 연구 활동을 바탕으로 지도자, 나아가서는 관리자, 전문 경영인로서의 교양과 덕목을 갖추어 학생 개개인을 현 사회가 요구하는 스포츠 멀티플레이어로서 특성화하는 것을 목표로 합니다."
체육학과,"현대인의 수명이 연장되면서 건강과 여가 시간에 대한 관심이 높아지고 있습니다. 이에 따라 체계적으로 체육활동을 지도할 수 있는 전문 인력에 대한 요구도 점점 커지고 있습니다.
체육학과는 신체에 의해 이루어지는 교육으로 지도자 양성을 위한 프로그램과 다양한 실기 실습 교육을 제공합니다. 또, 체육학과는 전공 학문에 헌신하는 동시에 우수한 실기 능력을 갖춘 전문 체육인을 양성합니다."
행정학과,"행정학과는 정부와 국민, 공공부문과 민간부문의 상호작용을 거시적인 관점에서 조망하며 정부의 바람직한 역할이 무엇인지를 묻고 나아가 다양한 국가운영의 제 분야를 효율적으로 관리하고 전체 국가와 각 사회 부문간의 균형적 발전 방향을 디자인하는 학과입니다. 특히 행정학은 ‘문제 해결’에 초점을 맞춘다는 측면에서 여타 학과와 차별화됩니다. 행정학과는 바람직한 국가 경영을 위해 정부와 공공기관이 하는 역할에 대해 연구합니다. 또, 중앙부처와 공기업 등 공공 분야의 효율적인 관리를 담당하는 행정 전문가를 양성합니다."
통계학과,"통계학은 수학적 지식을 바탕으로 자연 현상이나 사회 현상, 경제 현상의 다양한 특성 및 정보를 과학적으로 분석하고 결과를 이끌어 내는 이론과 방법에 관한 학문입니다. 통계학과는 통계적인 사고방식을 통해 분석력 및 비판력을 갖춘 인재를 양성하는데 목표를 두고 다양한 통계 이론 및 방법을 공부합니다."
식물자원학과,"식물자원학과는 인간이 필요로 하는 다양한 식물자원을 원활하게 공급하는 것과 관련된 학문을 다룹니다. 식물자원학과에서는 지구의 환경을 파괴하지 않으면서 식물자원의 생산성을 유지하여 인류의 생존에 필요한 만큼을 지속적으로 공급하기 위한 연구를 수행할 수 있습니다. 또한 각종 식물 유전자원, 즉 산채, 약용, 특용, 관상, 균이, 환경자원 식물 등의 탐색, 연구, 개발 및 보존 분야를 다룹니다. "
공예과,"금속, 흙, 나무, 천과 같은 물질들은 우리 주위에서 쉽게 볼 수 있고 구할 수 있지만 이것들이 없다면 인간은 살아갈 수 없습니다. 공예과는 인간이 가진 상상력과 다양한 물질을 통해 공예품을 풍요롭고 창의적으로 표현합니다. 조형예술의 한 장르인 공예에 있어 핵심 분야에 속하는 금속공예, 도자공예, 목칠공예, 섬유공예를 중심으로 이론과 실기를 조화롭게 교육하여 오늘날의 디자인제품과 구별되는 수공예품의 영역의 전문 공예가를 육성합니다. "
공예디자인학과,"우리는 생활 속에서 식기, 타일, 가구, 직물(텍스타일) 등 다양한 공예 제품과 함께 살아갑니다. 공예 디자인은 오랜 역사를 가지고 있을 뿐만 아니라 현대에서도 계속해서 발전하고 있는 분야입니다.
공업디자인과는 다양한 교과과정을 통하여 공업디자인의 복합적인 문제를 올바르게 이해하고 그 해결 방법을 효과적으로 모색할 수 있는 기량을 길러 디자인 문제를 스스로 해결해 나갈 수 있는 능력을 키웁니다.  산업현장에서 요구하는 창의력과 조형 능력, 관리 능력을 갖춤으로써 미래의 첨단 제품 디자인을 이끌어 갈 전문 디자이너가 되는 것을 교육목표로 합니다."
공예학과,"공예는 일상생활에서 필요한 물건들의 본래 기능을 살리면서 동시에 예술적인 성취도 이루어 낼 수 있는 모든 작업을 일컫는 말입니다. 이렇듯 공예의 종류는 다양한 편인데, 가구를 제작하는 목공예와 그릇을 만드는 도자기 공예가 가장 대표적입니다. 공예학과는 금속, 도자기, 목칠, 염직 등을 재료로 일상생활에 필요한 작품 및 도구를 만드는 지식과 기술 분야를 연구하는 학문입니다. 공예학과는 공예를 통해 우리의 삶을 더욱 풍요롭게 만들어 줄 창조적인 공예인을 양성하고 있습니다."
금속공예과,"학교에서 한국사를 공부하며 ‘청동거울’이라는 말을 들어본 경험이 있을 것입니다. 청동기시대 이래 우리나라에서 제작된 금속공예품은 매우 다양합니다. 시대가 변함에 따라 금속공예는 부가가치가 높은 금속산업으로 가공기술, 전문지식을 이용하여 새로운 디자인의 창출과 기술개발을 통해 발전하고 있습니다. 금속공예과는 경제 성장에 따른 장신구 및 귀금속 등 금속 공예품 수요의 확대로 금속디자인을 위한 디자인 능력 및 보석, 장신구 가공실습을 통해 전문 금속 공예품 디자이너를 양성하는 것에 교육목표를 두고 있습니다."
금속공예학과,"금속공예학과는 순수예술과 디자인으로서의 양면성을 가지고 있습니다. 따라서 귀금속뿐만 아니라 인간의 생활 주변을 예술적으로 승화시켜줄 수 있는 인테리어 소품에서 생활용품, 조각 작품에 이르기까지 다양한 영역을 아우릅니다. 금속공예학과는 귀금속, 비금속 보석 소재의 생활용품과 작품 등 금속공예 전 분야에 걸쳐 과학적 분석과 기법 탐구, 창조적인 조형 능력을 가진 유능한 금속공예가와 전문디자이너 및 우수 연구인력 양성에 교육목표를 두고 있습니다."
도자기공예과,"도자기는 우리가 사용하는 그릇과 컵 등 식생활을 비롯한 일상생활에 꼭 필요한 물건입니다. 도자기공예과는 이러한 실용성과 심미성을 갖춘 도자기를 만들어낼 수 있도록 현대사회의 요구에 맞추어 실력 있고 유능한 전문 도예인 양성에 중점을 두고 있습니다. 도자기공예과는 한국 도예의 전통을 계승하고 발전시켜 나가는 한편, 현대 도자의 새로운 영역에도 주시하여 오늘날의 변화하는 문화적 수요에 부응할 수 있는 인재 양성을 목표로 합니다."
산업디자인학과,"현대 과학기술의 발달과 생활 환경의 변화로 인해 모든 분야에서 새로운 디자인 개발이 요구되고 있습니다. 산업 디자인은 이러한 변화에 대응하여 시각 디자인, 제품 디자인, 환경 디자인 등의 각 분야에 이르기까지 다양한 분야에 적용되고 발전되고 있습니다."
기계설계공학과,"우리가 살아가는 환경에서 기계가 적용되지 않은 곳을 본적이 있나요? 산업혁명 시대 이후로 기계기술은 빠르게 발전해 왔습니다.  기계설계공학과는 점차 복잡해지는 기계설비와 장치들을 만들 수 있도록 설계하는 방법을 배우는 학과입니다. 기계설계, 열유체기계, 공조냉동기계, 각종 생산용기계,, 건축기계, 선박용기계, 발전관련 각종 에너지 시스템 설계 및 제작기법 등 설계 및 생산과정을 이해하고 창의적인 기계설계를 할 수 있는 전문 인력 양성에 교육목표를 두는 학과입니다. "
원예과,"원예과는 과수학, 채소학, 화훼 디자인 등의 학문을 토대로 하여 원예작물의 품종육성, 수확 후 관리기술, 재배기술 및 고부가가치 창조 등에 관한 기본 지식과 신기술에 대한 이론과 실기를 겸비하여 창조적이고 실천적인 농업 전문인을 양성하는 데 그 목표를 두고 있습니다. 원예과는 화훼, 채소를 생산ㆍ이용하고 활용할 수 있는 전문원예인 양성을 교육목표로 합니다."
원예학과,"지구 온난화에 따른 기후 변화 문제가 커지면서, 저탄소 녹색 성장이 중요해지고 있습니다. 원예학과는 숲의 산림 자원과 과수, 채소, 화훼 등 원예작물의 생산에서 활용까지 전 과정을 배우고, 자연환경을 아름답고 쾌적하게 조성하는 전문 인력을 기르는 곳입니다."
독어독문학과,"유럽 대륙에는 서양의 선진국들이 옹기종기 모여 있습니다. 독일은 이러한 유럽 국가들 중에서도 수출 규모가 가장 크고 공업 기술이 가장 발달한 경제 대국입니다. 독어독문학과에서는 유럽에서 경제적으로 중요한 위상을 차지하고 있으며, 문화ㆍ환경 선진국이기도 한 독일의 언어, 문학, 역사, 문화 등을 배웁니다. 나아가 독일어권의 다양한 국가에 대한 전문 지식을 갖춘 지역 전문가를 배출합니다."
러시아어문학과,"‘세계에서 가장 넓은 나라’, ‘발레 등 문화 예술이 발달한 나라’ 등 여러 수식어 외에도, 러시아가 최근 각광을 받는 이유는 경제 성장 잠재력과 풍부한 자원 덕분입니다. 러시아어문학과는 관련 어문학 인재 뿐만 아니라 한-러 관계를 돈독히 할 지역 전문가 배출에 힘을 쏟고 있습니다. 러시아어문학과에서는, 러시아어 및 러시아ㆍ동유럽의 문화, 사회, 역사에 대해 심도 있는 공부를 하게 됩니다."
불어불문학과,"예전에는 유럽의 교양어, 현재는 유엔 공용어. 불어는 이처럼 예나 지금이나 높은 위상을 차지하고 있는 영원한 제2외국어입니다. 불어불문학과에 입학하면 아직까지도 정치적ㆍ문화적으로 높은 영향력을 발휘하고 있는 프랑스어는 물론 문화, 역사, 사회에 대해 체계적으로 배웁니다. 졸업 후, 프랑스 및 프랑스어 권 지역 전문가를 필요로 하는 각종 기관 및 기업에 진출합니다."
세무회계과,"세무회계과는 정보화 시대에 적합한 기업회계정보를 제공할 수 있고 개인과 기업의 세무정보 수요를 충족시키며, 회계정보의 사회적 공공성 및 윤리성 제고를 위한 학문입니다. 세무회계과는 미래의 경영 및 회계 변화도 예측할 수 있는 자질을 함양함으로써 유능한 세무회계 실무자를 양성하는 것에 교육목표를 두고 있습니다."
수학과,이 세상의 모든 과학적 발견이 수학과 관련된다는 사실을 알고 있나요? 수학은 여러 자연현상이나 사회현상을 설명하고 분석하는 데 기초가 되는 학문입니다. 수학과에서는 현대 기술사회의 복합적인 문제들을 수학적 사고 방법으로 해결할 수 있는 유능한 인력을 키우는 데에 교육목표를 두고 있습니다. 수학과는 수학적 창의성과 사고 능력에 대해 공부하는 곳입니다.
스페인어학과,"사용 인구 수 기준 세계 4위, 사용 국가 수 기준 세계 2위. 아직까지 우리에게 많이 알려지지 않은 스페인 어의 위상입니다. 스페인어문학과에서는 이처럼 국제적으로 중요한 스페인어의 구사 능력은 물론 해당 문화권의 문학, 문화, 사회 등의 다양한 과목을 배웁니다. 졸업 후 한국과 스페인어 문화권 국가들의 교류를 활성화하는 지역 전문가 및 전문 인력으로 성장할 수 있습니다."
영어과,21세기는 국제화ㆍ전문화 시대이므로 영어 교육에서도 각종 매체를 통한 의사소통 능력의 중요성이 강조됩니다. 따라서 고도 산업사회에 필요한 인력의 영어 능력 향상을 위해 기능화되고 전문화된 어학 교육을 통해 언어 수행 능력의 직무와 밀접한 연관이 있는 부분에서 종사할 수 있는 유능한 실무 능력을 겸비한 영어 전문인 양성을 교육목표로 합니다. 
영어영문학과,"할리우드 영화, 미국 드라마, 팝송, 학교 영어 수업 등 우리가 영어를 전혀 접하지 않는 날이 한 달 중 며칠이나 될까요? 아마 없거나 손으로 꼽힐 것입니다. 영어영문학과는 이처럼 우리 생활에 밀접한 ‘영어’로 의사소통하는 법을 체계적으로 배울 뿐 아니라 영어학ㆍ문학 및 영미 문화에 대해서도 탐구합니다. 이처럼 체계적인 교육과정을 거쳐 영미어ㆍ문학 분야 인재를 배출합니다."
영어학과,영어학과는 영어권 세계의 다양한 문화를 받아들여 여러 분야로 진출할 수 있는 국제적인 영어전문가를 육성하기 위해서 포괄적인 통합교육과정을 운영합니다. 영어학과는 체계적인 외국어 교육과 독창적인 전공학문의 탐구를 통하여 무한경쟁의 미래 사회를 선도할 수 있는 국제적인 감각과 고도의 외국어 능력을 겸비한 고급 전문 인력을 양성하는 데 교육목표를 두고 있습니다.
유럽ㆍ기타어과,"유럽ㆍ기타어과는 유럽 여러 국가의 언어와 문학을 체계적이고 깊이 있게 습득함과 동시에 유럽 문화 전반에 대한 이해를 넓힘으로써 국제화 사회에 능동적으로 대처할 수 있는 능력을 키우는 분야입니다. 유럽ㆍ기타어과는 국제화 시대를 맞이하여 유럽 여러 국가들과의 정치, 경제, 문화, 사회일반 등 다방면의 교류가 점차 확대됨에 따라 유럽 시장을 선점할 수 있는 실무능력 있는 전문인 양성을 교육 목표로 합니다."
일본어과,"급변하는 21세기의 정보화, 국제화 현실은, 그 어느 때보다도 절실하게 실무 외국어 구사능력을 요구하고 있습니다. 특히, 시대적, 지리적, 경제, 사회, 문화적으로 일정하게 영향을 주고받는 일본과의 교류의 중요성은 나날이 부각되고 있습니다. 이에 일본어과는 일본어를 체계적으로 습득하고 일본 문화를 비롯한 일본 사회 전반을 심도 있게 이해함으로써 국제적 안목을 가지고 일본 관련 업무를 수행할 수 있는 전문인력 양성을 교육목표로 두고 있습니다."
일어일문학과,"일어일문학과는 일본의 언어만 아니라 문학, 사회, 정치, 경제, 문화 등 일본과 관련된 인문학 및 사회과학 전반에 대해 탐구하고 연구합니다. 이를 통해 일본어문학과 일본문화에 정통한 일본전문가를 양성하고 한일관계를 선도하고 국제사회에 기여할 글로벌 리더를 양성하는데 목표가 있습니다."
중국어과,"중국어과는 관광, 무역 등에 종사할 수 있는 중국 전문가 교육을 실시하고, 세계의 경제, 무역의 중심 국가로 떠오르는 중국을 겨냥한 완벽한 중국 전문인 양성을 목표로 실용 중국어 교육을 실시하며 실무 능력을 기르도록 합니다. 중국어과는 중국과 대만, 동남아 등 중화 문화를 이해하고 그들과의 정치, 경제, 문화 교류에 능동적으로 대처할 수 있는 전문 인재 양성을 교육목표로 합니다."
중어중문학과,"매우 높은 성장 잠재력을 지닌 중국은 이미 최강대국 미국과 어깨를 나란히 하는 G2 국가로서 세계 무대에서 확고한 위치를 차지하고 있습니다. 중어중문학과는 중국의 문학과 언어에 대한 심도 있는 소양을 갖춘 중국 전문가를 배출하고자 합니다. 중어중문학과에서는 체계적인 중국어 지식뿐 아니라 중국문화권의 역사, 사회, 문화, 경제 전반에 대해 배웁니다."
광고기획과,"광고기획은 마케팅의 실행전략이라 할 수 있으며, 이윤 추구를 목적으로 하는 기업조직은 물론 비영리 조직, 개인에 이르기까지 그 필요성이 증대되고 있습니다. 광고기획과는 광고 및 홍보와 관련된 폭넓은 이론을 습득함과 동시에 광고 및 홍보의 제작 및 기획, 마케팅 커뮤니케이션, 광고심리학, 특수 광고, 영상 촬영 편집, 이벤트기획 등 광범위한 관련 실습과 이론 및 기법의 폭넓은 습득을 통해 광고전문가를 육성하는 것을 목표로 합니다."
광고홍보학과,"광고홍보학과는 정보화 시대의 미디어 환경 변화에 대응하는 전략가 및 기획자, 실행자로서의 미래형 커뮤니케이션 전문가를 양성하기 위한 학문입니다. 광고홍보학과에서는 광고와 홍보 관련 전문 지식과 실무능력을 배움으로써 ‘사람의 마음을 움직일 수 있는’ 창의적 인재를 양성하는 것을 목표로 하고 있습니다."
신문방송학과,"신문방송학과는 정보통신 기술의 비약적 발전에 따라 커뮤니케이션이 전통적인 신문, 방송, 출판 등의 범주를 넘어서 각종 오락산업, 정보 서비스, 통신 서비스를 망라하는 멀티미디어 종합정보통신사업으로 확대되고 있는 현실 사회에 바람직한 미디어 문화와 대중매체의 발전에 기여할 수 있는 전문 인력을 양성하는 학과입니다. 전공 학생들은 신문학, 방송학, 출판학, 신문제작, TV 및 라디오 제작, 컴퓨터 그래픽, 취재보도, 보도사진 등에 관한 이론과 실습을 병행하여 익힐 수 있도록 합니다."
언론홍보학과,"언론홍보학과는 사회현상으로서의 커뮤니케이션 현상을 과학적으로 연구ㆍ분석함으로써 보편타당한 커뮤니케이션 이론을 정립하고 체계화시키려는 학문입니다. 언론홍보학과는 사람들 간의 원활한 소통을 위해 신문, 방송, 영상 매체, 정보통신 등 대중매체에 대해 연구합니다. 또, 바람직한 미디어 문화와 대중매체의 발전에 기여하는 전문 인력을 양성합니다."
디지털디자인과,"디지털시계와 아날로그시계라는 말이 있죠? 태엽의 힘을 이용하여 시침과 분침, 초침으로 시각을 표시하는 시계를 아날로그 방식이라고 한다면, 시간의 변화를 숫자로 나타내는 전자시계는 디지털 방식이라고 합니다. 이렇듯 디지털이란 자료나 정보를 0과1과 같은 유한한 자릿수의 숫자로 나타내는 방식이지요. 우리가 사용하는 컴퓨터는 모든 정보를 이런 디지털 신호로 받아들이고 내보냅니다. 오늘날 과학기술이 발전함에 따라 인터넷 플렛폼이나 스마트폰, 카메라 등 다양한 디지털미디어들이 활용되고 사용되고 있습니다. 디지털디자인과는 예술과 과학기술을 융합하여 콘텐츠를 포함한 디지털 관련 산업에 많은 요소에 디자인을 적용할 수 있도록 전문 인재의 양성을 목표로 합니다. "
시각디자인과,"만약 비상구의 표지가 글로만 되어 있다면 어떨까요? 혹은 초록색이 아닌 하얀색이었으면 어땠을까요? 분명 원래의 표지보다 비상구를 찾는 것이 쉽지는 않았을 것입니다. 이처럼 시각디자인과는 문자에 의한 전달과는 달리 이미지나 심벌 등에 의한 전달로 더 쉽고, 명확하게 알 수 있으며 상황에 따라 알맞은 정보를 제공하는 것이 요구됩니다. 시각디자인과는 현대 산업사회에서 보다 다양한 모습으로 변화하고 있으며, 이러한 시대와 사회적 요구에 맞추어 전공 이론과 실무 능력을 갖춘 창조적인 시각 디자이너를 양성합니다."
시각디자인학과,교통 표지판의 그림이 친숙하죠? 문자에 의한 전달과는 달리 이미지나 심벌 등에 의한 전달은 더 쉽게 알아볼 수도 있고 더 기억에 남을 수도 있습니다. 시각디자인 학과에서는 정보나 메시지를 시각화하여 효과적인으로 전달할 수 있는 시각 디자인에 관하여 배웁니다.
사회복지과,사회복지과는 삶의 질에 대한 관심도가 높아지고 국가와 지방자치단체의 복지정책과 연계하여 지역사회뿐 아니라 국가의 건강한 삶과 복지 향상을 위한 학과로 다양한 분야에 적용되고 있습니다. 사회복지과는 현대 사회에서 발생하는 다양한 사회문제에 효과적으로 대응하며 인간의 삶의 질을 향상시킬 수 있는 사회복지 전문 인력을 양성하는 것에 교육 목표를 두고 있습니다.
사회복지상담과,현대인들은 물질적 풍요와 편리를 누리는 반면 다양한 심리 문제를 경험하고 있습니다. 사회복지상담과에서는 이를 예방하고 해결할 수 있도록 도움을 주며 사람들이 건강한 마음을 가질 수 있도록 연구합니다. 사회복지상담과는 사회복지 실천 현장에서 꼭 필요한 복지 전문 상담가를 양성하는 것에 교육 목표를 두고 있습니다.
사회복지학과,"사회복지학은 인간 중심의 철학을 바탕으로 평등, 정의를 실현하기 위한 학과입니다. 사회복지는 더불어 사는 행복한 사회를 만들기 위한 노력을 뜻합니다. 사회복지학과는 다양한 사회문제의 해결 방법을 연구하고 실천하기 위한 교육을 제공합니다. 또, 인간의 삶의 질을 높이고 평등과 정의를 실현하는 데 기여하는 사회복지 인력을 양성합니다."
교육공학과,"최근 우리나라에서 디지털 교과서를 활용한 수업이 세계 최초로 이루어졌습니다. 각종 첨단기기, 앱, SNS를 통한 스마트러닝은 교육 현장을 빠르게 변화시키고 있습니다. 교육공학과는 보다 나은 교육 환경과 방법을 만들기 위해 다양한 이론과 기술을 연구합니다. 또, 학습자의 창의적 학습을 위한 교육 프로그램을 설계ㆍ개발하는 전문가를 양성합니다."
과학교육과,"정보기반사회ㆍ지식기반사회로 발전해가는 현대사회에 발맞춰 과학 교사를 양성하기 위한 공부를 합니다. 
사람의 경우 산소 없이 5분이 지나면 뇌사 상태에 빠지고, 8분이 되면 사망한다고 합니다. 사람에게 이렇게 중요한 산소는 자연으로부터 옵니다. 과학교육과는 자연 내 사물의 구조나 성질, 운동 방식 등 보편적인 진리나 법칙에 대해서 배우는 곳입니다. 물리, 지구 과학, 화학, 생물 등 자연과 관련을 맺고 있는 교과목을 가르치는 교사를 양성합니다."
국어교육과,"우리가 매일 접하는 모국어와 문학은 모든 학문의 기초라 할 수 있습니다. 국어교육과에서는 올바른 인성과 국어학, 국문학 등에 대한 지식을 바탕으로 학생들에게 국어 교육을 할 수 있는 인재를 양성합니다. "
독일어교육과,"독일어교육과는 중ㆍ고등학교 독일어 교육에 필요한 지식들을 습득 및 연구하도록 하여 훌륭한 자질의 독일어 교사를 양성합니다. 독일어교육과는 독일어의 실용능력 및 독일의 역사, 문화, 경제, 사회 등 독일의 선진문화를 이해하고 습득하고자 합니다. 이를 바탕으로 학교에서 독일어를 가르칠 교사뿐만 아니라 독일과의 다양한 교류에 필요한 역량 있는 인적 자원 양성에 교육 목표를 두고 있습니다."
물리교육과,물리교육과는 학부생들에게는 물리학과 과학에 대한 기초적인 지식과 중ㆍ고등학교에서의 과학(물리)교사에게 필요한 물리교육과 과학교육을 제공하고 있습니다. 물리교육과는 사범대학에서 추구하는 교육 목적과 목표를 달성하기 위하여 건전한 인격의 소유와 탁월한 전문지식을 바탕으로 한 인재를 육성합니다. 창의적이고 유능하며 국가와 지역사회의 발전에 기여할 수 있는 책임감 있는 교사 양성에 교육 목표를 두고 있습니다.
미술교육과,미술교육과는 미술 전 영역에 걸친 기초 기능을 연마하는 데 중점을 두며 미술 이론을 체계화하여 미술에 대한 이해를 높이고 작품 활동의 방향을 제시합니다. 미술교육과는 자유롭고 창의적이고 개성적인 조형 능력을 가지고 폭넓고 풍부한 미술 전반에 대한 지식을 넓히고자 합니다. 세계문화 속의 일인으로 각자 역할을 다 할 수 있는 작가와 유능한 미술교육자 양성에 교육 목표를 두고 있습니다.
불어교육과,"세계화와 더불어 선진 외국과의 정치, 경제, 사회, 문화적 교류가 확대되고 있습니다. 프랑스어는 전 세계 40여개 국가에서 사용되고 있는 언어로 국제정치, 경제, 외교적으로 중요한 언어 중 하나입니다. 불어교육과에서는 프랑스의 문학과 문화의 요소들을 연마하여 중ㆍ고등학교에서 프랑스어를 보급하고 서구문화를 이해시켜 후진 세대로 하여금 국제 사회에 창조적으로 적응할 수 있도록 도와줄 우수한 프랑스어 교사 양성을 목표로 합니다."
생물교육과,생물교육과는 미래 세대의 과학교육에 있어 자연과학의 기초 지식 및 개념을 정립하고 생물 분야를 중점적으로 다루어 더욱 합리적이고 역동적인 과학교육 방향을 제시합니다. 생물교육과는 충실한 이론 습득과 다양한 실험실습을 통하여 과학적 사고방식과 탐구정신을 기르고자 합니다. 또한 생물학 및 과학 전반에 걸쳐서 학생들에게 과학기술과 사회를 연계하여 이해시킬 수 있는 조력자로서의 능력을 갖춘 우수한 과학교사 및 생물교사 양성에 교육 목표를 두고 있습니다.
수학교육과,"수학교육은 자연현상 및 사회현상에 내재된 본질을 파악할 수 있는 논리적 분석력, 종합적 판단력 등의 인간인식능력을 향상시킬 수 있는 여러 가지 방안을 수학을 도구로 하여 탐구하고자 하는 학문입니다. 수학교육과는 지식정보화 사회에서 필요로 하는 창조적인 능력을 배양하고 수학을 효율적으로 교육할 수 있는 우수한 중등 수학교사와 수학교육 전문가의 양성에 교육목표를 두고 있습니다."
역사교육과,역사교육과는 한국사와 세계사에 대한 올바른 이해와 역사교육자로서의 소양을 구비하게 하고 한국의 역사교육과 역사 연구에 기여할 수 있는 역량을 보유하도록 돕습니다. 역사교육과는 국가의 교원양성정책을 기초로 하여 바람직한 인간교육을 실현할 수 있는 이상적인 중고등학교 역사교사와 역사교육 전문가 양성을 교육목표로 두고 있습니다.
윤리교육과,윤리교육과는 청소년들에게 자유민주주의 국가의 국민으로서 우리나라의 역사ㆍ문화적 전통과 국가ㆍ사회적 현실에 대한 이해를 도울 수 있는 중ㆍ고등학교 교사를 양성합니다. 윤리교육과는 청소년들이 자아실현과 인격완성을 위해서 노력할 수 있도록 인도하고 이 외에도 우리사회의 각 생활 영역에서 발생하고 있는 도덕ㆍ윤리적 문제들을 구체적인 이론적 분석을 통해 그 해결 방안을 탐구하는 전문 연구인력 양성에 교육목표를 두고 있습니다.
일반사회교육과,"일반사회교육과는 폭넓은 지식에서부터 사회과의 이론들을 교육자적 입장에서 습득하고 빠르게 변화하는 세계에 적응 및 대처하는 능력을 습득합니다. 이로써 중등학생이 합리적으로 의사결정을 하게하고, 민주시민으로 성장할 수 있도록 조력하는 참사랑을 가진 교사로 거듭나도록 합니다. 일반사회교육과는 중등학교 학생들의 사회 탐구능력과 합리적 의사결정능력 및 건전한 민주시민의식 함양을 담당할 유능한 사회과 교사 양성에 교육목표를 두고 있습니다."
지구과학교육과,"지구과학은 천문학, 지질학, 기상학, 해양학의 우주 지구 분야를 연구합니다. 지구과학교육과는 각 분야에 대한 전공 지식을 습득하고 이들 지식을 효과적으로 학생들에게 가르칠 수 있는 방법을 지구과학 각 분야의 전공 지식 및 교과교육을 통하여 학습할 수 있도록 교육과정을 운영하고 있습니다. 지구과학교육과는 지구의 대기, 지질, 해양 및 천문 분야에 관한 깊고도 폭넓은 지식을 갖춘 우수한 중ㆍ고등학교 지구과학 교사와 지구과학 및 지구과학 교육 분야의 전문 인력을 양성하는 데 교육목표를 두고 있습니다."
지리교육과,"지리학은 지표상에 나타나는 인문 및 자연 현상의 공간적 분포와 상호 연관성을 연구하는 학문으로서 주요한 연구 대상은 공간조직, 자연환경, 인간과 자연의 관계, 도시구조, 지역개발 등입니다. 지리교육과는 지리학과 지리교육학의 전문 지식을 교육하고 이를 중등학교와 사회 현장에서 응용할 수 있는 능력을 기를 수 있도록 교육이 이뤄집니다. 지리교육과는 중학교 사회과의 지리교육, 고등학교 지리교육에 필요한 지리학 및 지리교육에 관한 폭넓은 이론 연구와 다양한 현장 실습을 실시하고 지리과의 교수, 학습 및 평가에 정통하고 사고 능력이 탁월한 지리교사 양성에 교육목표를 두고 있습니다."
체육교육과,"2002년 한일 월드컵이 개최될 당시, 전국 각지에서 울려 퍼지던 ‘대~한민국, 짝짝짝짝짝’ 함성을 기억하십니까? 스포츠는 온 국민에게 즐거움을 주며, 하나로 뭉치게 만들어 주는 중요한 역할을 합니다. 체육교육과는 체육 관련 분야를 공부하며 학생들에게 효과적으로 지식을 전달할 수 있는 방법론에 대해서 배웁니다. 체육교육과는 바른 인성을 가지고 스포츠 분야를 이끌어 갈 수 있는 인재를 양성하는 곳입니다."
초등교육과,"‘교육은 그대의 머릿속에 씨앗을 심어 주는 것이 아니라, 그대의 씨앗이 자라게 해 준다.’ 라는 말이 있습니다. 초등교육학과는 아이들의 특성을 잘 이해하여, 아이들의 학습 효과와 창의력을 높여 줄 수 있는 다양한 교육 방법에 대해서 배우는 곳입니다. 초등교육학과는 앞으로 아이들에게 필요한 기초적인 지식뿐만 아니라 인성교육을 올바르게 지도할 수 있는 초등학교 교사를 양성합니다."
한문교육과,"한문교육과는 한문교육에 관한 전반적인 지식과 이론체계를 폭넓게 전달하고 한문 고전의 올바른 이해를 이끌어 내고자 합니다. 이것을 통해 전통문화와 민족정신의 창조적 계승과 새로운 가치관, 문화의 형성에 기여합니다. 한문교육과는 중ㆍ고등학교는 물론 초등학교와 대학교, 더 나아가서 사회 각계의 한문교육을 담당하는 전문성을 갖춘 한문교사의 양성에 교육목표를 두고 있습니다."
화학교육과,화학교육과는 예비교사로서의 경험을 쌓게 하고 새로운 화학교육의 방향을 연구할 수 있도록 화학교과와 관련한 전문 지식을 제공하여 화학교육 전공 교사를 양성하는 학과입니다. 화학교육과는 급변하는 화학에 대한 지식을 교수하는 방법을 익히고 활용할 수 있으며 학생의 발달 특성과 인성적 특성을 이해하고 교사로서 품성과 자질을 갖춘 전인적 교육인 양성에 교육목표를 두고 있습니다.
국어국문학과,"우리가 매일 접하는 모국어와 문학은 모든 학문의 기초라고 할 수 있습니다. 따라서 국어국문학과는 한국의 모든 학과의 선도자라고 해도 과언이 아닙니다. 국어국문학과에서는 우리말과 우리말로 된 문화유산을 연구하고, 한국 문학을 세계적 수준으로 끌어 올릴 수 있는 인재를 키웁니다. 국어국문학과에서는 국어학, 국문학 등을 체계적으로 학습하고, 탐구하며, 글쓰기에 대해서도 배웁니다."
문예창작과,"창조의 정신에 입각하여 문학예술의 이론을 탐구하고 그 실제를 습작 실천하여 이론과 실제 양면에 통달한 문예 인력을 양성합니다. 즉 창작에 필요한 구체 실기를 정리 점검하여 육성하고 민족의 삶과 문화에 내재한 진정성의 모티프를 발현시킬 안목을 길러 문예창작의 이를 수 있도록 하여 한국 문화를 주도하고 나아가 인류 문화의 창달에 기여할 것을 교육 목표로 합니다. 이를 위해 시, 소설, 희곡, 수필, 아동문학, 드라마 등 전통 문학 갈래뿐만 아니라 대중문학, 영상문학, 사이버문학, 독서문화비평, 각종 글쓰기지도, 광고언어 등 다양한 영역에 걸쳐 관련 이론과 실기교육을 병행합니다. "
문예창작학과,"문학을 흔히 ‘언어로 이루어진 예술’이라고 표현합니다. 실제로 시와 소설은 언어를 통해 형식과 표현의 아름다움을 나타내는 예술의 형태입니다. 문예창작학과에서는 이와 같은 시ㆍ소설 창작 능력을 키우고 훌륭한 한국 문단의 스타들을 배출합니다. 이 학과에서는 문학 이론과 창작을 연구하고, 나아가 우리 삶의 현상과 의미를 문학적 표현으로 승화시키는 법을 배웁니다."
기악과,악기가 지닌 아름다운 음색을 통해 우리에게 음악을 전달해 주는 것이 바로 기악입니다. 기악학과에서는 여러 종류의 악기를 통해 고전음악부터 현대음악에 이르기까지 다양한 장르의 음악을 연주할 수 있도록 체계적인 음악이론을 바탕으로 전통적이고 현대적인 연주기법을 익히게 됩니다. 이를 통해 기악학과는 음악성과 연주기술을 겸비한 수준 높은 연주자를 양성합니다.
관광경영학과,"관광경영학과는 관광산업 전반에 대한 이론 수업과, 논문작성과 관련된 통계 및 연구조사방법 수업, 관광사업체 방문 및 업계인사 초청 특강 등 실무 중심의 수업을 통해 관광산업에 필요한 고급 인력을 양성하는 학과입니다. 관광학 분야는 여가와 관광에 대해서 체계적으로 연구하는 학문입니다. 관광경영학과는 굴뚝 없는 산업이라 불리는 초부가가치 산업에 대해 연구하는 분야입니다. 이에 관광경영학과는 미래 문화생활 패턴을 선도하는 관광전문경영인, 한국의 매력을 창출하고 홍보하는 민간외교관을 양성하는 데 교육목표를 두고 있습니다."
국제학부,"국제학부는 국제학에 특화된 젊은 전문가들을 교육하고 양성하는 선두 학문 분야입니다. 국제학부는 학생들에게 이론적 배경과 실무적 기술로 구성된 커리큘럼을 통해 국제통상, 국제개발협력, 국제평화안보, 지역학 그리고 한국학에 특화된 인재를 양성하는 것을 목표로 합니다. 졸업 후에는 학과를 공부하면서 쌓은 국제 감각을 지닌 지역 전문가로 성장할 수 있습니다."
사회학과,"사회학은 사회에 속해 있는 우리의 삶과 행동에 대한 학문입니다. ‘사회학적 상상력’ 이라는 말이 있습니다. 이는 우리가 일상에서 겪는 다양한 문제들이 실제로는 사회구조와 밀접하게 연결되어 있음을 이해하는 것을 뜻합니다. 사회학과는 우리 주변에서 일어나는 크고 작은 사회 현상에 대해 분석ㆍ연구합니다. 또, 현대 사회의 문제를 해결할 수 있는 지식과 안목을 갖춘 전문인력을 양성합니다."
정치외교학과,"정치외교학은 정치현상을 과학적으로 탐구ㆍ이해하여 정치 및 외교분야에서 활동할 수 있는 전문인력을 양성하려는 학과입니다. ‘펜은 칼보다 강하다.’라는 말이 있습니다. 영토 분쟁과 역사 분쟁으로 국가 간 갈등이 일어나는 국제사회에서 정치외교는 이를 해결하는 역할을 담당합니다. 정치외교학과에서는 국내외 정치적, 국제적 현상에 대한 이론과 실제를 공부합니다. 또, 급변하는 국내외 정세에 대한 연구를 통해 정치외교 분야에서 활동할 수 있는 전문 인력을 양성합니다."
신소재응용과,"컴퓨터를 만들기 위해서는 반도체가 필요하고, 자동차는 합금재료, 골프채는 복합 재료, 휴대전화를 만들기 위해서는 전파를 감지할 수 있는 재료가 꼭 필요합니다. 이에 따라 신소재응용과는 바이오기술, 환경기술, 나노기술, 정밀화학기술의 세계화에 능동적으로 대처하기 위하여 신소재의 개발을 위하여 금속, 세라믹스, 전자 및 고분자 소재에 대한 이론적인 교과과정을 기반으로 현실적인 문제점을 해결하고 개발하는 것을 교육목표로 합니다. "
재료과,"석기 시대, 청동기 시대, 철기 시대처럼 재료는 대표적인 시대의 이름의 앞에 붙여질 정도로 사람들의 의식주에 중요한 역할을 하고 있습니다. 재료공학과는 사람들의 삶에 편리한 물건들을 만들 수 있는 재료의 기능과 성질에 대해서 공부하고, 제품을 설계, 가공, 제조하는 기술을 배우는 곳입니다. 재료과에서는 금속 및 각종 재료의 기초 이론인 금속조직학, 재료과학, 금속재료학 및 전자재료 등을 교육하고, CAD, CATIA, 주조공학, 표면처리, 재료시험 및 열처리 등의 실험 실습을 통하여 습득하게 하여 산업현장에서 요구하는 유능한 기술인을 양성하는 것을 교육목표로 합니다."
제철금속과,"제철금속과는 철강과 관련한 이론과 실습을 통하여 제선, 제상, 연속주조, 열간압연, 냉간압연 등의 실무를 습득합니다. 또한 제철금속과는 산업 전반의 기초가 되는 철과 비철 등을 비롯한 금속의 제련과 정련공정을 거쳐 용도에 맞는 성질과 형태로 재료를 제조하는 기초 소재 분야뿐만 아니라 첨단산업에 필수적으로 수반되는 신소재 개발에 참여하는 전문 기술인 양성을 교육목표로 합니다."
금융경영과,"금융경영학은 미래산업사회의 주도적 역할을 담당할 금융, 보험업종의 우수한 자원을 제공하고 이를 통하여 국가 사회에 기여할 수 있도록 하는 학문입니다. 금융경영과는 금융에 관한 학문적 기초지식을 체계적으로 습득하고 기업경영에 있어서의 재무와 위험관리에 관련된 주요 기능을 이해, 분석할 수 있는 기술적 수단을 연구하고 금융 산업의 국제화 추세에 따른 환경변화에 능동적으로 적응할 수 있는 실질적 능력을 배양하여 경제발전에 기여할 수 있는 전문 인재를 양성하는 것에 교육목표를 두고 있습니다."
금융보험학과,"금융보험학과는 금융보험산업 또는 금융현상에 대한 이해를 위해 금융거래에 있어서의 독특한 매커니즘, 금융상품이 지니고 있는 의미, 금융상품의 가치판단, 금융거래상의 정보화를 이해하고자 하는 학문입니다. 또한 이들이 실물경제에 미치는 영향들을 파악하기 위해서 기본적인 이론과 실무에 대한 학습을 통해 장차 경제발전에 기여할 인재를 양성하는 것을 목표로 합니다. 돈과 관련된 상품ㆍ서비스에 대해 배우는 ‘금융’, 기업 및 기관의 재무 상태 분석 및 자산관리, 예산과 연관된 ‘회계’, 개인이나 기업 및 기관이 내는 세금과 관련된 ‘세무’. 금융ㆍ회계ㆍ세무학과에서는 이처럼 돈과 관련된 정보를 산출하고, 이를 잘 관리할 수있는 전문 인력을 육성합니다."
안경광학과,"현대에는 정말 많은 사람들이 안경을 사용하고 있죠? 노안에 따른 자연스러운 시력 저하뿐만 아니라 장기간의 전자기기 사용, 어두운 곳에서의 오랜 독서, 오존층 파괴와 미세먼지의 증가 등 다양한 이유로 현대인의 눈의 피로감과 시력 저하의 원인이 되고 있습니다. 이러한 이유로 안경광학과는 현대인들의 안보건과 시력관리를 위해 체계적인 이론 및 실습을 바탕으로 안경학, 안과학, 조제가공 및 처방에 관련된 체계적이고 전문적인 지식을 습득하여 굴절이상 및 시기능 이상을 교정하는 안경사 및 검안사를 양성하는 것에 교육목표를 두고 있습니다."
자동차공학과,"휘발유나 가스를 이용하는 자동차 한 대를 만들기 위해서는 약 2만 5,000여 개의 크고 작은 부품이 필요합니다. 자동차공학과는 휘발유, 디젤, 가스, 하이브리드, 전기, 수소 자동차 등을 만들기 위한 필요한 통신, 각종 재료, 기계, 전기, 전자 등의 분야를 복합적으로 공부하는 학과입니다. 자동차공학과는 자동차 설계와 제조, 조립 등 생산 과정에서 생기는 다양한 문제들을 분석하고 해결 할 수 있는 전문가를 양성하는데 목표를 두고 있습니다."
대기과학과,대기과학은 지구와 다른 행성들의 대기에서 일어나는 현상들을 이해하고 응용하는 학문입니다. 대기과학과는 대기과학에 대한 기본적인 학문 내용을 교육ㆍ연구합니다. 또한 당면하고 있는 환경문제도 교육ㆍ연구함으로써 전문 지식과 자질을 갖춘 인재 양성에 교육목표를 두고 있습니다.
천문학과,"어린시절 누구나 밤하늘에 반짝이는 별에 대해 호기심을 가져본 적이 있을 것입니다. 천문학은 우주의 기원, 별의 생성과 소멸, 우주탐사에 대한 연구를 통해 인류와 우주와 연관된 중요하고도 심오한 문제를 다루고 있습니다. 천문학과는 우주와 물질의 기원에 대한 이해를 목표로 물리학과 천문학의 기본원리를 탐구하고 이해하는 인재를 양성합니다. "
언어과학과,"인간과 동물을 구분 짓는 가장 특징적인 것 중 하나가 무엇일까요? 바로 인간은 ‘언어’를 사용한다는 것입니다. 
언어과학과에서는 이처럼 중요한 ‘언어’의 본질을 연구하고, 언어 현상을 관찰하며, 나아가 인간 본성에 대한 공부도 하게 됩니다. 언어과학과는 언어에 대한 탐구 및 응용을 통해 21세기 지식정보사회의 핵심 인재를 키웁니다."
미용과,텔레비전과 잡지 속에서만 보던 다양한 머리 모양은 이제 우리 주위에서도 쉽게 볼 수 있을 것입니다. 생활수준의 향상과 여가 시간의 활용으로 미에 대한 관심이 높아지고 현대사회에서의 아름다움을 창조하려는 현대인의 관심이 높아지고 있기 때문입니다. 미용과는 고객에게 적합한 헤어스타일을 연출하고 건강한 피부와 모발을 유지하기 위한 미용서비스를 제공할 수 있는 전문가를 양성하는 것이 교육 목표입니다. 
뷰티미용학과,"건강과 아름다움은 현대인의 가장 큰 관심사에 속합니다. 건강과 아름다움을 바탕으로 헤어, 피부, 메이크업, 네일 및 화장품 등에 관한 체계적인 학습이 필요한 이유입니다. 뷰티미용학과는 헤어, 피부미용, 특수분장 및 메이크업, 네일 아티스트 등 다양한 직무 분야에서 활약할 수 있는 뷰티 전문가 양성을 교육목표로 두고 있습니다."
피부미용과,"인간은 예로부터 아름다움을 소유하고 유지하기 위한 다양한 방법과 기술들을 연마해 왔습니다. 피부미용과는 피부의 구조와 기능을 이해하고, 피부 유형 및 피부 관리법을 학습합니다. 더불어 메이크업과 헤어디자인, 네일아트 등을 함께 배우기도 합니다. 이처럼 피부미용과는 다양한 미용 기술을 배우고 과학적 연구를 하는 학문입니다."
소프트웨어공학과,"스마트폰으로 터치 한번으로 쉽게 음식 주문을 하고, 클릭 한 번으로 인터넷으로 물건을 살수 있는 것은 바로 소프트웨어 공학 기술이 있었기 때문입니다. 소프트웨어공학은 소프트웨어의 개발과 운용 그리고 유지운영에 필요한 체계적이고 정량화된 개발방법이나 운영방법을 적용하고 이러한 접근 방법들에 관하여 배우는 학과입니다. 소프트웨어 산업과 첨단 과학기술 개발에 주도적 역할을 할 수 있는 창의적이고 우수한 인재를 양성하는 것에 교육목표를 두고 있습니다."
인터넷정보학과,"인터넷을 흔히 정보의 바다라고 하는데 이제는 정보의 우주라고 해도 되지 않을까요? 하루에도 셀수 없는 정도의 정보가 인터넷을 통해 전송되고 이용되고 있습니다. 인터넷 정보 산업은 정치, 사회, 문화와 관련이 깊고 경제 발전의 원동력이 되는 산업입니다. 인터넷 정보학에 필요한 정보처리, 데이터 구조, 정보보호, 웹프로그래밍 등에 대한 이론과 최신 방법론에 대해 배웁니다. 인터넷 정보학과는 우리나라 IT와 정보통신산업을 주도할 인재를 양성하는 것에 교육목표를 두고 있습니다"
정보통신과,"유비쿼터스 시대라는 말을 들어본 적 있나요? 유비쿼터스(Ubiquitous)는 ‘언제 어디서나 존재한다’는 뜻인데요. 사용자가 시간과 장소에 상관없이 자유롭게 네트워크에 접속할 수 있는 환경을 의미합니다. 네트워크 환경에 대한 접근성이 점점 쉬워지고 있다는 뜻이에요. 그렇다면 정보통신 분야 또한 중요해지는 것이죠. 정보통신과는 첨단 통신 분야(이동통신, 방송통신 등)의 전문지식을 쌓고 설계, 측정, 장비 운용 기술을 습득할 수 있고, 컴퓨터 시스템 및 네트워킹 분야의 이론과 실무에 대하여 배울 수 있습니다."
방송제작과,"방송제작과는방송, 문화예술 시대에 따른 다양한 형태의 공연과 방송매체에 이르기까지 다양한 분야에 적용되어 수준 높은 문화예술을 발전시키기 위한 학과입니다. 이를 위해 방송 프로그램 제작에 필요한 카메라 촬영, 영상 편집, 조명 등의 이론과 실기 교육을 실시하고, 스튜디오 및 야외 제작 등 다양한 환경에서의 제작 기법을 습득할 수 있습니다. (그리하여_ 방송제작과는 방송 현장에 대한 감각을 익히고 제작 실무에 바로 참여할 수 있도록 실습과 현장을 연결하는 프로그램을 통해 변화하는 방송 환경을 이끌어 나갈 기술인을 양성하는 것에 교육 목표를 두고 있습니다."
음향제작과,"멀티미디어 시대를 맞이하여 음향은 중요한 매체의 하나로 등장하고 있습니다. 음향제작과는 오디오, 스피커 설계와 전문 녹음 및 편집 그리고 건축음향의 설계시공 전문인을 양성하는 학과입니다. 또한 음향 관련 분야의 설계 소프트웨어를 교육하여 음향 시뮬레이션 프로그램의 사용 능력을 갖추고 기술 및 제품 개발에 활용할 수 있도록 합니다. 또한 음향장비의 전문적 활용과 기술 개발 능력을 향상시킴으로서 음향기기의 설계, 제작, 시험 및 운용할 수 있는 음향 기술 인력 양성을 교육목표로 합니다."
산업경영학과,산업경영학은 기업과 관련된 경영 의사결정의 문제들을 과학적 분석 방법으로 해결하며 효율적이고 효과적인 의사결정을 내리기 위해 기술 문제와 경영 문제를 함께 검토ㆍ분석하는 학문입니다. 산업경영학과는 국제화 시대를 맞이하여 국가 산업 발전에 중추적 역할을 수행할 수 있는 이론과 실천적 지식을 겸비한 미래의 전문 관리자 양성에 교육 목표를 두고 있습니다.
유통경영과,"유통경영과는 기업의 경영원리와 시장의 상품유통전략에 대해 체계적으로 학습하며 전 세계를 무대로 활동할 글로벌 유통 전문가를 양성합니다. 유통경영과는 다변화하는 현대 사회에 적응할 수 있도록 유통경영, 유통관리에 관한 지식을 키우도록 하며, 4차 산업혁명 시대의 유통혁명을 주도할 수 있는 능력을 갖추도록 합니다."
유통학과,"유통학과는 상품과 서비스가 여러 사람을 거쳐 소비자에게 전달되는 과정, 즉 생산과 소비를 이어 주는 중간 기능으로, 생산품의 사회적 이동에 관계되는 모든 경제활동을 다루는 학문입니다. 유통학과는 국제무역질서와 유통시장의 완전 개방으로 국경 없는 경쟁이 강화되는 시대를 맞이하여 그 중요성이 확대되고 있습니다. 세계 무대에서 자신과 사회를 위하여 능력과 사명감을 갖고 주어진 일을 확실히 수행할 수 있는 인재를 양성하는 데 교육목표를 두고 있습니다."
농공학과,"농공학은 전 국토의 모든 농촌공간을 탐구영역으로 하며, 농촌공간을 구성하는 다양한 요소 중 산업공간, 거주공간, 자연공간을 연구합니다. 농공학과에서는 농업의 생산성 향상을 위한 농업 생산기반 조성과 농촌 생활환경을 개선하는 데 필요한 농업시설물 설계 및 시공을 위한 인재를 양성합니다. 토질공학 및 농지 조성, 농업수자원 개발과 관리, 농촌 계획 및 농촌 환경공학 등을 위한 공학적 지식을 학습할 수 있습니다.  "
환경공학과,"최근 이상 기온, 온난화, 산성비 등 환경오염이 심각한 문제로 대두되었습니다. 그만큼 환경을 보전하는 일이 중요해졌습니다. 환경공학과는 화학이나 생물학적 원리와 공학적 방법을 활용하여 환경오염의 측정, 처리 및 개선을 위한 방법을 배우는 곳입니다. 환경공학과는 환경공학 기술을 이용하여 삶의 터전을 보존하고 치료하는 분야에 종사할 전문 인력을 기르는 곳입니다."
환경과학과,"환경과학과는 현대의 과학과 산업의 발달에 비례하여 환경오염의 심각성이 증대되는 상황에서 이러한 환경문제에 대해 오염현상의 실태 및 원인 파악과 대책을 수립하는 학과입니다. 환경과학과는 인간과 환경의 관계를 이해하며 환경문제의 평가, 계획, 개선 및 오염방지를 위해 이용되는 과학 지식과 기술력을 배양합니다. 또한 국토의 자연 및 생활환경 보전과 복원에 이바지할 수 있도록 환경문제 해결에 선도적 역할을 수행할 수 있는 유능한 인재 양성에 교육목표를 두고 있습니다."
환경보건학과,"환경보건학은 인간을 중심으로, 주변 생활환경 및 산업 환경에서 유발될 수 있는 유해인자들을 찾아내어 이들에 대한 측정, 분석, 평가 및 관리에 대해 연구하는 학문입니다. 건강을 해치는 유해인자들을 파악함으로써 환경이 인간의 건강에 미치는 영향을 최소화하고 주변 환경과 조화를 이루며 건강하게 살아갈 수 있도록 합니다. 이를 위해 인간의 주위 환경과 조화를 이루며 건강하게 살아가도록 하는 데 필요한 전문 지식과 기술을 보유한 인재 양성에 교육목표를 두고 있습니다."
에너지자원공학과,"도로를 달리는 자동차, 손목에 차고 있는 스마트 시계, 더운 여름을 시원하게 해주는 선풍기와 에어컨 등 일상생활에서 사용하는 여러 제품들을 움직이게 하는 것은 바로 에너지입니다. 에너지공학과는 한정된 에너지를 합리적 경제적으로 사용하는 방법을 다루며, 에너지 생산과정 및 변환과정, 에너지의 종류 및 특성에 대해서 배웁니다. 에너지공학과는 에너지와 관련된 다양한 문제를 해결과 에너지 자원의 기술개발을 할 수 있는 에너지 전문 인력을 양성하는 것을 목표로 하고 있습니다."
화학공학과,"우리가 태어나서 보는 모든 것은 화학 물질로 이루어진 것이라 할 수 있습니다. 화학공학과는 화학 물질을 다루는 것뿐 아니라 신재생 에너지 분야, 환경공학분야, 생명공학 등 관련 분야까지 폭넓게 배우는 학과입니다. 화학 공정에 대한 정확한 분석력과 응용력을 갖춘 화학공학 기술자를 양성하는데 교육목표를 두고 있는 학과입니다."
자동차과,"자동차산업기술의 급성장으로 자동차산업은 그동안 국가기간 산업으로서 우리나라의 발전을 주도하여 왔지만, 앞으로도 에너지 환경문제를 극복할 수 있는 미래형 첨단 자동차 기술에서 해결해야 할 분야가 많습니다. 따라서 자동차과는 전기, 전자 및 기계에 대한 기초 지식을 바탕으로 자동차의 장치별 구조와 특성에 대한 전문 지식과 정비 기술을 습득하여 자동차 관련 전자제어장치의 설계, 제작, 검사, 정비 및 관리 등의 업무를 수행할 수 있고 자동차의 전자 제어화 및 정보통신화를 실현할 수 있는 미래 지향적인 전문 기술자 육성을 교육목표로 두고 있습니다."
화학과,"불은 인류의 삶에 획기적인 변화를 가져왔습니다. 이같은 불은 화학반응의 결과입니다. 우리 주변의 대부분은 화학적 원리와 관련되어 있습니다. 그만큼 화학은 일상과 밀접하고 중요합니다. 화학과는 물질의 성분과 구조를 이해하고, 물질 변화의 원리를 탐구하는 곳입니다. 화학과는 화학 원리와 탐구 능력을 실천하고, 인류에게 필요한 새로운 물질을 만드는 전문 인력을 기르는 곳입니다."
지구해양과학과,"우리를 둘러싼 자연 환경은 늘 똑같이 멈춰 있을까요? 어제와 오늘의 하늘이 다르듯 지금 이순간도 지구를 둘러싼 환경은 끊임없이 변화하고 있습니다. 지구해양과학과는 환경오염, 온난화, 자연재해, 기후변화에 따라 지구환경을 보호하기 위한 방법을 연구하고 교육하는 학과입니다. 국가의 해양개발 중장기 종합 개발 계획과 해양과학 기술의 고도화, 환경의 여러 가지 문제 해결을 위한 응용 능력을 갖춘 유능한 전문인재 양성에 교육목표를 두고 있습니다."
해양공학과,"지구에서 물이 차지하는 비율은 약 70% 넘고 대부분은 바다에 저장된다고 해요. 해양공학과는 해양 환경을 이용해 자원을 개발하기 위한 해양 구조물이나 바다 위를 다니는 큰 선박을 개발하고 만드는 데 필요한 이론을 배우는 학과입니다. 항만개발, 임해공업단지조성, 해양과 바다 환경에 대한 현상 조사, 각종 해양 관측 및 해양자원조사, 선박과 관련된 정보시스템 및 관측시스템의 개발 등의 내용도 배우게 됩니다. "
해양시스템학과,"드넓은 바다와 해저의 세계는 어떨지 궁금해 했던 적이 있나요? 해양시스템학과는 해양 환경과 조사에 필요한 자원탐사 방법, 해양에너지 및 연안개발, 해안보존, 현장 실험/관측과 컴퓨터를 이용한 자료 획득 및 정보처리 등 각종 해양산업의 핵심기술 개발에 필요한 기초이론과 첨단기술을 배우는 학과입니다. "
도자기공예학과,"도자기는 실생활의 식기를 비롯해 타일, 위생도기 등 건축자재에 이르기 까지 폭넓게 사용되고 있습니다. 도자기 공예란 점토를 이용하여 형태를 만들고 나서 고온에서 구워내는 작업형태를 뜻합니다. 도자기공예학과는 섬세한 기술과 예술적 감각이 접목된 도자기공예를 체계적으로 배우는 학문입니다. 도자기공예과는 도자기 전반에 관한 전문적 이론과 실무를 연구ㆍ교육함으로써 문화 발전에 기여하는 도예인 양성에 교육 목표를 두고 있습니다."
동물자원학과,"과학 분야가 눈부시게 발달함에 따라 사람들이 이용할 수 있는 자원의 종류가 다양해지고 있습니다. 동물자원학과에서는 동물자원의 가공, 생산에서 이용에 이르기까지의 모든 과정에 대해서 배웁니다. 동물자원학과는 이론과 실험을 바탕으로 이용할 수 있는 자원의 종류를 확대할 수 있는 동물자원 전문가를 양성합니다."
바이오동물학과,"바이오동물학과는 동물의 사육 및 관리, 실험을 통하여 의료, 보건, 식량문제를 해결하는 바이오산업에 대해 연구합니다. 세계적으로 바이오산업은 빠르게 성장하고 있으며 고령화 문제, 기후 변화 등의 인류의 난제를 극복하기 위한 핵심기술로서 중요성이 강조되고 있습니다. 바이오동물학과에서는 신약 개발과 바이오시밀러 의약품 개발의 핵심 인력인 동물 실험 전문가를 기르고자 합니다."
애완동물과,"최근 세계적으로 애완동물 시장이 폭풍 성장을 하고 있습니다. 우리나라도 선진국에 들어서면서 애완동물에 대한 사람들의 관심이 높아지고 있습니다. 애완동물과는 애완동물의 간호, 미용, 관리 등 실무적인 내용을 배우는 곳입니다. 애완동물과는 애완동물과 관련한 직업 및 산업 분야에 종사할 현장 실무 인력을 기릅니다."
레크리에이션과,오늘날 다양하고 복잡한 삶 속에서 현대인들의 정신 건강을 위한 여가 활동이 생겨나고 있습니다. 레크리에이션의 영역은 이러한 상황 속에서 여가문화를 창출하는 데 있어 매우 중요한 분야가 되고 있습니다. 레크리에이션(recreation)이란 ‘피로를 풀고 새로운 힘을 얻기 위하여 함께 모여 놀거나 운동 따위를 즐기는 일’을 뜻합니다.  이에 레크리에이션과는 레크리에이션 문화를 배워 사람들의 여가욕구를 충족시켜 줄 수 있는 전문 레크리에이션 지도자 양성을 교육 목표로 두고 있습니다.
스포츠마케팅학과,스포츠 마케팅은 스포츠를 이용하여 제품판매 확대를 목표로 하는 마케팅 기법입니다. 기업은 이러한 스포츠 마케팅을 통해 회사 및 회사제품의 인지도를 높이고 이미지를 고양하는 효과를 얻을 수 있습니다. 스포츠마케팅학과는 학문적 연구는 물론 스포츠 산업 현장에서 필요로 하는 경영관리자와 마케팅 전문가로서의 전문 능력을 갖춘 인재 양성에 교육목표를 두고 있습니다.
만화애니메이션학과,"만화, 애니메이션, 웹툰, 캐릭터, 게임, 영상 등 문화콘텐츠는 우리의 일상생활을 풍요롭게 합니다. 만화애니메이션학과에서는 출판만화는 물론, 전통적 셀 애니메이션과 첨단 테크놀로지의 컴퓨터애니메이션을 기획, 연출, 제작하기 위한 실습과 학습을 합니다. 만화애니메이션학과는 21세기에 필요한 고부가가치의 멀티미디어 영상산업에 필요한 창조적이고 효율적인 운영능력을 갖춘 전문 영상인 양성을 교육 목표로 두고 있습니다."
메이크업아티스트과,"메이크업아티스트는 상황이나 장소에 맞게 연출하는 화장 및 분장을 하는 일을 합니다. 이에 따라 메이크업아티스트과는 인체의 미적 감각과 기술을 폭넓게 연구하여 인간의 신체적, 정신적 아름다움을 추구합니다. 피부관리, 메이크업, 헤어 등 전반의 기술과 이론을 학습하여 우수한 전문 메이크업아티스트 양성을 교육 목표로 합니다. 또한 메이크업아티스트과는 사람들의 미적 욕구를 충족시키며, 이를 위해 기초보건 및 과학적 지식을 학습하여 아름다움과 건강을 다루는 학과입니다. "
코디네이션과,"패션에 관한 이론과 실습이 병행된 전문적인 지식과 감각, 실질적인 기술 및 응용력을 습득하게 하여 패션 산업의 세분화, 전문화, 국제화 시대의 패션 전문인으로서 미래를 주도할 수 있는 유능한 패션 전문인을 양성합니다. 코디네이션과는 실무 능력을 집중 배양하며, 패션 산업의 발전에 기여하는 국제적 감각을 갖춘 패션 전문인 양성을 교육목표로 합니다."
메카트로닉스공학과,"다양한 제품의 대량 생산을 위해서는 산업용 자동화 설비나 로봇이 필요합니다. 메카트로닉스공학과는 기계의 메카닉과 전자의 일렉트로닉스의 합성어로 기계공학과 전자공학기술을 배우는 학과를 뜻합니다. 기계, 전기, 전자, 통신, IT, 컴퓨터, 정보, 제어공학 등 공학지식을 융합하여 자동화된 시스템을 개발하거나 운용하는 전문가를 양성하는데 교육목표를 두고 있는 학과입니다.  "
모델과,"오늘날 모델이란, 커뮤니케이션을 연기예술로 승화시키는 산업예술 전문가입니다. 따라서 모델과에서는 각종 훈련을 통하여 개성과 재능을 향상시키며, 신체이미지를 자유롭게 창조할 수 있는 실기 능력을 기를 뿐 아니라 이론적 탐구를 통해 풍부한 상상력과 지적 능력을 고양시키고자 합니다. 궁극적으로는 이론과 실기능력을 겸비한 전문 모델로서의 자질을 함양시켜 산업예술의 생산 활동을 수행할 전문 인력 양성을 목표로 합니다. "
미디어영상학과,"
미디어와 영상은 최근 가장 각광을 받는 분야입니다. TV, 영화, 광고, 인터넷 등 미디어 산업의 기획, 연출, 무대/영상 관련 스텝(디자이너, 촬영, 편집)을 양성하는 전공이 있습니다. 미디어영상학과는 변화하는 미디어에 대한 이해를 바탕으로 영화, 방송, 영상 그래픽, 촬영 및 편집과 같이 미디어영상과 관련된 이론 및 실무를 배웁니다. 영상매체의 이론 및 실기를 훈련하여 다양한 영상 콘텐츠를 개발ㆍ제작할 전문인을 양성합니다.
                                                                                          "
미술학과,"미술은 미적 세계를 창조함으로써 또한 생활 공간을 예술화함으로써 삶의 질을 윤택하게 합니다. 미술학과는 미술 전반에 관한 새롭고 심오한 이론과 실기를 배웁니다. 또, 미술학과는 이러한 교육을 통해 지성과 창조 능력을 갖추어 사회에 공헌하는 전문 미술인, 미술 교육인을 배출합니다."
문화재보존학과,"문화재보존학은 과거의 역사와 문화를 현재의 과학기술에 접목하여 현재의 문화유산을 올바르게 보존하고 이를 기초로 미래의 참된 문화유산 전통을 계승하는 분야입니다. 문화재보존학과는 박물관이나 개인이 소장하고 있는 유물의 보존처리는 물론, 급속한 개발로 인해 다량으로 출토되고 있는 매장문화재의 보존처리 방법을 연마하는 데 목적을 두고 있습니다."
물류시스템공학과,마트에 사람이 없어도 자동으로 계산이 되고 드론으로 택배를 배달하는 기술이 현실이 되었습니다. 물류시스템공학과는 하나의 제품이 생산되고 소비가 되기까지 물류를 경제적이고 빠르게 오고 갈수 있도록 하는 기술에 대해 배우는 학과입니다. 국내와 해외를 연결하는 복잡한 물류 문제를 해결하고 체계적으로 설계하는 전문가를 양성하는 것을 교육 목표로 두는 학과입니다. 
물리치료학과,"물리치료는 질병, 사고 혹은 선천적인 질환 등으로 일시적이거나 영구적인 장애를 갖게 된 환자나 운동선수, 산모, 아동, 환자 가족에 이르기까지 다양한 대상에 적용되고 있습니다. 물리치료학은 운동치료나 물리적인 요소들(물, 광선, 전기, 열 등)을 이용하여 손상된 기능을 회복시키고 장애를 최소화할 수 있도록 평가, 치료, 교육하는 의학의 한 전문영역입니다. 점차 전문화되어 가고 있는 국내외 의료계의 변화에 부응하여 보다 전문적이고 국제적인 물리치료사 양성에 교육 목표를 두고 있습니다."
작업치료과,"작업치료과에서는 신체적, 정신적으로 장애를 가진 사람들이 최적의 건강 상태를 유지하고 생산을 위한 기술을 습득하도록 하는 치료 방법을 배웁니다. 고령화인구와 선천적 장애아동이 늘어나고, 산업재해 및 교통사고 등으로 장애를 입은 사람들이 증가하고 있습니다. 작업치료과는 이러한 장애를 가진 사람들을 적절한 도구와 치료 방법을 이용하여 최대한 독립적 생활과 삶의 질을 향상시키도록 치료하는 전문인 양성을 교육목표로 합니다."
재활학과,"각종 사고 증가로 신체적ㆍ정신적 장애를 겪고 있는 사람들이 늘어나면서 재활학에 대한 관심도 높아지고 있습니다. 재활학과는 장애인의 재활 복지를 위한 학문적 연구와 더불어 효율적인 재활 프로그램을 개발할 수 있는 인재를 키웁니다. 재활학과에서는 신체적ㆍ정신적으로 장애가 있는 사람에게 그들이 속해 있는 사회에 적응하여 더 나은 삶을 영위할 수 있도록 그들의 신체적, 심리ㆍ사회적, 교육적 및 직업적 능력을 회복시키는 하는 방법을 배웁니다."
물리학과,뉴턴은 사과나무에서 떨어지는 사과를 보고 엄청난 과학적 법칙을 발견했습니다. 물리학은 우리 주위에서 일어나는 모든 자연 현상들의 법칙을 연구하는 학문입니다. 물리학과는 물리적 현상을 첨단 과학기술 산업의 어느 분야에서나 쉽게 적용할 수 있는 인재를 키우는 곳입니다. 물리학과에서는 자연계에서 일어나는 현상들을 관찰과 실험을 통하여 간결한 법칙들로 설명하는 방법에 대해 학습합니다.
지구환경과학과,"지구환경과학은 오래전 생성된 지구의 구성 물질과 과거에서부터 현재에 이르기까지 발생한 지구 환경 변화의 과정을 파악하고 이를 토대로 미래 환경 변화를 예측하는 학문입니다. 지구환경과학과는 지구대기의 물리.화학적 상태와 그 운동을 이해하는 대기과학, 지구물질과 에너지 순환 기원, 그리고 진화를 이해하는 지구시스템과학, 해양의 구성물질에서 물리적 순환과 자원을 이해하는 해양학을 아우르는 내용을 학습합니다. "
식품조리과,"식품조리는 식생활 수준의 향상과 식생활 양식의 변화에 따라 소비자의 욕구를 충족시키고 건전한 식생활 문화를 유도하여 조리ㆍ외식산업과 식품산업 전반에 이르기까지 다양한 분야에 적용되고 있습니다. 식품조리과는 국제화 시대에 발맞추어 식품영양, 조리, 제과제빵, 외식 분야, 식품가공 및 식품산업 등 식생활 전반의 질적 향상에 이바지하고 국민건강 증진에 기여합니다. 또한 소비자의 다양한 만족과 기호를 충족시킬 수 있는 현장 중심의 전문 식품조리 기술인을 양성하는 것에 교육목표를 두고 있습니다."
마케팅경영과,"마케팅경영과는 마케팅과 소비자 행동에 대한 전문지식을 활용하여 상품의 시장성, 소비자 취향, 잠재 구매 고객 등에 대해 조사하고 효율적인 판매 전략을 계획하고 실행할 수 있는 유능한 전문경영인을 양성합니다. 기업 경영에서 마케팅의 중요성이 특히 강조되고 있는 상황에서 마케팅경영과는 고객 지향적인 경영을 위해 전문 지식과 실무 능력을 갖춘 인재 양성을 교육 목표로 합니다."
식품가공과,"식품가공과에서는 식품가공 산업에 관련되는 제조기술을 통하여 생산관리 품질관리 및 유통관리업무에 관한 다양한 분야를 다루고 있습니다. 식품가공과는 건강 기능 식품, 음료, 제과제빵 및 외식조리에 관한 실습 위주의 교육을 통하여 외식조리업체와 식품전문회사에서 중추적 업무를 수행하는 식품전문가를 양성하는 것에 교육목표를 두고 있습니다."
식품공학과,"식품공학은 생물, 화학, 물리 등을 기초로 한 응용과학의 하나입니다. 식품의 효율적인 생산기술, 제품개발, 가공, 품질관리, 식품위생, 발효공정, 생물공학적 기법 등 식품생산에 관련된 기술개발 및 제조장비 등에 관한 기계적 기술론에 대해 연구합니다. 식품공학과는 오늘날의 사회가 요구하는 다양한 식품개발에 필요한 학문을 중심으로 하고 식품의 저장, 유통, 마케팅 등 식품과 관련된 폭넓은 학문과 기술에 대한 전문가 양성에 교육목표를 두고 있습니다. "
식품영양학과,"식품영양학은 바른 식생활의 확립을 통해 사람들의 건강 증진에 기여하는 학문입니다. 식품영양학과는 건강한 식품을 공급하여 국민보건 향상에 기여할 수 있는 전문 기술인을 양성하는 것을 교육 목표로 합니다. 학과 과정은 크게 식품학과 영양학으로 구분되며, 식품학은 식품의 생산부터 취급, 소비에 이르는 모든 단계를 연구하고, 영양학은 식품 소비시 인체에 일어나는 생리학적, 생화학적 현상을 연구합니다. "
벤처창업학과,벤처창업학과는 혁신적인 기술이나 경영 기법을 기반으로 새로운 기업을 설립하여 성공적으로 성장시키는 데 초점을 맞추고 있는 학문입니다. 벤처창업학과는 기업문화가 대기업 중심으로 많은 문제점을 양산시키고 있는 현 시점에서 중소기업과 벤처창업에 관련된 지식을 제공합니다. 이를 통해 기업 문제의 새로운 대안 체제를 모색하고 성공적으로 벤처를 창업하여 운영할 수 있는 전문가 양성에 교육 목표를 두고 있습니다.
방사선과,엑스선 사진으로 우리 몸의 뼈 모양을 본적이 있지요? 방사선과에서는 의료 팀의 일원으로 필요한 능력과 마음가짐을 갖춘 전문 인재를 키우고자 합니다. 방사선과는 첨단 의료장비를 이용하여 질병의 정확한 진단과 악성종양 치료를 위한 의료기술학 분야를 배우는 곳입니다
원자력공학과,"인류 문명이 지속적으로 발전하기 위해서는 석탄이나 석유와 같은 화석 에너지를 대체할 새로운 에너지원을 개발하는 일이 중요합니다. 원자력공학은 원자로의 핵반응으로 인해 얻게 되는 막대한 에너지를 활용하는 공학으로 공업, 농업, 의학, 원자력 발전 여러 분야에 접목되어 활용되는 학문입니다. 원자력공학과는 방사성 동위원소를 활용한 방사성공학 기술과 핵물질의 취급, 처리, 원자력 발전소 설계, 운전, 관리 및 안전성 평가등 원자력 분야에 관련된 고급 기술 인력 양성에 교육목표를 두고 있습니다."
방송영상과,"우리는 언제 어디서나 영상을 쉽게 접할 수 있죠? TV는 물론 컴퓨터와 스마트폰을 통하여 우리가 원하는 영상을 쉽게 접할 수 있습니다. 요즘은 1인 미디어에 대한 관심과 수요가 증가하면서 영상을 만드는 일에 대해서도 주목받고 있습니다. 방송영상과는 영상제작의 핵심 분야인 기획과 연출, 촬영, 편집, 시나리오, 진행 기법 등을 집중교육함으로써 영상제작 전문인을 양성합니다."
영상제작과,"영상제작과는 영상제작에 필수적으로 요구되는 각종 제작 기술과 기본 소양을 습득할 수 있는 학과입니다. 또한  영상 제작의 기본적 능력을 연마하기 위하여 영상제작의 기초 분야를 공통으로 교육합니다. 영상제작과는 프로그램의 제작과정인 영상제작의 기획, 연출 및 촬영에서 새로운 아이디어를 발굴하여 영상을 제작해 낼 수 있는 인재를 양성하는 것에 교육목표를 두고 있습니다."
러시아학과,"러시아학과는 지역학에 학문적 기반을 두고 러시아 지역연구의 학제간 및 비교연구를 통하여 국제관계 전문가로서의 자질을 기르고자 합니다. 그리고 통계에 따르면 학술 문헌어로서 가장 많이 이용되고 있는 언어는 영어이지만 그 다음으로는 러시아어 문헌입니다. 러시아학과는 러시아어 구사 능력과 더불어 각 지역학ㆍ문학에 관한 지식과 소양을 익히게 합니다. 이로써 21세기의 새로운 국제질서에 학문적, 실무적 체계를 익혀 능동적으로 참여할 수 있는 유능한 고급인력을 기르는 것에 교육 목표를 두고 있습니다."
아프리카어과,"아프리카어과는 아프리카 국가들의 민족정신과 역사적 형성 과정 등을 바로 알고, 근본적으로 사상과 문화, 정신세계 등을 표현하는 언어와 문학을 이해하는 데 주안점을 둡니다. 아프리카어과에서는 아프리카 언어를 배워 아프리카를 연구하는 기초를 마련합니다. 또한 다양한 접근 방법을 통해 아프리카에 관한 새로운 사실들을 알아 감으로써 아프리카를 올바른 시각으로 이해하도록 하는 데 교육 목표를 두고 있습니다."
게임콘텐츠과,"컴퓨터게임이나 모바일 게임을 해본 경험이 있죠? 게임은 간단히 조작할 수 있는 아케이드 게임부터 마치 소설 속을 들여다보듯 웅장한 세계관을 가진 RPG게임 등 다양합니다. 게임콘텐츠과는 컴퓨터게임제작의 다양한 분야 중 하나를 선택할 수 있도록 게임기획, 게임 프로그래밍, 게임 운영, 스마트폰 앱 개발 등의 과정과 더불어 소프트웨어 개발 방법론을 학습합니다. 이에 따라 게임콘텐츠과는 인터넷의 폭발적인 성장, 개인 이동통신 서비스의 일반화 등 새로운 기술 흐름을 통하여 첨단 문화산업으로서 게임 분야의 전문 인력 양성을 교육 목표로 합니다."
광학공학과,"동그란 안경, 네모난 안경. 여러 모양의 안경을 보면서 써보고 싶었던 적이 없나요? 요즘은 안경도 패션의 일부로 생각합니다. 광학공학과는 이러한 안경뿐만 아니라 빛을 생활과 산업에 이용한 공학분야로 카메라 렌즈, 스마트폰, 자동차, 디스플레이, 네트워크 광케이블 제조 분야 등에 활용되고 있습니다. 광학공학과는 전기, 통신, 기계, 물리, 컴퓨터, 반도체, 자동차 등의 폭넓은 분야의 관련 지식을 배워서 광전자, 광통신산업을 발전시킬 수 있는 인재를 양성하는데 목표를 두는 학과입니다."
생물학과,"유전자 분자 구조가 밝혀진 이래 현대 생물학은 눈부신 발전을 하였습니다. 생물학과는 세포학, 분류학, 발생학, 생리학 등을 기반으로 생명 현상을 탐구하며 그 원리에 대해서 자세히 공부합니다. 생물학과는 생물에 대한 기초 지식과 이론을 체계적으로 이해하고 자연 생태계와 생명 현상을 탐구하는 전문 인력을 기르는 곳입니다."
보건관리학과,보건소에 가 본 적 있나요? 보건소는 국민의 건강을 살피는 곳입니다. 보건학과는 국민의 건강 증진과 국가 및 지역사회의 보건 의료 발전에 중요한 역할을 담당할 인재를 키우고자 합니다. 보건학과에서는 국민의 건강을 지킬 수 있는 의학 및 행정 지식에 대해 공부합니다.
보건행정과,"보건행정은 보건의료 서비스에 대한 수요 증가와 의료기관의 전문화에 따라 다양한 분야에서 적용되고 있습니다. 보건행정과는 보건행정 및 의무기록에 관한 전문지식을 학습하도록 하여 의무기록관리업무, 의료정보관리업무, 의료보험수납ㆍ청구ㆍ심사 업무 등 보건 및 병원행정 업무를 효율적으로 처리할 수 있는 전문 기술인을 양성하는 것을 교육 목표로 두고 있습니다."
보건행정학과,"보건행정학은 국민에게 양질의 보건/의료서비스를 체계적으로 제공하기 위해 그 필요성이 날로 증대되고 있습니다. 앞으로의 사회는 정보화 사회와 지식기반 사회로의 진입이 필연적이므로 보건행정의 역할은 국민의 건강과 삶의 증진을 위해 반드시 필요합니다.
보건행정학과는 국가의 복지 증진과 국민의 건강유지 향상을 위하여 필요한 전문 지식을 탐구하며 건전하고 유능한 보건행정의 전문인력 양성에 교육 목표를 두고 있습니다."
비서행정과,"산업사회가 고도화 되면서 복잡하고 어려운 기업 경영에서 경영자의 일을 효율적으로 관리ㆍ보좌하는 비서의 역할은 매우 중요합니다. 비서행정과는 국제화, 전문화되어가는 현대사회에서 경영자의 업무ㆍ수행을 보좌하는 데 필요한 실제적인 교육과 실습을 제공합니다. 또한 사무 기술과 현장 실무 능력을 갖춘 전문 비서 및 사무ㆍ서비스 전문 인력을 양성합니다."
비서행정학과,"비서행정학은 산업사회가 고도화되면서 기업경영이 복잡 다양화되고 그만큼 경영관리의 활동 영역과 운영이 어려워지면서 한층 더 주목 받고 있습니다. 비서행정학과는 국제화, 정보화 사회에서 요구하는 고도의 종합 능력을 갖추도록 합니다. 경영ㆍ경제 전문 지식과 정보 관리 능력, 커뮤니케이션 능력을 갖춘 전문 직업인을 배양하는 데에 교육 목표를 두고 있습니다."
건강관리과,"우리가 살아가는 데에 많은 것들이 필요하지만, 가장 먼저 몸과 정신이 건강해야합니다. 건강관리과는 인간의 신체와 정신을 건강하게 관리할 수 있도록 체계적이고 과학적인 건강관리법을 제시하고 스트레스 관리 등 건강과 관련된 사항에 대하여 상담 및 교육할 수 있는 전문지도자를 양성하는데 목표를 두고 있습니다. 건강관리과는 건강과 관련한 사회적 문제를 해결하고 현대인들의 풍요롭고 안락한 복지증진에 기여할 수 있도록 의학, 기초과학, 운동과학, 건강증진, 노인학 등 다양한 교육과정과 연계하여 학습합니다. "
건강관리학과,"의학은 고도의 의학기술 발달에도 불구하고 건강에 있어 운동의 의학적 효과를 점점 더 중요시하고 있습니다. 건강관리학과는 이러한 의학적 입장에서 운동을 다룹니다. 건강관리학과에서는 성인질환의 예방과 치료, 건강과 체력증진, 재활 등 건강관리에 대한 과학적 지식을 학습합니다. 건강관리학과는 운동 프로그램 처방능력을 키우고 스트레스 관리와 합리적인 영양섭취 그리고 신체활동과 관련된 부상 등에 관해 상담 및 교육할 수 있는 지도자 양성에 교육목표를 두고 있습니다."
의무행정과,"보건의료의 세계는 점점 전문적으로 세밀하게 나눠지고 있습니다. 직접적인 진료와 치료 외에도 보건과 관련된 행정, 경영, 관리에 대한 전문 지식이 필요해진 것입니다. 의무행정과는 보건의료에 대한 다양한 지식과 실무 능력을 키움으로써 다양한 보건의료 기관에서 의료정보를 활용하고 행정 실무를 책임질 인력을 키우고자 합니다. 의무행정과에서는 기초 의학에 대한 지식을 바탕으로 의무 기록과 보건행정에 관한 기본 마인드를 배웁니다."
보석감정과,"주얼리는 개개인의 개성을 표출하고 이미지를 창출하는 데 중요한 요소 중 하나입니다. 보석감정과는 이러한 보석을 감별 및 감정하고, 디자인 및 유통거래와 관련된 분야입니다. 보석감정과는 보석감정 전문 교육을 기본으로 보석 및 귀금속의 가공과 유통에 관한 실무 능력을 길러서 딜러, 귀금속세공 디자인, 웨딩주얼리플래너 같은 전문 인력을 키웁니다. "
아동복지과,"아동복지학은 영유아 및 아동에게 건전한 성장과 발달뿐 아니라 그들의 잠재 능력을 발휘할 수 있도록 도움을 주는 창의적인 아동복지 실현을 위한 학문입니다. 아동복지과는 아동과 관련된 발달, 교육, 복지 등의 지식과 기술을 배우고 현장에서 적용해 봄으로써 아동복지 전문인을 양성하는 것에 교육목표를 두고 있습니다."
아동복지학과,"아동복지학은 아동이 건전하게 출생하여 행복하고 건강하게 자라도록 생활을 보장하기 위한 연구를 담당하는 학문입니다. 최근 보육에 관한 국가의 관심이 높아지면서 아동복지 분야는 사회복지 영역의 가장 중요한 한 부분으로 더욱 중요해지고 있습니다.
아동복지학과는 아동들이 건전하고 행복한 환경 속에서 정신적, 육체적으로 올바르게 성장하여 바람직한 사회인으로 성숙할 수 있도록 하는 이론과 실제에 관한 능력들을 기르게 합니다. 이를 통해 아동복지 영역에서의 이론과 실제에 능통한 전문가를 양성하는데 교육목표를 두고 있습니다."
아동학과,"아동학과는 아동의 발달 과정과 아동 교육의 이론에 관한 교육을 제공함으로써 영유아교육 및 보육, 발달, 상담 관련 전문인을 양성하는 것을 목적으로 하는 학과입니다. 영유아기, 아동기에 관한 폭넓은 지식을 쌓고 영유아 보육 및 교육, 발달, 상담 전문가로서 성장할 수 있도록 현장과 연계한 실습을 다양하게 경험하도록 하고 전공 관련분야의 전문인으로서의 능력과 자질을 갖추도록 합니다. 또, 아동의 건강한 생활을 보장하고 각종 아동 문제를 해결하기 위한 지식과 기술을 갖춘 아동복지 전문 인력을 양성합니다."
항공서비스과,국가 간 상품과 인적 교류가 더욱 증가함에 따라 항공 산업의 수요와 함께 항공 인력 수요도 크게 증가하였습니다. 항공서비스과는 항공 및 서비스 산업 분야에서 필요로 하는 전문적인 교육을 바탕으로 국제적 감각과 서비스 마인드가 투철한 서비스 인재 양성을 교육 목표로 합니다.
항공서비스학과,"항공서비스학과는 국내외 항공사, 공항, 호텔, 리조트, 외식업체 등 항공관광관련 산업분야에서 필요로 하는 전문인력을 양성하는 학문입니다. 항공서비스학과는 항공기 승무원으로서 전문 서비스 제공에 필요한 영어, 일본어, 중국어 등의 외국어 교육 및 서비스 이론과 현장 실습 교육으로 지성과 전문성을 겸비한 승무원을 양성함과 동시에 항공산업에 대한 전문성과 글로벌 마인드를 함양한 전문적 인재 양성을 교육목표로 하고 있습니다."
항공운항과,"항공운항과는 항공운송산업의 중심인 전문 항공기 조종사를 양성하는 학과입니다. 항공운항과는 항공산업에서 중추적인 역할을 담당하게 될 조종사 및 운항관리 인력 양성을 목적으로 비행기와 모의비행장치 등을 이용하여 체계적인 실무 교육과 훈련을 합니다. 운항 환경의 변화에 대처할 수 있는 창의력과 응용력을 기르도록 하며, 비행 원리를 비롯한 항공 관련 지식을 연구하고 항공기 운항을 실습합니다. "
항공운항학과,"우리 생활에서 항공기는 국내외 사람의 이동과 화물 수송을 위해 빠르면서도 안전한 수단으로 활용되고 있습니다. 항공운항학과에서는 항공 운송 산업의 중심인 전문 항공기 조종사를 양성합니다. 대기권 내외에서의 환경과 기상 조건을 이해하고, 항공기 운항과 관련된 현상을 논리적으로 해석하고, 운항에 적용합니다. 항공운항학과에서는 항공기의 운항 원리, 운항절차 및 운항 규정을 이해하고 개발합니다. 항공 산업과 관련된 실질적이고 다양한 전공과목의 교육을 통해 실무 능력을 겸비한 전문 조종사를 양성하는 것을 교육 목표로 합니다."
항공우주공학과,"영화에 나오는 멋진 비행기나 우주선을 보면서 직접 조종하고 싶은 꿈을 꾸어 본 적 있나요? 항공우주공학과는 헬리콥터, 비행기, 미사일, 발사체, 우주선, 인공위성 등을 만들고 운영하는 데 필요한 이론에 대해서 배우는 곳입니다. 항공우주공학과에서는 우리나라의 항공 우주 산업을 발전시킬 수 있는 우수한 인재를 양성하고 있습니다."
문헌정보학과,"지금은 ‘정보화 시대’ 입니다. ‘정보’는 우리가 공부를 하든, 여행을 하든, 일을 하든, 일상의 거의 모든 활동에 꼭 필요한 지식을 이루는 조각입니다. 문헌정보학과에서는 인간의 지적 활동에 필요한 정보 및 문헌의 속성을 이해하며, 이들을 효과적으로 수집하고 전달하기 위한 공부를 합니다. 문헌정보학과에 입학하면 정보를 효율적으로 활용할 줄 아는 정보 전문인력으로 성장하게 됩니다."
사진영상학과,"사진 한 장이 역사를 바꾼다는 말이 있습니다. 사진 한 장이 국민들의 여론을 바꿀 수 있고, 역사적 현장을 찍은 사진은 그 자체가 하나의 역사가 됩니다. 사진영상학과는 시각적 이미지에 대해 체계적으로 공부하고 보다 효과적이며 창조적인 시각적 표현 방법을 개발합니다. 사진영상학과는 다양한 시각매체 분야에서 활동할 전문 사진사와 촬영기사를 양성합니다. "
사진과,우리는 스마트폰을 통해 쉽게 사진을 찍을 수 있습니다. 사진을 통해 스스로를 표현하거나 자신의 생각을 전달할 수도 있습니다. 또한 사진은 산업사회에서의 홍보 및 광고의 도구에 이르기까지 다양한 분야에 적용되고 있습니다. 이에 따라 사진과는 예술성과 기술성을 함께 겸비하여 사진 및 영상의 이론과 실기를 조화롭게 배울 수 있도록 교육 목표를 두고 있습니다.
예술학과,"아름다움을 창조하고 표현하려는 다양한 인간의 활동이 예술입니다. 예술을 표현하는 소재와 수단, 형식 그리고 기법이 다양하여 연극, 음악, 무용, 영상 등 여러 가지 형태가 존재합니다. 예술학과는 이론과 실제를 통해 예술학의 기초 지식을 습득하게 합니다. 이를 통해 예술의 본질, 성립 조건, 기능 및 목적에 대하여 올바른 가치관을 확립하고 예술 분야에서 활약할 전문가들을 양성하는 데 교육목표를 두고 있습니다."
가족복지과,"가족복지과는 사회복지에 대한 새로운 관점에 맞게 가족의 기능을 강화하고 잠재력을 개발할 수 있는 전문 가족복지사를 배출합니다. 가족복지학은 이상적인 복지가 실현된 사회를 추구하며, 실천적 학문으로서 사회복지와 관련된 이론들을 습득하고 실습합니다. 복지에 접근하는 이론과 방법을 탐구하며, 아울러 실무능력을 갖춘 복지 전문가 배양을 교육목표로 합니다."
노인복지학과,"노인복지학과는 노년기에 발생하는 사회부적응의 문제와 미충족 욕구 등을 해결하기 위해 필요한 정책적 프로그램과 서비스를 개발하여 제공하는 데 관련된 문제 연구를 교육목표로 합니다. 노인복지학과는 노인들의 보건복지 서비스 문제에 효율적으로 대응하기 위한 전문적, 실천적 교육을 통해 노인복지 현장실무에 능통한 노인복지전문가 양성을 교육목표로 두고 있습니다. "
유아교육과,유아교육과는 조기교육 및 평생교육의 중요성이 고조되고 있는 시점에 올바른 미래지향적 교육관을 정립하고 풍부한 인성을 갖추게 하며 유아들에 대한 전문적인 지식과 이들의 성장과 발달 단계에 미치는 효과적인 교육방법을 연구합니다. 유아교육과는 유아교육 및 양육에 관한 전반적인 지식과 교양을 겸비한 유능하고 교육적 경쟁력을 갖춘 유아교사 양성에 교육목표를 두고 있습니다.
유아교육학과,"올바른 사회는 어린이들에게 참다운 교육을 실시함으로써 이루어질 수 있다.’고 합니다. 바람직한 유아교육을 위해서는 유아에 대한 이해가 필요합니다. 유아교육학과는 영ㆍ유아기 발달 과정을 이해하고 효과적인 유아교육을 위한 이론 및 실습을 제공합니다. 또, 건전한 인성을 바탕으로 유아의 특성에 맞는 교육을 개발ㆍ적용하는 전문 인력을 양성합니다."
청소년지도학과,청소년지도학과는 급격한 사회변동에 따라 심각하게 대두되고 있는 청소년 지도에 관한 연구와 그 학문적 기반 조성함으로써 청소년들을 올바르게 키울 수 있는 전문가를 영성하기 위한 학과입니다. 청소년지도학과는 미래의 주역이 될 청소년들을 건전하게 육성하기 위한 청소년 관련 정책을 수립하며 청소년 지도 프로그램을 개발 운영하는 전문가 양성을 교육목표로 하고 있습니다.
특수교육학과,"‘빛을 못 보는 사람보다 마음속에 빛을 갖고 있지 않은 사람이 더 불행합니다.’ 시각ㆍ청각 장애를 가졌던 헬렌 켈러를 바깥세상으로 이끌어 준 것은 설리번 선생님의 헌신적인 교육이었습니다. 특수교육학과는 신체적ㆍ정신적으로 불편한 학생들의 개별적인 욕구를 파악하여, 적절하고 효율적으로 교육 서비스를 제공하는 방법에 대해서 공부합니다. 특수교육학과는 특별한 학생들이 비장애인들과 더불어 살아갈 수 있도록 도와줄 수 있는 특수교육 전문가를 양성하는 곳입니다."
산업안전과,"산업안전과는 기계, 화공, 전기, 가스, 소방, 위험물, 안전 및 작업 환경에 대한 공학적 지식을 통해 전문 안전관리 능력을 기르는 학과입니다. 산업안전과에서는 산업 현장에서 산업재해 예방, 계획의 수립, 유해 및 위험 방지에 관한 사항과 건설재해 방지 및 계획 수립, 건설 작업의 위험에 따른 안전화, 안전모, 안전복 등의 착용과 안전장치 및 보호구의 점검 등 안전관리자가 갖추어야 하는 안전 전문 기술인 양성에 교육 목표를 두고 있습니다."
안전공학과,"경제가 발전하고 생활 수준이 높아지면서 각종 안전과 사고 예방에 관련된 관심이 높아지고 있습니다. 안전공학과는 여러 산업 활동 중에 발생 할 수 있는 화재, 사고, 보건, 위험요소를 과학적인 방법으로 위험의 원인을 찾고 미리 방지하는 방법에 대해 배우게 됩니다. 안전에 대한 과학적 이론을 기반으로 관련된 기술을 개발하고 설계하는 전문 인재를 양성하는 것에 교육 목표를 두고 있는 학과입니다. "
화학공업과,"화학적 원리나 변화를 응용하여 여러 가지 새로운 물질을 만들어 내는 공업을 화학공업이라고 하는데요. 화학공업과는 석유화학제품 및 정밀화학, 신소재화학 생산 공정 운전에 필요한 기술을 배울 수 있습니다. 더 나아가 화학공업과는 화학 및 관련 산업 분야에 대한 관심을 가지고 당면한 문제점들을 해결하려는 적극적인 사고와 도전 정신을 고취시키고, 산학협동 교육을 통한 실무교육을 실시함으로써 각 분야에서 탁월한 기술력을 갖춘 전문 인력을 양성하는 것을 목표로 합니다. "
환경공업과,"최근 산업이 고도화, 다양화, 전문화됨에 따라 환경 분야의 중요성이 더욱 커지고 있습니다. 환경공업과는 환경이 당면한 문제점들을 해결하기 위한 적극적인 사고와 도전 정신, 기술력을 갖춘 환경 전문 기술인을 양성하는 것을 목표로 합니다. 환경공업과에서는 지구를 안전하게 지키는 파수꾼으로서 사회에서 요구하는 다양한 환경 기술과 현장 실무 능력을 키우도록 합니다."
생명공학과,"생명공학은 인체를 포함한 동물, 식물 그리고 미생물 등의 세포 내에서 수행되는 생명체 활동의 기본 현상과 원리를 규명하고, 이를 인간에게 유익하게 응용하는 학문입니다. 생명공학과는 이론과 실험을 통한 생명공학 분야의 기술과 응용력 향상을 목표로 하며, 생명공학기술의 핵심 역할을 수행할 과학기술자 양성을 위한 학과입니다. "
생명과학과,"생명과학과는 지구상의 생명체를 연구 대상으로 하여 생명체의 구성 원리, 작동 원리, 생명 현상을 배우고 탐구하는 곳입니다. 생명과학 전반에 대한 기초지식과 이론을 학습하며 이를 응용할 수 있는 전문 인력 양성을 목표로 합니다. "
동양화과,"동양화과는 동양사상을 바탕으로 전통과 혁신이 공존하는 새로운 동양화 분야를 창출하고자 합니다. 한국미술의 전통을 바탕으로 현대 동양화의 가능성을 모색하고 다양해진 표현기법들로 차원 높은 조형예술의 세계를 구현하고자 합니다.

동양화과는 전통미술의 계승을 추구하고 창의력을 개발하여 새로운 민족적 미술을 창조할 수 있는 예술가 양성에 교육목표를 두고 있습니다.
"
회화학과,"회화학과에서는 회화 및 그와 연관된 예술 형태에 대한 지적, 감상적, 기술적 접근이 폭넓게 이루어집니다. 회화를 중심으로 드로잉, 판화, 필름과 비디오, 컴퓨터, 설치 등 미디어를 활용한 새로운 표현의 가능성을 진취적으로 탐구합니다.
회화학과는 한국 미술의 정체성에 바탕을 두고 서구 현대 사조를 수용합니다. 이로써 창조적인 예술관, 사상체계와 미적 가치관을 통해 다양한 미술 영역 및 표현 방법을 체득하고 조형적 사고와 감성을 고취시키는 데에 교육목표를 두고 있습니다."
관광경영과,"참살이(well-being) 열풍이 불면서 여가의 중요성이 커지는 추세에 따라 관광경영과는 관광 산업에 대한 전문 지식 및 실무에 대해 학습하는 학과로, 관광 산업 발전에 중심적인 역할을 하고 있습니다. 관광ㆍ레저 상품 및 호텔ㆍ외식 산업, 항공 산업에 대한 전문적 지식 및 실무를 바탕으로, 졸업 후 관광 관련 기업 및 기관에 진출합니다."
관광통역과,"오늘날과 같은 글로벌 시대에 외국어와 관광산업의 중요성은 나날이 커지고 있습니다. 관광과는 현재 가장 각광 받는 영어, 일본어, 중국어 3개 국어에 대한 집중 교육과 관광 기획, 호텔 서비스, 회의 유치 등 관광 분야의 전문 교육을 실시함으로써 유창한 외국어를 구사하는 국제적 관광 전문인을 양성합니다. 관광통역과는 국제화 시대를 맞아 국가 간 교류의 증가와 더불어 이러한 시대적 요구에 부응하는 전문 관광통역 요원으로서의 지식과 자격을 갖춘 인재 양성을 교육목표로 하고 있습니다."
문화관광과,"문화관광과는 웰빙 산업 시대를 맞이하여 미래 관광산업을 선도할 유능하고 진취적인 관광전문가를 양성하고, 특화된 관광 현장 실무 전문가를 육성하는 데 목표를 두고 있습니다. 문화관광과는 관광산업을 뒷받침할 수 있는 항공사 승무원, 항공사 지상근무요원, 호텔리어, 관광 서비스 산업에 필요한 종사원 양성을 교육 목표로 합니다."
항해학과,"바다 위에 떠있는 배들을 보면서 어디론가 떠나고 싶다는 생각을 해본 적이 있지 않나요? 항해학과는 최신 선박의 운항 및 선박 관리에 필요한 해기 전문 지식과 해양운송ㆍ산업 분야에 필요한 기초 및 전문 지식을 함께 배우는 학과입니다. 세부적으로 선박운항의 핵심적인 기본 내용을 배우는 항해학 전공이 있고, 선박운항학 전공, 해양교통관리학 전공, 해양안전시스템학전공 등의 심화 전공이 개설된 경우도 있습니다. "
섬유공학과,"우주인에게 우주복이 없었더라면 어떻게 되었을까요? 극심한 온도 변화나 가속도, 방사선 위험에 노출되어 우주를 탐험 하는 것 자체가 불가능 했을지도 모릅니다. 섬유공학과는 우리 몸을 보호하고 패션을 위해 입는 일반 옷에 사용되는 합성섬유와 우주복, 방사선복, 방호복에 이용되는 특수섬유, 최첨단 섬유인 탄소섬유, 나노섬유 등 다양한 섬유에 대해서 배우는 곳입니다. 섬유공학과는 새로운 섬유 소재를 개발하고 발전시킬 수 있는 창의적 인재를 양성하는 데 교육목표를 두고 있습니다. "
의류ㆍ의상학과,"옷은 자신을 적극적으로 표현하는 도구입니다. 사람들이 가진 매력을 패션으로 펼쳐 주는 공부를 할 수 있는 곳이 의류학과입니다. 의류ㆍ의상학과에서는 우리 몸에 어울리고 아름다운 옷을 디자인하고 만들 수 있는 능력을 기르고, 패션 산업에 필요한 지식과 기술을 학습할 수 있습니다. "
기독교학과,"기독교학과는 기독교 정신과 타 학문 분야를 연계시킴으로써 학제 간의 연구를 통해 학문의 윤리와 가치관 정립을 도모합니다. 따라서 본 학과에서는 인간과 세계에 대한 하나님 중심의 기독교 신앙관을 확립하고자 합니다.
기독교학과는 기독교의 신학과 정신을 연구하여 국내외 신학 발전에 기여하고 희생과 봉사의 기독교적 인격을 갖추도록 훈련함으로써 건전한 교회와 사회 건설에 이바지할 기독교 지도자 양성에 교육목표를 두고 있습니다."
불교학과,"불교학은 불타의 교설을 논리적이고 체계적으로 연구하여 불교적 인격과 이상 사회를 구현하려는 학문입니다. 따라서 인간 심성의 본질과 삶의 문제, 참다운 인간사와 이상 사회의 실현을 궁극적으로 달성하고자 합니다. 불교학과는 지혜와 자비를 갖춘 불교적 인격을 함양하고 인생과 세계를 바라보는 능력과 지식을 기르는 데 초점을 둡니다. 또한 종교, 교육, 정치, 문화 등 사회 전반에 걸쳐 지도자로서의 기본 자질을 갖춘 인재 양성에 교육 목표를 두고 있습니다."
신학과,신학이란 인류의 역사와 함께 있어 온 인간과 신의 관계를 연구하고 배우는 학문으로 신과의 관계가 정신적인 것이기 때문에 일종의 정신학이라 할 수 있습니다. 신학과는 성서적인 계시의 진리를 철저히 탐구하고 개혁신학의 원리와 자유정신을 추구한다. 하나님의 선교의 장인 역사 안에서 불의와 폭력을 추방하고 정의롭고 평화로운 새로운 세계의 건설을 위하여 투신하는 인재 양성에 교육목표를 두고 있습니다.
종교교육과,"종교교육과(기독교교육과)에서는 교육의 역사-철학적인 영역, 사회학적 영역, 심리학적 영역, 교육방법론적 영역을 기독교적 관점에서 탐구하는 학과입니다. 종교교육과는 기독교 세계관을 바탕으로 교육의 이론과 실제에 대한 탐구를 통하여 인간의 전인적 성숙에 기여할 수 있는 기독교 교육자 양성을 교육목표로 두고 있습니다."
외식산업과,외식산업과는 생활방식의 변화에 따라 성장을 거듭하고 있는 외식문화를 선도하고 우리나라 외식 산업의 발전을 주도할 수 있는 인재를 양성합니다. 외식산업과에서는 외식산업의 사업경영 관리 차원에서 요구되는 서비스 지향의 전문 지식과 기술을 갖춘 우수한 전문 인력 양성을 목표로 두고 있습니다.
외식산업학과,"외식산업학과는 가정 밖에서 음식을 제공하는 서비스업과 관련된 여러 분야를 탐구하는 학문입니다. 외식산업의 선진화와 업계 발전에 기여할 수 있고, 한국 외식 문화의 대외경쟁력을 높여 외식산업의 세계화를 선도할 수 있으며, 21세기 정보화사회에 필요한 우수한 현장의 관리자 육성을 교육목표로 합니다."
호텔경영과,"여행에서 쉬고, 먹고, 잘 수 있는 공간인 ‘호텔’은 복합 휴식공간으로서 여행에서 중요한 부분을 차지합니다. 호텔경영과에서는 호텔 등 숙박 시설의 고객과 관광객들의 다양한 수요를 만족시키는 것은 물론, 서비스의 질을 높이기 위한 호텔 경영 전반에 대해서 배웁니다. 졸업 후에는 미래의 관광산업 및 호텔산업을 성장시킬 전문 호텔리어가 될 수 있습니다."
소방안전관리과,"소방 안전의 중요성이 더욱 강조되고 있습니다. 첨단 산업으로 인해 고층 건물이 많아지고 지능화됨에 따라 이들을 화재로부터 보호해야 합니다. 소방안전관리과에서는 소방ㆍ방재 기술을 개발하여 재난 방지에 큰 역할을 할 수 있는 전문 인력을 키우고자 합니다. 소방안전관리과에서는 화재나 재난이 발생했을 때 인명과 재산 피해를 최소화하기 위해 화재 재난의 원인과 과정을 과학적으로 알아내고, 화재 예방 및 효과적인 진압, 안전한 구조에 필요한 지식과 기술을 배웁니다."
응급구조과,"사회가 복잡해지고 자연재해가 빈번해지면서 다양한 사고 발생 위험도 높아지고 있습니다. 이로 인해 응급의학 분야의 중요성도 점차 커지고 있습니다. 응급구조과에서는 응급환자가 발생한 사고 현장에서 환자의 목숨을 구하기 위해 신속히 응급구조를 실시할 수 있는 응급구조사를 키우고자 합니다. 응급구조과에서는 응급처치 및 구조법에 대해 공부하고, 기초의학에 대한 이해를 전제로 신경외과, 소아, 정형외과, 심장 등의 전문 응급 처치법을 공부합니다."
보건환경과,"보건환경과는 인간의 환경 전반에 걸친 오염물질, 오염 정도, 자연계에의 영향 등을 이해하고 환경요인들을 과학적으로 측정ㆍ평가하여 오염요인으로부터 보호하고 회복하는 것을 연구합니다. 보건환경과는 환경오염 방지기술 및 환경오염물질의 처리와 관리에 필요한 이론과 실무 중심의 실험 및 실습을 통하여 현대 산업사회가 요구하는 실용적 전문지식과 도덕성, 창의력을 겸비한 전문 환경 기술인을 양성하는 것에 교육 목표를 둡니다."
환경시스템과,환경시스템과에서는 깨끗하고 아름다운 자연환경을 가꾸고 발전시키기 위하여 현대 사회에서 야기된 각종 환경오염 문제에 대한 원인과 이를 해결하기 위한 환경과학의 기초 지식을 배웁니다. 환경시스템과는 전인류적 관심사로 등장한 녹색사회 구현을 위한 환경시스템 관리 전문 인력 양성을 교육목표로 두고 있습니다.
경영회계정보과,"경영회계정보과는 정보기술에 대한 이해와 활용, 더 나아가 기업정보화를 추진할 수 있는 능력을 바탕으로 경영정보, 회계정보 측면에서 실무에 적용할 수 있는 유능한 전문경영 실무자를 양성합니다. 경영회계정보과는 기업경영실무에 관한 전문지식을 함양하고 합리적인 경제행위를 위한 금융지식을 함양하여 세무 및 회계 전문가 양성에 교육목표를 두고 있습니다."
수의학과,"수의학과는 가축, 반려동물, 야생동물뿐 아니라 수생동물까지 모든 동물의 질병 예방과 치료에 대하여 배우는 곳입니다. 수의학과는 동물의 질병 예방과 치료를 담당하는 동물 의사를 기르지만, 궁극적으로는 인류와 동물의 건강과 복지를 위한 전문 수의사를 기르는 곳입니다. "
영화과,"영화는 큰 스크린의 화면과 웅장한 소리가 함께하여 더욱 생동감 넘치게 느껴지기도 하죠? 요즘은 작은 컴퓨터 화면이나 휴대폰 화면으로 보기도 하지만 본래 영화는 영사기로 영사막에 재현하는 종합예술입니다. 영화는 가장 최신의 테크놀로지를 사용하는 매체이면서 동시에 인간에 대한 감성적 이해와 세계에 대한 성찰, 상상력을 요구합니다. 영화과는 예술성과 산업성을 모두 충족할 수 있도록 다양한 형식의 영화를 배우고 직접 제작하는 교육과정을 운영하고 있습니다. 예술과 문화 영역의 국제화라는 시대적 흐름에 발맞추어 한국 영화의 세계화라는 큰 이상을 실현할 젊은 영화 예술인의 발굴과 양성을 교육목표로 두고 있습니다."
스포츠건강관리학과,"현대사회는 신체활동 기회의 감소, 과다한 영양섭취, 불건전한 생활습관, 여러 가지 유형의 스트레스 증가로 인한 만성적인 질병과 건강상의 문제점들이 대두되고 있습니다. 스포츠건강관리학과에서는 건강관리에 대한 과학적이고 체계적인 지식을 연구하여 운동 프로그램을 처방하는 방법을 배웁니다. 운동 프로그램의 처방뿐만 아니라 스트레스 관리와 합리적인 영양섭취 그리고 신체활동과 관련된 부상 등 에 관해 상담 및 교육할 수 있는 지도자를 양성하는데 목적이 있습니다."
물리치료과,"사고가 나서 수술을 받거나 깁스를 한 경우 회복을 위해 물리치료를 받는 경우를 많이 보았지요? 물리치료과에서는 물리치료의 원리를 이해하고 물리치료를 발전시킬 수 있는 지식과 역량을 갖춘 물리치료 전문인력을 키우고자 합니다. 물리치료과에서는 운동생리학 및 임상운동학, 관절생리학, 운동치료 및 기능 훈련을 통하여 환자의 손상 및 장애 등을 치료, 진단하고 손상된 기능을 회복시키는 법을 공부합니다."
공업디자인과,"우리에게 익숙한 스마트폰부터 낯선 항공우주 기기들까지 우리가 사용하고, 이용하는 제품들은 분명 과학적 지식만으로는 완성될 수 없었을 것입니다. 공업디자인과는 인간의 삶에 필요한 제품과 서비스를 만들어내고 그 외관과 사용과정을 설계하여, 사용자에게 가치를 제공하는 산업사회의 전문분야입니다. 다양한 교과과정을 통하여 공업디자인의 복합적인 문제를 올바르게 이해하고 산업현장에서 요구하는 창의력과 조형 능력, 관리 능력을 갖춤으로써 미래의 첨단 제품 디자인을 이끌어 갈 전문 디자이너가 되는 것을 교육목표로 합니다. "
공업디자인학과,"같은 기능을 가진 제품이라도 디자인이 좋은 제품은 사람들에게 더 유익하고 관심을 끌게 됩니다. 공업디자인학과는 가전제품, 정보통신기기, 자동차, 사무용품, 주방기기, 로봇 등 사람들에게 필요한 제품과 서비스를 디자인하기 위한 이론을 배우고 실습을 합니다. 공업디자인학과에서는 산업제품의 디자인을 높이고 산업의 경쟁력을 높이는 기술과 전략을 학습합니다.
산업 제품의 외형적 특질은 물론 제품의 종합적 질을 개선하여 산업의 경쟁력 우위를 확보하고 국가의 독자적인 문화를 주도할 디자이너에 대한 요구를 충족시키고자 합니다."
조형디자인학과,"조형은 자연을 그대로 흉내내어 빚거나 조각하는 것이 아니라 인간의 내면을 자연에 투사해 형상화하는 예술입니다. 조형 분야로는 조각을 비롯하여 소조와 판화가 포함됩니다.
조형학과는 새로운 조형 예술을 창조하고 예술적 환경을 가꾸어 나갈 인재를 양성합니다. 조형학과는 다양한 재료에 따른 표현 기법을 배우며 새로운 재료를 발굴해 낼 안목을 기르는 학문입니다."
패션디자인과,"패션에 관심이 있는 사람이라면, 혹은 그렇지 않더라도 어떤 특별한 장소에 가야하는 경우에 그날의 의상을 어떻게 입을지 고민한 적이 있을 것입니다. 현대사회에서 패션은 사람들이 자신의 이미지와 개성을 드러내는 하나의 표현 방법으로 자리 잡고 있습니다. 패션디자인과는 옷과 장신구에 관한 디자인을 연구하는 학문입니다. 또 창조적인 예술 감각과 현장감 있는 전문 지식 및 기술을 지닌 적극적이고 미래지향적인 패션 전문가를 양성합니다."
시스템공학과,"전 세계 곳곳에서 IT와 네트워크 기술을 이용한 새로운 기술이 등장하고 있습니다. 시스템공학과는 기술변화에 맞춰 복잡한 시스템을 단순화 시켜 활용도를 높이고 합리적인 설계와 기술 개발에 관심을 갖는 학과입니다. 시스템공학과는 기업의 효율적 경영을 위해 각 부문들을 분석, 계획, 설계, 관리, 운영 및 평가하고 정보 기술을 적극적으로 활용합니다. 시스템에 대한 이해와 기업에 대한 이해를 모두 갖춘 인재를 양성하는 데 교육목표를 두고 있는 학과입니다."
스마트정보과,"현대 사회는 인터넷의 대중화, 정보통신기술의 발전으로 이 분야의 전문 인력이 필수적입니다. 이에 따라 스마트정보과는 스마트 문화 콘텐츠 개발과 사무 행정인이 갖추어야 할 사고능력을 배양하고, 정보화 시대에서 요구하는 앱 과 웹 기술을 기반으로 스마트폰을 이용할 수 있는 다양한 콘텐츠 개발 및 운용 능력을 배양하고 전문적 지식과 기술을 연마함으로써 유능한 기술인 양성을 목표로 합니다."
시스템경영공학과,"IT와 사물인터넷, 빅데이터를 이용한 스마트 팩토리를 들어본 적이 있나요? 시스템경영공학은 IT, 사물인터넷, 인간, 각종 설비와 자재, 네트워크 기술 등이 활용하여 산업 분야의 시스템 설계,와 운영 최적화를 위한 공학기술과 경영지식에 대해 배우는 학과입니다. 시스템경영공학은 논리적 사고를 기반으로 한 체계적 접근, 최신 기술 에 대한 분석 및 예측, 정보시스템의 적극적 활용, 품질 및 생산성 혁신, 첨단 제조 시스템 구축 등에 대해 배우는 학과입니다. "
식품영양과,"식품영양과는 올바른 식생활의 확립을 목적으로 식생활을 영위, 관리하여 국민 건강 증진에 기여하는 학문입니다. 식품영양과는 식생활을 통하여 건강을 유지하고 산업사회에 적합한 식품을 공급하여 국민보건 향상에 기여할 수 있는 전문 기술인을 양성하는 것에 교육목표를 두고 있습니다."
조리과학과,조리과학과는 현대인들의 식생활에 있어서 신체적 건강뿐만 아니라 정신적ㆍ사회적 건강의 측면에서도 중요한 건전한 식생활에 대해 다룹니다. 조리과학과는 조리과학 전반에 관해 연구하여 이론 및 실기를 겸비한 조리 관련 분야의 전문인을 양성하는 데 교육목표를 두고 있습니다.
생화학과,"생화학은 모든 생명체에서 진행되는 생명 현상을 분자 또는 원자 수준에서 연구하는 학문입니다. 생화학과에서는 생명 현상을 분자 수준에서 규명하는 분자생물학의 방법론이 거의 모든 생명과학의 영역에서 기본 도구로 사용됨에 따라 화학과 생물학의 경계는 더욱 엷어져 가고 있습니다. 생화학과는 DNA, 단백질, 지질 등 생명의 근본이 되는 유기자에 대한 정확한 이해를 가진 전문가 양성을 교육 목표로 합니다."
유전공학과,"유전공학은 생명현상을 이해하고 그 원리를 응용한 유전공학 기술을 이용하여 인간의 삶을 질적, 양적으로 향상시킬 수 있는 첨단과학기술을 연구하는 학문입니다. 유전공학과는 유전자 재조합 기술과 유전자산물의 생산을 위한 기본 지식을 연구ㆍ개발하는 데 주안점을 둡니다. 또한 인류를 위하여 유익하게 응용하는 생명공학의 여러 분야에 종사할 연구 인력 및 학자 양성에 목표를 두고 있습니다."
철도운전과,"승객과 화물을 목적지까지 안전하게 수송하기 위해서는 기관사의 역할도 중요하겠죠? 그렇다면 철도운전에 대하여 전문적으로 숙련된 인재가 필요할 것입니다. 철도운전과는 열차의 고속화, 전철화, 기기의 자동화 추세에 부응하여 동력차 운전 업무를 안전하고 정확히 수행할 책임의식이 투철한 중견 운전 기술인 양성을 교육목표로 두고 있습니다."
철도전기제어과,"지하철, 경전철, 고속전철과 같은 철도시스템은 모두 전기에너지를 기본 동력으로 사용합니다. 또한 철도신호제어시스템, 철도정보통신시스템 등 현대의 철도시스템은 전기전자통신기술의 집합체라고 할 수 있습니다. 이에 따라 철도전기제어과는 IT를 기반으로 철도의 핵심 기술인 신호, 보안, 통신, 제어 분야를 배우고 변화하는 환경에 빠르게 대처하여 철도 산업을 발전시킬 수 있는 전문 인재를 양성하고 있습니다."
컴퓨터교육과,컴퓨터공학은 공업을 위주로 하던 산업사회에서 정보화 사회로의 이행이 가속됨에 따라 정보산업을 선도하는 핵심적인 학문 분야로 자리 잡고 있습니다. 컴퓨터교육과는 인류사회 복지에 선도적으로 공헌할 수 있는 창의적이고 책임감 있으며 도전 의식과 적응 능력을 겸비한 컴퓨터 분야의 인력을 지도할 교사 및 컴퓨터교육 전문가 양성을 교육목표로 두고 있습니다.
관현악과,"관현악과에서는 개인별 실기교육과 실내악, 관악, 현악합주, 관현악 등을 효율적이고 체계적으로 다룹니다.
관현악과는 일반음악이론 외에도 매 학기마다 학내연주 및 정기연주회, 실내악연주 등을 통해 연주가로서의 기술 향상과 음악적 경험의 폭을 넓혀 재능 있고 창조적인 전문 연주인을 배출하고자 합니다. 또한 음악을 통해 사회봉사를 할 수 있는 음악 교육자를 양성하는 데 교육목표를 두고 있습니다."
피아노학과,"피아노는 피아노포르테의 약칭으로 화성악기ㆍ선율악기의 두 요소를 갖추고 있는 만능 악기로서 널리 쓰이고 있습니다. 음량이 풍부하고 여운이 길며, 센 음과 약한 음을 마음대로 낼 수 있기 때문에 독주, 합주, 반주 등에 두루 쓰입니다.
피아노학과는 피아노에 관한 전문적인 연주 기량의 향상과 이를 뒷받침하는 이론적, 학구적인 기반을 확립함으로써 폭넓은 교양과 지성을 겸비한 예술가 양성에 교육목표를 두고 있습니다."
애니메이션과,"애니메이션을 보면 마치 캐릭터가 살아있는 듯 생동감을 느낄 수 있죠? 사실 애니메이션은 멈춰있는 무수히 많은 사진(그림 혹은 인형)들을 연속시켜서 마치 움직이는 것처럼 보이는 것이랍니다. 그렇다면 정말 많은 작업이 필요할 것입니다. 그래서 애니메이션과는 만화와 애니메이션의 이론적 체계를 세우고 스토리구성, 콘텐츠 기획, 3D애니메이션 제작에 이르는 일련의 과정에 대하여 이론적 학습과 실기를 병행합니다. 최근 애니메이션과는 시대에 부합되는 기술과 예술의 조화를 추구하며 산업 현장에서 뛰어난 기획력과 창의력을 발휘할 수 있는 우수한 애니메이션 전문가를 양성하고 있습니다."
약학부,"신약 개발로 다양한 질병을 치료할 수 있게 되었다는 뉴스를 본 적이 있지요? 약학과에서는 질병의 예방 및 치료에 사용되는 의약품에 관한 지식을 가르치고, 임상 응용 능력을 갖추어 관련된 학문적 연구를 수행할 수 있는 학생을 키우고자 합니다. 약학과에서는 의약품과 약물 치료에 대한 이론을 바탕으로 약품의 개발 및 생산, 관리 등을 공부합니다."
한약학과,"한약학은 21세기 생명과학분야(Bio Technology)의 중요성 증대와 함께 새로이 각광 받고 있는 분야입니다. 한약학과는 이러한 한약학을 학문의 중심에 두고, 전통과 첨단의 조화 속에서 독창성을 발휘할 수 있는 학문 체계를 추구하며 한약학에 대한 전문적인 원리와 지식을 습득한 한약사 및 한약 분야 전문인 양성을 교육목표로 두고 있습니다."
섬유디자인과,"섬유디자인은 인간생활에서 필수적인 재료인 직물에 일정한 변화를 가하여 용도에 적합한 직물로 전환시키는 과정입니다. 섬유디자인과는 패션 산업이 다변화됨에 따라 섬유제품의 디자인 개발에 중점을 두어 섬유디자인, 기획, 생산, 유통 분야 등에서 섬유산업 분야를 담당할 수 있는 전문기술인을 양성하는 것에 교육목표를 두고 있습니다."
섬유디자인학과,섬유 디자인은 인간생활과 가장 밀접한 재료인 직물에 일정한 변화를 가하여 용도에 적합한 직물로 전환시키는 과정입니다. 섬유디자인학과는 창의적인 디자인으로부터 섬유 및 패션 산업 디자인에 이르기까지 전문적인 디자인 개발 능력을 키웁니다. 이를 통해 예술적 감각과 과학적 사고를 겸비한 섬유 디자인 분야의 전문 디자이너를 양성합니다. 
언어치료학과,언어치료학과는 말-언어와 관련된 의사소통 과정에 장애가 있는 아동 및 성인들이 다양한 언어치료 과정을 통해 효율적인 의사소통 참여자로 활동할 수 있도록 치료ㆍ교육하는 언어치료사 및 언어임상 전문가 양성을 교육목표로 합니다.
연예매니지먼트과,"오늘날 텔레비전 혹은 인터넷에서 많은 연예인들을 볼 수 있습니다. 연예매니지먼트과는 연예인들의 다양한 활동을 위하여 인재를 발굴하고 기획하는 매니지먼트 기획사의 업무와 연예인의 일정을 관리하고, 출연료를 협상하는 매니저의 업무를 함께 배웁니다. 즉, 연예매니지먼트과는 문화산업 전반에 대한 이해를 바탕으로 연예계 인재 발굴부터 양성, 관리, 스타로 만드는 스타마케팅에 이르기까지 전 부분에 대하여 체계적이고 전문적인 교육을 실시함으로써 국내 엔터테인먼트 산업의 수준을 높이고, 엔터테인먼트 산업의 전문 매니저 및 전략가 양성을 교육목표로 하고 있습니다."
국제문화정보학과,21세기는 문화의 시대로 문화가 중요한 자원이 되고 인간 삶의 질을 가늠하는 시대로 접어들었습니다. 이에 국제문화정보학은 이러한 시대적 환경 변화에 능동적으로 대처하고 문화의 시대에 걸맞은 유능한 인재를 육성하고 있습니다. 국제문화정보학과는 새롭게 발전하고 있는 문화산업 분야에서 활동할 문화전문가(culture manager)양성에 교육목표를 두고 있습니다.
무도학과,무도학은 전통 무예사상을 바탕으로 무도에 관한 학문 연구 및 그 응용 방법을 연구하고 독창적인 경기기술 개발과 과학적 지도방법을 발전시키고자 하는 학문입니다. 무도학과는 무도학에 대한 과학적인 이론 습득과 체계적이고 강도 높은 실기훈련을 통하여 무도학의 사회적 가치를 정립합니다. 무도의 진흥을 위한 창의력 있는 지도자로서의 인격과 실력을 갖추고 세계 평화와 인류공영에 이바지하는 인재 양성에 교육 목표를 두고 있습니다.
태권도과,"올림픽에서 태권도 경기를 본 적이 있지요? 태권도는 우리나라 고유의 전통 무예를 바탕으로 한 운동이며, 손과 발 몸의 각 부분을 사용하여 차기, 지르기, 막기 따위의 기술을 구사합니다. 태권도는 많은 연구를 통한 스포츠화 과정을 거쳐 발전을 거듭하여 올림픽을 비롯한 각종 국제대회에서 정식종목으로 채택된 세계적인 무도 스포츠로 성장하였습니다. 태권도과는 태권도 고유의 문화적 가치와 기술의 과학성을 분석하여 새로운 학문 체계를 확립하고 독창적 경기 기술과 지도 기술을 개발함으로써 유능한 지도자 양성에 교육목표를 두고 있습니다. "
이벤트연출과,"이벤트(event)는 ‘불특정의 사람들을 모아 놓고 개최하는 잔치’를 뜻합니다. 이벤트 기획과 진행에 있어서 즐거움도 중요하지만 특색 있고 의미가 있는 이벤트를 만들어내는 일이 중요하지요. 이에 따라 이벤트과는 미래 이벤트 업계 및 기업의 이벤트 분야를 이끌어갈 기획과 실무 능력을 겸비한 창조적인 이벤트 전문인 양성에 교육목표를 두고 있습니다. 이벤트과는 기획뿐 아니라 광고, 홍보, 전시, MC 등 여러 분야에서 활동할 수 있도록 이벤트 산업의 전반적인 산업에 대하여 배웁니다. "
그래픽디자인과,"그래픽(graphic)은 ‘그림의’ 혹은 ‘생생한’이라는 뜻을 가지고 있습니다. 그래픽디자인은 초기에 인쇄된 디자인이라는 말로 쓰였지만 오늘날에는 그 의미가 더 넓어져 평면적인 디자인의 시각효과를 두루 뜻합니다. 즉 그래픽디자인과는 시각을 통하여 정보를 보다 효과적으로 전달하기 위한 방법을 연구하는 분야로  정보의 기초표현 능력과 전문 지식을 활용하는 학과입니다. 그래픽디자인과는 오늘날 매체가 다양해지면서 신문, 잡지 등 인쇄매체뿐만 아니라 컴퓨터그래픽을 이용한 인터렉션 디자인, 웹 디자인 등 인터넷 매체를 선택하여 주어진 과제를 시각화하는 디자이너를 양성합니다. "
멀티미디어과,"멀티미디어(multimedia)라는 말을 한 번쯤 들어본 적이 있죠? 이때 멀티는 ‘다수의’, 미디어는 ‘매체’를 뜻하는데요. 영상, 음성, 문자와 같은 다양한 정보 매체를 복합적으로 만든 장치나 소프트웨어의 형태를 의미하는 것입니다. 예를 들어 우리는 동영상을 볼 때, 움직이는 화면과 소리, 글자를 동시에 볼 수 있지요. 멀티미디어과에서는 컴퓨터 관련 기본 교육을 바탕으로 2차원 및 3차원 그래픽, 애니메이션, 홈페이지 디자인, 웹 콘텐츠, 사용자 인터페이스 디자인과 모바일 콘텐츠 개발, 멀티미디어 콘텐츠 제작 등을 실습합니다. 이에 따라 멀티미디어과는 향후 차세대 디지털 콘텐츠 산업을 이끌어갈 전문인 양성을 교육 목표로 합니다."
멀티미디어학과,"우리의 하루 중 단 한 번 이라도 멀티미디어를 접하지 않은 적이 있을까요? 멀티미디어학은 IT기술과 정보화 중심의 디지털 시대에 모든 학문과 관련 산업 기술 분야에서 중요한 역할을 담당하고 있습니다. 멀티미디어학과는 인터넷, 스마트폰, 스마트 TV, 스마트 워치등 다양한 정보 기기와 매체를 통해 정보를 보다 효과적이고 시각화하여 정보로 제공하고자 합니다. 이를 위해 각종 멀티미디어 콘텐츠를 기획하고 제작하기 위한 창의적인 인재 양성과, 멀티미디어 콘텐츠 개발에 필요한 이론과 실습을 통해 전문가를 양성하는데 교육목표를 두고 있습니다."
영상콘텐츠과,"다양한 영상 프로그램 중 예능 프로그램을 좋아하시나요? 혹은 드라마를 더 좋아하시나요? 오늘날 미디어가 다양해진 만큼 영상 콘텐츠도 다양한 방식으로 표현되고 있습니다. 영상콘텐츠과는 빠르게 변화하는 영상 콘텐츠 분야에 능동적으로 대처할 수 있는 현장 전문 기술 인력 양성을 목표로 합니다. 또한 방송 콘텐츠 제작의 연출, 촬영, 편집 등 방송 영상 분야 및 창의적인 영상 콘텐츠 제작 분야의 전문 인력 양성을 교육목표로 두고 있습니다."
경영정보과,"경영정보학은 세계화, 첨단 정보화되어 가는 기업환경의 변화에 적극 대처할 수 있도록 여러 가지 경영정보를 신속, 정확하게 분석, 활용하여 경영을 지원하는 역할을 합니다. 경영정보과는 세계적인 정보화 추세에 기업경쟁력의 핵심요소인 정보기술을 이해하고 응용하여 기업의 경영관리와 효율적 사업 수행에 필요한 정보를 수집, 저장, 관리, 분석할 수 있는 경영정보기술인의 양성에 교육목표를 두고 있습니다."
음악교육과,"음악교육과는 학교와 사회에서 음악교육을 담당할 음악교육 전문가 양성을 위해 설치된 학과입니다. 음악교육과는 음악교육 관련 실기, 이론과 아울러 제반 교육학에 대한 이론을 이수하여 교육현장에서 능숙히 지도할 수 있는 역량 있는 음악 교사를 양성하는 데 교육목표를 두고 있으며, 졸업과 동시에 중등학교 음악과 2급 정교사 자격증을 취득할 수 있습니다."
의료보장구과,"의료보장구과는 노인이나 장애인의 신체적, 사회적 재활에 꼭 필요한 의지 및 보조기 제공을 목표로 기초의학과 전기, 전자 메카트로닉스 공학에 기반하여 보장구 제작의 공학적 이론과 기술을 배우고 장애인을 위한 적응 훈련을 익혀 국민건강을 담당할 전문 의료 기술인을 양성하는 학과입니다. 의료보장구과는 변화하고 발전하는 의지 및 보조기의 이론 및 기술을 겸비하여 학문적 발전에 기여할 수 있는 의지보조기기사 양성을 교육목표로 합니다."
의료정보공학과,"첨단화된 의료장비의 발전으로 간단하면서도 보다 정확하고 세밀하게 다양한 질병 검사를 할 수 있게 되었습니다. 
의료정보공학과는 현대 의학의 발전에 도움이 되고 환자들의 질병에 대해 정확한 진단을 내릴 수 있는 의료장비에 관한 전문가를 키웁니다. 의료정보공학과에서는 의학에 공학기술을 적용시켜 첨단 의료장비를 개발하고 운영하는 데 필요한 기술을 배웁니다."
의료정보시스템과,보건의료 분야에서 환자 중심의 서비스를 제공하기 위한 의료정보의 중요성은 더욱 커져가고 있습니다. 의료정보시스템은 보건의료체계 및 사회 환경과 의료지식 및 IT기술을 합리적으로 접목하여 국민에게 수준 높은 진료 서비스를 제공함으로써 병원 업무의 자동화를 구축하도록 합니다. 의료정보시스템과에서는 보건의료정보의 관리와 의료 서비스의 지원을 위한 전문 인력 양성을 교육목표로 합니다.
우주과학과,"우주과학은 지구를 벗어난 공간인 우주에 대해 연구하는 학문으로서, 우주과학과는 현대 천문학에서부터 인공위성과 우주선의 활용에 이르는 기초와 응용에 학습하고, 21세기 우주 시대가 요구하는 첨단 학문 분야에서 국제적인 경쟁력이 있는 인재를 양성하는 데 교육목표를 두고 있습니다."
영어교육과,"영어 의사소통 능력을 향상시켜, 궁극적으로 교실 영어 수업 진행의 심적 부담감을 덜어주고 21세기 글로벌 시대에 발맞춘 영어 교수 능력을 갖춘 우수한 인재를 길러내고 있습니다. 영어교육과의 학부 과정을 성공적으로 이수한 졸업생들은 교직에 진출하여 영어교육계에서 주도적이고 핵심적인 역할을 담당할 수 있으며, 논리력, 창의력, 언어 운용력 등을 고루 갖추고 학문 연구자로서의 탐구력과 교육자로서의 사명감을 지닌 사람은 대학원 과정에 진학하여 영어학, 영문학, 영어 교육 분야의 연구자, 학자 및 교육전문가를 양성합니다."
철학과,"철학(philosophy)의 어원을 풀어 보면, ‘지혜를 사랑하다’ 입니다. 결국 철학은 자신과 자신의 삶을 둘러싼 세계에 대한 지적인 관심이라고 할 수 있습니다. 철학과에 입학하면, 삶의 의미, 신, 선과 악, 존재 등에 대한 궁극적인 의문을 던지고 이에 합리적으로 대답하는 법에 대해 공부합니다. 졸업 후 많은 분야에 진출 가능하고, 특히 요즈음에는 정보산업 및 문화산업 분야에 활발히 진출하는 편입니다."
미디어출판과,"미디어출판과는 책의 출판을 위한 기획, 편집, 디자인, 마케팅, 홍보, 유통 등 출판과정에 대한 전반적인 실무에 필요한 전문 기술을 배우는 학문입니다. 미디어출판과는 디지털 시대를 맞이하여 출판에 관한 전문적인 기능뿐 아니라 매스미디어(mass media), 즉 대중매체에 대한 이해를 돕고, 전문적인 교육을 병행하여 실시하고 있습니다."
환경디자인과,우리가 살아가는 공간이 다양해지고 도시가 계속해서 변함에 따라 환경디자인의 영역 또한 다양해지고 있습니다. 환경디자인과는 인간생활에서 추구되는 순수한 실내공간뿐 아니라 외부공간까지도 새롭고 쾌적한 환경으로 재창조하는 분야입니다. 환경디자인과는 도시화가 급속히 진행되고 외부 공간의 쾌적성에 대한 관심이 증가함에 따라 자연환경을 보전하고 심미적인 요소를 함께 갖춘 환경디자인을 전문화하는 전문 기술자의 양성을 교육목표로 합니다.
환경디자인학과,"
산업화 과정에서 환경 파괴로 현대인들은 많은 고통을 당하고 있습니다. 환경은 삶의 질을 높이는데 매우 중요합니다. 환경디자인학은 쾌적한 환경의 질을 조성하는 도시, 조경, 건축에 관한 계획, 설계를 연구 대상으로 하는 학문입니다. 환경디자인학에서는 환경 개선에 필요한 지식 및 기술을 습득하고 자연자원의 보존과 관리를 고려합니다. 환경디자인학과는 쾌적한 외부 환경 창조에 기여할 수 있는 유능한 인재 양성에 교육목표를 두고 있습니다."
의예과,병원에 가면 흰 가운을 입은 의사 선생님을 볼 수 있죠? 의사가 되려면 의예과를 졸업해야 합니다. 의예과는 의료인으로서의 윤리의식을 함양하고 사회적 책임을 다할 수 있는 소양과 실용적인 능력을 갖춘 전문 의사를 키웁니다. 의예과는 순수 자연과학을 바탕으로 하는 응용과학 분야로서 사람을 살리는 데 필요한 지식을 가르치고 있습니다.
임상병리과,"병원에 가면 소변검사와 혈액검사를 통해 우리의 몸에 병이 있는지 진단합니다. 이렇게 소변검사와 혈액검사를 해주시는 선생님이 임상병리사입니다. 임상병리과는 임상병리 검사를 잘 수행할 수 있는 유능한 임상병리사를 키우고자 합니다. 임상병리과에서는 환자의 혈액이나 체액, 소변, 조직 등을 화학, 생물학, 물리학, 유전학적인 방법으로 분석하는 것을 배웁니다."
임상병리학과,"병원에 가면 소변 검사와 혈액 검사를 통해 우리 몸에 병이 있는지를 진단합니다. 이렇게 소변 검사와 혈액 검사를 수행하는 사람이 임상병리사입니다. 임상병리과는 임상 병리 검사를 잘 수행할 수 있는 유능한 임상병리사를 키우고자 합니다. 임상병리학과에서는 환자의 혈액이나 체액, 소변, 조직 등을 화학, 생물학, 물리학, 유전학적인 방법으로 분석하는 것을 배웁니다."
자동차정비과,"자동차산업은 점점 성장하고 있고, 기업, 가정 등 자동차 이용 수가 늘어나고 있습니다. 그런데 기계의 결함이나 교통사고와 같은 이유로 자동차 운행에 어려움이 있을 수 있겠죠? 이에 따라 자동차정비과는 큰 사고를 예방하기 위해서 자동차 점검에 필요한 정비 기술에 대해서 배웁니다. 자동차정비과는 자동차의 작동 원리, 구조, 부품의 기능과 성능에 관한 이론과 정비에 필요한 공구와 측정기, 제어에 관한 실무 교육을 통해서 자동차 정비를 잘할 수 있는 전문적인 인재를 양성합니다."
전기제어공학과,"저녁이 되면 자동으로 켜지는 가로등을 본 적이 있나요? 생활 주변에서 익숙하게 보는 각종 제품도 전기제어공학을 이용해 만들어 지고 있습니다. 전기제어공학과는 전기공학 및 제어계측공학 분야를 종합적으로 다루는 학과이며, 전기 에너지의 발생, 전기 에너지 변환, 반도체, 통신, 컴퓨터 등 첨단산업의 기술 개발 전문가 양성을 교육목표로 두고 있습니다."
가정교육과,"가정교육과의 교육과정은 크게 아동학, 가정관리학, 의류학, 식품학, 영양학, 주거학, 교과교육 분야로 나누어지고 생활의 과학화 및 생활 개선을 목표로 여러 기초 과학의 원리를 응용하고 통합하여 실천할 수 있는 학습 기회를 제공합니다. 가정교육과는 학문과 인성을 두루 갖추고 청소년들이 건강한 가정생활을 영위할 수 있도록 조력자의 역할을 수행할 수 있는 가정과 교사를 양성하는 것을 목표로 하고 있습니다."
지리학과,"지리학은 인간의 생활공간인 지표를 연구하는 학문입니다. 인간의 활동 무대가 되는 지표공간 내에서의 인간의 활동과 관련된 자연적, 인문적 현상의 지역적 분포 차이와 일반성을 연구합니다. 지리학과는 지리학의 학습을 통해서 지표 현상의 지리적 내용을 탐구하고 발전시키며 나아가 이를 사회발전과 국토개발에 활용할 수 있는 지리학 전문가를 양성하는 데 교육목표를 두고 있습니다"
지질학과,"지질학은 지구 주위에서 일어나는 모든 사물들의 운동과 현상을 다루는 학문으로, 대자연의 질서와 법칙을 밝히고 나아가 인간생활에 도움이 되는 지하자원의 개발 및 국토개발을 위한 기초 연구를 수행합니다. 지질학과는 순수 과학으로서의 지질학의 기본 원리인 지구의 역사를 이해시키고 고도화된 지식과 연구방법을 이용하여 사회가 필요로 하는 전문 인력의 양성에 교육목표를 두고 있습니다. "
장례지도과,"죽음은 출생, 결혼과 함께 인생의 3대 중대사로 꼽힙니다. 최근 고령화 사회로 사망자 수가 늘어나면서 장례 산업의 수요가 증가하고 있습니다. 장례지도과는 장례 절차, 제도, 공중위생, 시신 위생처리 등 장례에 대한 교육과 훈련을 제공하며, 장례와 관련된 모든 사항을 지도, 상담, 관리하는 전문적인 장례지도사를 양성합니다. "
환경화학과,"환경오염, 미세먼지, 기후변화 환경문제는 점점 심각해지고 있습니다. 환경화학과는 날로 심각해지는 환경 문제를 화학공학 지식을 바탕으로 예방하고 해결하기 위한 지식을 배우는 학과 입니다. 환경 오염물질 최소화  생산공정설계, 환경오염방지 및 보전 업무 수행 지식습득, 화학분야 이론 및 실습을 통해 환경 및 화학산업 분야에 탁월한 기술력을 갖춘 인재를 양성하는 것을 교육목표로 두는 학과입니다. "
문헌정보과,"문헌정보과는 각종 자료의 수집, 정리, 보존, 이용에 필요한 문헌정보학 관련 교과목과 정보전산처리 및 검색에 필요한 컴퓨터와 정보학 관련 교과목을 실무 중심으로 교육하고 있습니다. 문헌정보과는 각종 도서관 및 정보자료실의 운영과 정보 조사처리 및 정보봉사를 수행하는 데 필요한 실제적인 전문지식을 갖춘 사서와 독서지도 능력을 겸비한 보육교사 양성을 교육 목표로 두고 있습니다. "
전통조리과,"전통조리과는 한국 전통 음식을 바탕으로 일본, 중국, 서양 음식을 고루 배우며, 웰빙 트렌드에 맞춰 한국 음식의 장점을 체계적으로 전승ㆍ보존하려는 학과입니다. 전통조리과는 한국 고유의 전통 음식 및 세계 각국의 요리에 관한 전문 지식을 익혀 새로운 식생활 문화를 보급하고 창조할 수 있는, 과학적이고 체계적인 이론과 기술을 겸비한 전문 조리사 양성을 목표로 두고 있습니다."
호텔외식경영과,"호텔외식경영과는 세계화 추세에 알맞은 관광산업의 꽃이라 일컫는 호텔산업에서 객실업무, 레스토랑, 연회장에서 필요한 식음료업무 등의 실무를 익히며, 외국인과 의사소통을 위한 외국어 회화능력을 길러서 호텔 및 외식업체의 관리자가 되는 것을 목표로 합니다. 호텔외식경영과는 호텔과 같은 실습장에서 실제의 조리 및 주방 실무, 식음료서비스, 메뉴개발, 외식업체 컨설팅 등의 체계적이고 전문적인 이론과 실기 능력을 갖춘 전문 인력 양성을 교육목표로 합니다."
정보보호학과,"사물과 사물, 사물과 사람이 소통하는 사물인터넷 시대가 온다는 말을 들어본 적이 있나요? 무인 자동차는 도로위 신호와 사물간 인터넷을 통해 움직이게 되는데 이때 가장 중요한 것중 하나가 바로 보안 문제입니다. IT와 정보통신, 네트워크 기반의 다양한 융합 서비스가 출현하면서 정보보안의 중요성이 커지고 있습니다. 정보보호학과는 네트워크 통신망에서 발생하는 정보 누출, 도청, 정보 위조 및 변조 등의 공격과 위협을 사전에 예방하고 정보 시스템에 대한 디도스 공격, 해킹 시도 및 바이러스 유포 등의 정보보안사고를 대비하는 기술과 방법에 대해 배우는 학과입니다. ."
컴퓨터보안과,"액션 영화에서 해커가 주인공을 도와 혹은 주인공의 적으로서 컴퓨터 시스템에 침입하는 장면을 본 적 있죠? 이때 사용자 행위 및 데이터를 불법으로 열람하여 변조하고, 파괴하는 해커를 ‘블랙 해커’라고 하고, 이러한 블랙 해커의 공격에 대응하는 해커를 ‘화이트 해커’라고 합니다. 컴퓨터보안과는 블랙 해커와 같은 사이버 위협으로부터 정보 자산을 안전하게 보호하는 방법을 공부하는 곳입니다. 구체적으로는 컴퓨터 보안에 대한 실습을 중심으로 해킹, 바이러스의 침해 행위 대비, 운영체제 보안, 정보보안 시스템의 구축, 암호화, 네트워크 보안 기술, 파일시스템 보안기술 등 보안 실무에 관한 전문 인력을 기르는 곳이라고 할 수 있습니다."
제과제빵과,"제과제빵과에서는 제과제빵 분야의 현장 중심 교육을 통해 제과제빵과 관련한 기초 지식과 다양한 실습 교육으로 창의적이고 상품성 있는 제품 개발 능력을 기릅니다. 제과제빵과는 제과, 제빵, 커피 식음료 산업에서 필요로 하는 전문 인력을 양성하고 현장에서 직접 생산과 판매를 할 수 있는 실무 능력을 갖추도록 합니다."
호텔조리과,호텔조리과에서는 호텔을 비롯한 각종 전문 레스토랑에서 각광받고 있는 음식 문화와 관련하여 다양한 실습 교육을 통해 각국의 수준 높은 조리 실무 기술을 습득하도록 합니다. 호텔조리과는 국제화 시대에 발맞추어 창의력과 실력을 갖춘 호텔 및 외식산업에 종사할 수 있는 전문 조리사를 양성하는 것에 목표를 두고 있습니다.
제품디자인과,"우리가 쓰는 다양한 제품들은 실용성은 물론 디자인의 아름다움도 함께 고려되어 만들어 집니다. 제품디자인과는 제품의 아름다움과 개성, 재료, 기능성 등의 요소를 고려하면서 상품개발을 함으로써 급속히 변하는 다양한 요구를 충족시키는 분야입니다. 제품디자인과는 제품 디자인에 대한 일반적인 이해와 디자이너로서 필요로 하는 예술적 감각과 합리적, 이성적 기술 교육을 통하여 인간 환경에 필요한 제품 디자인 환경을 만들어갈 창조적인 제품 디자이너 양성을 교육목표로 두고 있습니다."
조소학과,"조소학과는 현대 미술에서 입체작업이 차지하는 비중이 점점 커지고 있는 가운데 조각예술의 흐름과 양식 및 기법을 익힘으로써 창의적 조각예술 창달을 목적으로 합니다.
조소학과는 현대 사회에서 가장 중요시되는 환경적 측면에서의 조각을 재조명하면서 도시 미관에 관련된 환경미학, 건축, 도시계획, 디자인 등을 학문적으로 연구합니다. 이를 통해 사회적 기능과 역할을 다하는 창조적 예술가를 양성하는 것에 교육목표를 두고 있습니다."
환경조각학과,"환경조각학과는 공공 미술로서의 기능을 다하며 도시환경과의 조화로서 미술의 사회적 기능을 연구ㆍ실천하는 학과입니다. 따라서 순수조각의 예술성과 학문적 바탕 위에 현대사회의 요구에 부응하는 일반 대중의 미적 정서를 충족시키고자 합니다.
환경조각학과는 환경의 개념을 순수조각과 조화롭게 연계하여 조형작품이 실생활에 활용되는 방안을 모색, 연구하며 인간의 주거환경을 위한 미래의 조형전문인 양성에 교육목표를 두고 있습니다."
조경과,"온 세상이 회색빛의 높은 건물들만 있다면 꽤 삭막하겠죠? 우리가 살아갈 공간에서 환경을 어떻게 계획하고 설계하느냐는 중요한 문제입니다. 조경은 아름다운 경관을 만드는 일뿐만 아니라 생태적으로 건강하고, 사람들이 쾌적하고 가치 있는 삶을 누릴 수 있도록 생활환경을 만드는 일입니다. 조경과는 식물 재료ㆍ토목재료ㆍ물 또는 조형물을 이용하여 자연 요소와 인공 요소를 구성함으로써 쾌적한 환경을 조성하는 기술을 배웁니다. 이를 바탕으로 예술과 기술이 종합된 조경 분야에 종사할 수 있는 전문가 양성을 교육목표로 합니다."
조경학과,"우리나라 최초의 조경 문화는 백제 무왕 634년에 시작되었다라고 할 수 있습니다. 무왕은 궁궐에 네모난 ‘궁남지’라는 연못을 파고 섬을 만들어 버드나무를 심었습니다. 궁남지는 우리나라 최초의 인공 연못인 셈입니다. 조경학과는 식물?토목 재료, 물이나 조형물, 나무 등을 이용해서 인간에게 쾌적한 생활공간을 꾸미는 일에 대해서 배우는 학과입니다. 조경학과는 공원 및 녹지의 조성 뿐만 아니라 환경오염과 기후변화에 대응한 환경 보존 및 관리, 생？O계획과 복원의 영역, 친환경 사회 구축등 점차 조경학의 역할이 커지고 있습니다. "
외식조리과,"외식조리과는 음식문화의 국제화와 외식산업의 발달에 맞추어 조리에 관한 이론을 익히고 한식, 양식, 일식, 중식, 제과, 제빵, 식공간 연출, 조주(칵테일) 등의 실습 위주의 교육을 함께 하고 있습니다. 외식조리과는 국민의 건강 증진과 식생활 문화의 올바른 방향을 제시하고 급속히 변화하는 세계의 식문화와 함께 호흡할 수 있는 전문 지식과 기술, 창의력을 갖춘 외식업 분야의 전문조리인 양성을 교육목표로 두고 있습니다."
산림자원학과,자원은 한정적이기 때문에 자원을 확보하고 새로운 자원을 개발하는 것은 매우 중요합니다. 자원의 범위는 매우 방대하며 산림자원학과는 이 중 목재를 비롯한 임산물을 다루는 학과입니다. 산림자원학과는 산림 생물의 생리적 변화와 산림 생태계의 환경적 변화를 이해하고 친환경적 생물자원을 활용하는 방안을 다룹니다. 
조선공학과,"바다 위에 떠있는 배를 보면 한가로워 보이지만 엄청난 공학 기술이 숨겨져 있는 것을 알고 있나요? 조선공학은 선박 및 해양 구조물, 잠수정, 해저로봇, 해양자원탐사 및 채굴용 장비의 설계와 생산, 건조나 운용에 필요한 기초 학문과 응용기술을 배우고 연구하는 학문입니다. 일반 선박 및 첨단 고부가가치 LNG선박의 개발, 해양자원 및 해양 에너지 개발, 해양 공간 이용 등 21세기 조선 및 관련 산업을 선도하는 신기술인 양성을 교육 목표로 두고 있습니다."
지구정보공학과,"제주도에 가보면 흙과 돌이 내륙과는 크게 차이가 나는 것을 알 수 있습니다. 우리가 사는 지구나 공간이 어떻게 형성되었는지를 탐구하는 곳이 지구정보공학과입니다. 지구정보공학과는 국토 계획과 지역 개발, 지도 제작, 환경 관리와 평가, GIS(지리정보시스템) 등의 분야를 선도할 인재를 양성합니다. 지구정보공학과에서는 사람들이 사는 생활 공간인 지표 현상에 대하여 학습합니다."
군사학과,"군사학과에서는 21세기 한반도 주변의 새로운 군사안보 상황에서 국가를 지키고 대한민국의 군을 이끌어 갈 장교 및 군사전문가를 양성하기 위한 교육프로그램을 운영하고 있습니다. 군사학과는 군사 정책 및 전략에 필요한 군사 전문 지식을 배양하고, 과학기술이 지배하는 미래 환경에 능동적으로 대처 할 군사력 운용 능력과 장교로서 임무 수행에 필요한 전문 지식 및 투철한 국가관과 강인한 체력을 배양하여 미래를 이끌어 갈 군사전문가 및 전문 직업군인을 양성하는 것을 교육목표로 두고 있습니다."
부사관과,"부사관이란 국가공무원의 하나인 직업군인으로서 소정의 교육을 이수하고 각 군에 임관된 사람을 말하며, 장교와 병사 사이에 위치한 간부로서 하사, 중사, 상사, 원사의 계급을 가집니다. 부사관과는 군의 중심 간부로서 부사관 임관 후 직업군인으로서 임무 수행에 필요한 군사학 전문지식과 실무를 겸비한 유능한 부사관 양성을 교육 목표로 두고 있습니다. 구체적으로 부사관과는 육군의 분ㆍ소대와 같은 규모의 집단을 지휘하거나, 전투 기본교육, 보급, 정비, 행정, 부대 관리 등의 기술을 배웁니다."
기술교육과,"공학(Engineering)은 ‘발명ㆍ고안ㆍ창안하다’는 뜻의 라틴 어 ‘ingenerare’에서 유래하였습니다. 공학교육과는 기계, 컴퓨터, 금속, 전기 등 다양한 이론을 공부하며, 각 교과목에 대한 기초적인 지식을 배우고 그 지식을 학생들에게 효과적으로 전달할 수 있는 방법에 대해서 공부합니다. 공학교육과는 앞으로 미래의 최첨단 산업을 이끌어 갈 우리나라의 꿈나무들을 교육시킬 수 있는 인재를 양성하는 곳입니다."
전기ㆍ전자ㆍ통신공학교육과,"전기ㆍ전자ㆍ통신공학교육과는 전기ㆍ전자 회로, 반도체, 통신, 제어 등 최첨단 산업의 근간이 되는 공학 기술과 이론 및 관련 교육학을 학습하며, 정보화 시대에 발맞추어 멀티미디어 저작 도구를 활용하는 능력을 배양하고, 이를 이용하여 실제로 멀티미디어 교재를 제작해 봄으로써 미래의 교육 환경 변화에 적절히 대처할 수 있는 교사를 양성하고 있습니다. 전기ㆍ전자ㆍ통신공학교육과는 전기, 전자, 통신 공학 분야의 인력을 지도할 교사 및 공업 교육 전문가를 양성합니다."
철도교통과,"철도망 건설의 확대와 지역의 도시철도 운영이 확대되고, 남북철도와 대륙 횡단 철도의 운행 계획이 가시화되면서 철도 교통의 중요성은 나날이 커지고 있습니다. 철도교통과는 이러한 시대의 흐름에 따라 철도운영의 사무업무, 철도차량 및 기계를 다루는 업무, 철도 운송 및 운전 업무 등 철도교통의 전반적인 업무를 총체적으로 학습하여 철도 전문 인재를 양성하는 것에 교육목표를 두고 있습니다. "
지적과,"효율적인 국토의 개발 및 관리를 위하여 정확하고 신속한 토지정보관리 행정업무를 수행하고, 국가나 기업체에서 요구하는 실질적이고 합리적인 토지 이용과 체계적이고 능률적인 부동산 관리를 위하여 필요한 전문 인력을 양성하는 학과입니다. 지적과는 국토관리와 산업개발 촉진의 기본이 되는 토지의 합리적 관리를 위하여 토지 관련 업무에 이바지할 지적 전문 기술 인력 양성을 교육목표로 하고 있습니다."
지적학과,"지적학은 국토를 대상으로 다각적 측면, 즉 부동산, 도시계획, 측량법률, 행정 등의 분야에 대해 보다 효율적인 토지의 이용 관리를 연구하는 분야로 국토 자원의 효율적 이용과 관리에 핵심적 요소입니다. 이에 지적학과에서는 국토의 효율적 이용 관리를 위해 부동산, 도시 및 지역계획, 측량, 법률, 정책 등 종합적 관점에서 지적에 관한 전문 지식을 습득시켜서 지적 관련 업무의 전문 인력을 양성하는 것에 교육목표를 두고 있습니다."
측지정보과,"측지정보과는 효율적인 토지이용 및 개발에 따라 토지를 대상으로 전개되는 여러 활동을 공학적으로 연구합니다. 또한 측지정보 뿐만 아니라 건설 산업의 계획, 설계, 시공, 관리 등 건설공학에 대한 전문적 이론을 배우고 현장감 있는 실험실습 교육을 함께 습득합니다. 측지정보과는 정보화 사회가 요구하는 토지정보처리 능력을 가지고 측량, 지적, GIS, 도시계획 등 디지털 국토 실현을 위해 국토개발 분야에 이바지할 전문 기술인 양성을 교육목표로 합니다. "
치기공과,치기공은 예술과 과학의 만남이라고 합니다. 치기공과는 섬세하고 숙련된 치과 보철물과 교정 장치물 제작에 필요한 전문 기술 인력을 키우고자 합니다. 치기공과에서는 치과 보철물을 만드는 방법과 부정교합을 치료하는 교정 장치물에 관한 이론과 실기를 다룹니다.
치위생과,치위생과는 사람들의 구강 건강 증진과 구강 질환 예방에 중점을 두어 공부하는 학과입니다. 치위생과에서는 치과 병ㆍ의원에서 치과의사를 도와 국민의 구강 보건에 힘쓰는 치과위생사를 키우고자 합니다. 치위생과에서는 사람들의 구강질환을 예방하고 건강하고 아름다운 치아를 유지할 수 있도록 전문 치위생 이론 및 기술을 공부합니다.
치의예과,"썩은 이빨을 치료하거나 고른 치아를 위해서 우리는 치과에 갑니다. 치과의사는 치의예과를 졸업해야 합니다. 치의예과는 치과의사로서의 사명감과 사회에 봉사하는 인생관을 지니고 국민의 구강 건강을 지키며 선진국 수준의 국제 감각을 지닌 치과의사를 키웁니다. 치의예과에서는 치아 및 구강 외에도 아래턱, 위턱, 얼굴과 관련된 질환과 장애, 기형 등에 대해 치료하고 예방하는 방법에 대해 공부합니다."
컨벤션산업과,"컨벤션산업은 국제회의, 박람회, 전시회 등 각종 국제행사를 유치함으로써 각종 부가이익을 창출하는 산업입니다. 컨벤션산업과는 국가적 차원에서 국제회의, 이벤트, 전시 분야의 전문 인력을 양성하기 위하여 개설되었으며, 관광의 전반적 분야와 컨벤션, 이벤트 분야와의 조화로운 연계로 관광 컨벤션을 상품화시켜 나갈 수 있는 전문 서비스, 전문 기획가를 양성하는 데 교육목표를 두고 있습니다."
전기자동화과,"현대산업사회에서는 자동화 시스템의 설계, 제작, 운용, 유지, 관리 등에 기여할 기술자가 필요한 상황이며, 특히 4차 산업혁명을 토대로 기계 및 전기로 구성된 시스템을 설계하고 기계, 전기, 전자, 컴퓨터 기술 등을 사용할 수 있는 능력을 요구하고 있습니다. 이에 따라 전기자동화과는 기계공학의 기본 교과목에 전기, 전자, 컴퓨터 및 제어와 관련된 전문적인 학문들을 접목함으로써 기계 시스템의 기초 이론과 컴퓨터의 활용에 의한 자동화 시스템의 설계, 가공, 운전 및 현상 해석을 할 수 있는 능력을 갖춘 전문 엔지니어 양성을 교육목표로 합니다. "
유아특수재활과,"유아특수재활과는 정신지체아, 지체부자유아, 언어장애아, 발달장애아 등 특수아동들을 대상으로 적절한 조기진단 및 치료교육을 담당할 전문적인 유아특수치료교사를 양성하는 학과입니다. 유아특수재활과는 인간 존중 정신과 공동체 의식을 바탕으로 특수아동에 대한 전문 지식과 치료교육기술을 학습하여 장애인의 복지에 기여하고, 의사소통 장애인을 진단 및 치료하고 교육할 수 있는 전문인 양성을 교육목표로 두고 있습니다."
푸드스타일링과,"푸드스타일링과는 음식에 대한 전문 지식을 바탕으로 인간이 가지고 있는 오감을 자극하여 음식과 함께 얻을 수 있는 욕구를 충족시키는 분위기를 기획, 연출, 표현할 수 있는 감성을 개발하며, 변화하는 식문화 산업을 이끌어갈 수 있는 전문가를 양성합니다. 푸드스타일링과는 요리, 푸드스타일링, 테이블 데코레이션 등 다양한 영역에서 깊이 있는 지식을 쌓고 실전의 경험을 충분히 쌓은 감각 있는 푸드스타일리스트를 양성하여 식문화를 이끌고 향상시켜 나갈 진정한 전문가 배출에 교육목표를 둡니다."
게임공학과,"모바일 게임이나 컴퓨터 게임을 해본 적이 있나요? 게임공학과는 게임을 만들기 위해 필요한 게임 기획 및 시나리오 설계, 게임 프로그래밍, 게임 그래픽 디자인, 게임 애니메이션 개발, 게임 음악 및 음향, 게임 시스템 구성 및 운영방법 등 게임 제작에 필요한 전반적인 이론을 배우고 실습을 통해 실무 능력을 갖추는데 교육목표를 두고 있습니다. "
서양화과,"서양화과는 인간의 미적 감각을 서양화로 표현하고 예술적 작품으로 승화시키데 필요한 학습을 합니다. 창조적이고 전문적인 특성을 갖출 수 있도록 실기과정을 체계적으로 교육하고, 판화, 입체, 사진, 영상 등과 함께 회화사, 미학, 미술론, 영상학 등의 이론교육을 실시하고 있습니다. 
서양화과는 미술을 통하여 사회에 이바지할 수 있는 창조적 인간을 육성하고 예술을 통한 인격형성을 도모하며 더 나아가 사회에 이바지하는 작가 양성에 교육목표를 두고 있습니다."
한의예과,텔레비전 드라마에서 허준 선생님이 한약으로 사람을 고치는 것을 본 적이 있죠? 허준은 한의학의 아버지입니다. 한의예과는 한의학 지식과 진료 능력을 가지고 봉사정신과 사명감을 갖춘 유능한 한의사 및 한의학자를 키웁니다. 한의예과에서는 질병의 근본적인 원인을 알아내어 인체의 기능을 정상으로 회복시키기 위해 한약과 침술을 사용하는 방법에 대해 학습합니다.
교통공학과,"인간에게 자동차, 기차, 배, 비행기와 같은 교통수단이 없다면 얼마나 불편할까요? 교통공학과는 사람들이 보다 교통수단을 편리하게 이용 할 수 있도록 도로, 철로, 환경, 안전, 각종 교통사고 등의 문제점을 해결하기 위한 다양한 이론에 대해 공부하는 학과입니다. 교통공학과는 효율적인 도로 시스템과 교통체계를 만들 수 있는 교통전문가를 양성하고 있습니다."
항공정비과,"항공기에 정말 많은 부품이 들어간다는 것을 알고 있나요? 고속 팬 모터, 온도조절장치, 엔진, 강화유리, 발전기 등의 부품들을 세심하게 고려하여야 합니다. 항공정비과는 항공/자동차 산업 및 관련 기계 산업 분야에 필요한 이론과 실무 지식을 습득시키고, 항공기 생산, 정비 및 관련 기계공업 등의 실무를 습득합니다. 이와 같은 교육을 바탕으로 항공/자동차 산업체에서 필요로 하는 전문 기술 인력의 자질을 갖추고, 일반 기계 산업 분야에도 진출하여 전문 기술 인력을 양성하는 것을 목표로 합니다. "
해양자원학과,해양자원학과는 바다의 환경 특성을 이해하고 바다 생물이 해양환경에 어떻게 적응해 서식하고 있는지 등에 대한 생태적 특성을 파악하며 수산자원생물의 보존과 관리를 연구하는 학과입니다. 해양자원학과는 해양의 무궁무진한 잠재력을 극대화하고 해양에 부존하는 생물자원과 비생물자원의 효율적 개발과 이용과 보존에 기여하고자 합니다. 
행정과,"현대사회는 어떠한 조직이든 간에 비전, 판단력, 업무처리 능력, 폭넓은 인간관계, 변화에 대응하는 능력이 필요합니다. 행정과는 조직의 구조, 인사, 재무 등 조직에 대한 폭넓은 연구와 교육을 수행하는 학과입니다. 행정과는 국가 발전을 위해 성실하고 유능한 행정인을 양성하고 행정 분야의 전문적 중견 직업인 양성을 교육목표로 합니다."
고분자공학과,"건축자재, 자동차 범퍼와 타이어, 모니터 디스플레이, 텔레비전, 세탁기, 항공기, 우주선 등 지금 눈앞에 보이는 거의 모든 물건의 재료는 고분자 물질로 구성되어 있습니다. 고분자 공학은 플라스틱, 섬유, 접착제, 페인트, 고무 등 고분자 물질의 특징과 구조에 대해 이해하고 고분자 재료의 합성, 가공, 기능화, 고성능화 방법, 각종 고분자 재료 이해, 고분자 관련 지식을 배우고 연구하는 학과입니다."
공업화학과,"모든 제품을 만들기 위해서는 화학 재료가 필요합니다. 공업화학과는 화학 물질을 이용해 제품의 소재, 합성과 가공, 제조 등 화학공업에 관한 기초이론과 응용기술에 대한 이론과 실습을 하게 됩니다. 현장 실습을 통해 화학공업 제품의 생산, 개발, 분석, 연구 및 장치의 운전업무 등을 경험합니다. 화학분야의 전문적인 지식과 경험을 모두 갖춘 인재를 양성하는 것에 교육목표를 두고 있는 학과입니다."
정밀화학과,정밀화학은 순수화학을 기본으로 첨단 화학을 추구하는 학문입니다. 부가가치가 높고 다용도의 특수 기능성을 가지며 사회적 필요에 따라 기능성의 향상과 용도의 다양화에 부응하는 고도의 기술 집약적인 화학 산업 분야입니다. 이에 정밀화학과에서는 정밀화학산업에 요구되는 공학적 이론 지식과 현장 적용 능력을 갖춘 전문 화학 인력 양성을 교육목표로 두고 있습니다. 
