major,activity_category,activity_details
컴퓨터공학과,컴퓨터부품확인,컴퓨터 본체를 열어 각종 부품을 직접 확인해 보고 컴퓨터의 구성 및 구조에 대해 이해할 수 있다.  
컴퓨터공학과,웹진구독,컴퓨터나 IT분야에 대한 웹진이나 잡지를 구독하고 관심 내용을 읽어보는  활동을 통해 컴퓨터 공학 및 관련 기술에 대한 지식을 쌓을 수 있습니다.
컴퓨터공학과,뉴스구독,"전자신문 웹사이트 방문, IT관련 기사검색을 통해 뉴스를 읽고 컴퓨터와 IT 분야에 대한 최신 동향 파악 및 새로운 기술에 대해 빠르게 정보를 얻을 수 있습니다."
컴퓨터공학과,동영상시청,"IT 컴퓨터, 클라우드컴퓨팅 빅데이터, 인공지능, 5G, 사물인터넷 등 관련된 영상 시청을 통해 지식을 얻을 수 있습니다."
컴퓨터과학과,컴퓨터부품확인,컴퓨터 본체를 열어 각종 부품을 직접 확인해 보고 컴퓨터의 구성 및 구조에 대해 이해할 수 있다.  
컴퓨터과학과,웹진구독,컴퓨터나 IT분야에 대한 웹진이나 잡지를 구독하고 관심 내용을 읽어보는  활동을 통해 컴퓨터 공학 및 관련 기술에 대한 지식을 쌓을 수 있습니다.
컴퓨터과학과,뉴스구독,"전자신문 웹사이트 방문, IT관련 기사검색을 통해 뉴스를 읽고 컴퓨터와 IT 분야에 대한 최신 동향 파악 및 새로운 기술에 대해 빠르게 정보를 얻을 수 있습니다."
컴퓨터과학과,동영상시청,"IT 컴퓨터, 클라우드컴퓨팅 빅데이터, 인공지능, 5G, 사물인터넷 등 관련된 영상 시청을 통해 지식을 얻을 수 있습니다."
컴퓨터디자인학과,디자인 전시회 관람,인터넷에서 디자인 전시회 소식을 찾아보고 전시회를 관람하세요. 선배 디자이너의 작품을 보고 디자인에 대해여 배울 점이 많습니다. 
컴퓨터디자인학과,SNS 운영,자신의 SNS를 운영하면서 최근의 흐름을 따라가 보세요. 단순한 정보전달을 넘어서서 자신의 메시지를 보다 효과적으로 전달하는 방법에 관하여 고민해 보세요.
컴퓨터디자인학과,디자인 잡지 구독,디자인 관련 잡지 가운데 하나를 도서관을 통하여 구독해서 정기적으로 새로운 흐름과 추세를 파악해 보세요. 
컴퓨터소프트웨어과,코딩연습,"각종 코딩 사이트나 코딩 프로그램을 통한 코딩 연습을 통해 모바일 웹, 모바일 애플리케이션 개발에 필요한 프로그래밍에 대한 기초 지식과 원리를 이해할 수 있습니다."
컴퓨터소프트웨어과,소프트웨어공학 관련 자료 수집,"전자신문 웹사이트 방문, IT, 프로그래밍, 소프트웨어 등 관련 기사검색을 통해 자료를 수집하고 공부하면서 소프트웨어 및 프로그램 개발, IT분야에 대한 최신 정보와 새로운 기술에 대해 빠르게 알 수 있습니다."
컴퓨터응용기계과,기계박람회,한국국제기계박람회 등에 참여하여 최근 기슬 동향에 대하여 이해하는 데 도움이 될 수 있습니다. 
컴퓨터응용기계과,기계설계도면 그리기,동영상이나 이미지를 통하여 기계설계도면을 찾아보고 직접 그려보세요.
컴퓨터응용기계과,3D CAD프로그램 배우기,동영상을 통하여 CAD프로그램을 배워 간단한 조작법을 익혀보세요.
성악과,성악 배우기,성악의 발성과 호흡 등 기초적인 것에서부터 체계적으로 학습하고 실습해야 합니다.
성악과,음악 동아리,친구들과 동아리를 만들어 함께 자신이 연주하고 싶은 악기를  연주 해보세요. 연습을 통한 악기 연주의 실력이 향상됩니다.
성악과,성악 공연 관람,성악 공연이나 성악 콘서트를 기회 있을 때 마다 관람하고 후기를 기록해 보세요. 
실용음악과,축제 무대 참여,학교나 지역의 축제에서 가수나 댄서로서 직접 무대에 서보세요. 연습을 통한 실력 향상과 많은 사람들 앞에서 무대를 함으로써 자신감을 키울 수 있습니다. 
실용음악과,음악 동아리,"음악 동아리를 통해 보컬, 밴드 등 다양한 음악 장르를 배울 수 있습니다. "
실용음악학과,노래 배우기, 발성법과 호흡법 등 기초적인 것에서부터 체계적으로 학습하고 실습해야 합니다.
실용음악학과,음악 동아리,친구들과 동아리를 만들어 함께 자신이 연주하고 싶은 악기를  연주 해보세요. 연습을 통한 악기 연주의 실력이 향상됩니다.
실용음악학과,음악 공연 관람,관심있는 가수나 그룹의 공연을 온라인이나 오프라인으로 관람하고 후기를 기록해 보세요. 
음악과,음악 동아리,오케스트라가 아니어도 좋습니다. 친구들과 동아리를 만들어 함께 자신이 연주하고 싶은 악기를  연주 해보세요. 연습을 통한 악기 연주의 실력이 향상됩니다.
음악과,연주회 공연 관람,"월1회 연주회 공연 관람 등 자신의 원칙을 정해놓고 정기적으로 관람하고 후기를 기록해 보세요. 악기연주 및 지휘, 작곡 등 음악에 대한 전반적인 이해력을 높일 수 있습니다."
음악학과,음악 동아리,오케스트라가 아니어도 좋습니다. 친구들과 동아리를 만들어 함께 자신이 연주하고 싶은 악기를  연주 해보세요. 연습을 통한 악기 연주의 실력이 향상됩니다.
음악학과,연주회 공연 관람,"월1회 연주회 공연 관람 등 자신의 원칙을 정해놓고 정기적으로 관람하고 후기를 기록해 보세요. 악기연주 및 지휘, 작곡 등 음악에 대한 전반적인 이해력을 높일 수 있습니다."
작곡과,작곡 실습,작곡법을 배우고 실습곡을 만들어 보세요. 작곡에서 배워야할 점을 스스로 알 수 있습니다.
작곡과,음악 동아리,친구들과 동아리를 만들어 함께 자신이 연주하고 싶은 악기를  연주 해보세요. 연습을 통한 악기 연주의 실력이 향상됩니다.
작곡과,음악 공연 관람,자신이 관심있는 장르의 음악 공연을 기회 있을 때 마다 관람하고 후기를 기록해 보세요. 
전기공학과,전기키트조립,전기 키트를 만들어 보는 활동을 통해 전기의 작동원리와 기초 지식을 얻을 수 있습니다.  
전기공학과,잡지구독,전기 및 전자 분야의 잡지를 구독하여 최신 정보와 관련 지식을 얻을 수 있습니다.
전기공학과,박물관 방문,전기박물관 관람을 통해 전기 분야에 대한 흥미와 관심을 넓힐 수 있습니다.
전기공학과,동영상시청,"전기, 신재생에너지, 에너지와 관련된 동영상 시청을 통해 관련 지식을 얻을 수 있습니다."
전기과,전기 박물관 관람,"전기에너지의 역사, 전기와 생활 및 전력산업에 대하여 둘러봄으로써 전기과에 대한 폭넓은 이해가 가능합니다."
전기과,전기회로 키트 조립,과학실험인 전기회로 키트 조립을 통하여 전기에 대한 기초 이해 능력을 습득할 수 있습니다.
전기과,전기부품 이미지 수집,다양한 전기부속품 등의 사진을 모아 관찰해보세요. 재료에 대한 이해에 도움이 됩니다.
전기전자공학과,전기전자키트조립,전기전자 키트를 만들어 보는 활동을 통해 작동원리와 기초 지식을 얻을 수 있습니다.  
전기전자공학과,잡지구독,전기 및 전자 분야의 잡지를 구독하여 최신 정보와 관련 지식을 얻을 수 있습니다.
전기전자공학과,박물관 방문,전기박물관 관람을 통해 전기 분야에 대한 흥미와 관심을 넓힐 수 있습니다.
전기전자공학과,동영상시청,"전기, 에너지, 전자와 관련된 동영상 시청을 통해 관련 지식을 얻을 수 있습니다."
전기전자과,전기 박물관 관람,"전기에너지의 역사, 전기와 생활 및 전력산업에 대하여 둘러봄으로써 전기과에 대한 폭넓은 이해가 가능합니다."
전기전자과,전기회로 키트 조립,과학실험인 전기회로 키트 조립을 통하여 전기에 대한 기초 이해 능력을 습득할 수 있습니다.
전기전자과,전기부품 이미지 수집,다양한 전기부속품 등의 사진을 모아 관찰해보세요. 재료에 대한 이해에 도움이 됩니다.
전자공학과,전자키트조립,전자 키트를 만드는 활동을 통해 작동원리와 기초 지식을 얻을 수 있습니다.  
전자공학과,잡지구독,전자 분야의 잡지를 구독하여 최신 정보와 관련 지식을 얻을 수 있습니다.
전자공학과,전자제품매장 방문,전자제품 매장을 방문하여 각종 제품을 직접 만져보고 사용해보는 활동을 통해 전자 분야에 대한 흥미와 관심을 넓힐 수 있습니다.
전자공학과,동영상시청,"전자, 인터넷, 4차산업혁명과 관련된 동영상 시청을 통해 관련 지식을 얻을 수 있습니다."
전자과,전기 박물관 관람,"전기에너지의 역사, 전기와 생활 및 전력산업에 대하여 둘러봄으로써 전자과에 대한 폭넓은 이해가 가능합니다."
전자과,전기회로 키트 조립,과학실험인 전기회로 키트 조립을 통하여 전기에 대한 기초 이해 능력을 습득할 수 있습니다.
전자과,전자부품 이미지 수집,다양한 전자부속품 등의 사진을 모아 관찰해보세요. 재료에 대한 이해에 도움이 됩니다.
농수산과,식물 기르기,집이나 학교에서 식물을 직접 기르거나 주말농장 체험을 통해 농작물의 품종과 특성에 대한 정보를 접할 수 있습니다.
농수산과,농ㆍ어촌 체험하기,농촌이나 어촌 현장 체험을 통해 농수산 자원의 생태와 농수산 식품산업에 필요한 기술에 대해 알아볼 수 있습니다.
농수산과,생물 관련 동아리 활동,생물과 관련한 동아리 활동을 통해 자신의 흥미를 찾아볼 수 있습니다. 
농수산과,농수산 관련 독서,
농업경제학과,경제신문 구독,경제의 주요 이슈를 살펴볼 수 있습니다. 
농업경제학과,농업신문 구독,농업의 주요 이슈를 살펴볼 수 있습니다. 
농업경제학과,고교생 모의투자 참여 (증권회사 주최),모의주식투자를 통해 금융에 대한 관심을 높이고 올바른 투자 자세를 배울 수 있습니다.
농업경제학과,경제 배우기 체험활동 (금융기관 주최),"경제캠프, 경제박람회, 청소년 경제 강좌 등에 참여하여 은행, 화폐, 시장경제원리, 저축과 투자, 신용관리에 대해 알아볼 수 있습니다."
농업경제학과,농업 배우기 체험활동,"농업기술센터, 농업기술박람회, 농업 체험 학습 등에 참여하여 농업 관련 지식과 필요한 기술, 미래 농업에 대해 알아볼 수 있습니다."
농업교육과,농업 관련 서적 탐독,농업 교과에 대한 관심 및 학업능력을 제시할 수 있는 동아리 및 교과활동 
축산과,목장 체험하기,목장 체험을 통해 가축의 관리와 사육 방법에 대한 정보를 접할 수 있습니다.
축산과,축산 관련 투어 프로그램 참여,축산 관련 투어 프로그램에 참여하여 축산식품과 유제품의 유통 과정을 알아볼 수 있습니다.
축산과,생물 관련 동아리 활동,생물과 관련한 동아리 활동을 통해 자신의 흥미를 찾아볼 수 있습니다. 
축산과,동물 관련 독서,
광고디자인과,광고 분야 공모전 참여,사회문제 및 이슈를 공유하고 해결방안을 모색할 수 있는 공익광고제 혹은 시각/정보 디자인 부문이나 콘텐츠(영상광고) 부문에 참여하여 직접 디자인 경험을 해봄으로써 성취감을 느낄 수 있습니다. 
광고디자인과,전시회 관람,타이포그래피와 같이 시각전달을 활용한 디자인 전시회에 참여하여 이 분야에 관심을 높이고 향후 디자인 전망에 대한 정보를 파악하고 미적 감각 능력을 키울 수 있습니다.
산업디자인과,공모전 참여,"공모전에 참여하여 산업기계 및 공구, 생활 가구 등 제품 디자인이나 브랜드 디자인 등 관심 있는 세부 분야를 알아보고 직접 디자인해 볼 수 있습니다."
산업디자인과,우수디자인(GD)상품 찾아보기,"국가에서 매년 우수한 디자인 상품을 선정하는데 이를 한국디자인진흥개발원 홈페이지를 통하여 살펴볼 수 있습니다. 이를 통해 디자인 감각을 키우고, 최신 트렌드를 알 수 있습니다."
간호학과,의료봉사활동,"병원, 의료단체 등에서 의료봉사활동을 경험하며 환자들, 의사들과 교감하며 사람들에게 베푸는 마음을 배웁니다."
간호학과,의료 박람회 참석,"병원 및 의료기기 산업 박람회에 참석하여 의료 관련 트렌드를 파악하고, 세미나를 통해 새로운 정보를 얻을 수 있는 기회가 될 수 있습니다. "
간호학과,"과학(생물, 화학 등) 관련 동아리 활동","과학(생물, 화학 등)과 관련한 동아리 활동을 통해 자신의 흥미를 찾아볼 수 있습니다. "
간호학과,의료 관련 독서,
경제학과,경제신문 구독,경제의 주요 이슈를 살펴볼 수 있습니다. 
경제학과,고교생 모의투자 참여 (증권회사 주최),모의주식투자를 통해 금융에 대한 관심을 높이고 올바른 투자 자세를 배울 수 있습니다.
경제학과,경제 배우기 체험활동 (금융기관 주최),"경제캠프, 경제박람회, 청소년 경제 강좌 등에 참여하여 은행, 화폐, 시장경제원리, 저축과 투자, 신용관리에 대해 알아볼 수 있습니다."
고고학과,문화재 관련 시설 활동,문화재 관련 시설에서 봉사활동을 하며 실전 경험을 쌓을 수 있습니다.
금속공학과,동영상시청,"금속재료, 금속분야 동영상 시청을 통해 기계에 대한 이해와 흥미를 높일수 있습니다."
금속공학과,박람회 참여,한국금속대전 등 금속 분야 박람회 참여를 통해 최신 정보와 관련 지식을 쌓을 수 있습니다. 
금속공학과,제철소 견학,"제철소(포항, 광양) 견학 프로그램 참여를 통해 금속 재료 제품의 생산과정 전반에 대한 이해와 지식을 얻을 수 있습니다."
기계공학과,기계만들기,기계 만들기 키트를 활용하여 기계를 만들고 기계장치에 대한 이해와 작동원리를 알 수 있습니다.
기계공학과,잡지구독,기계분야 관련 잡지를 구독하거나 대여해서 읽어보는 활동을 통해 관련 지식을 얻을 수 있습니다.
기계공학과,동영상시청,"기계원리, 기계제작, 기계 만들기 동영상 시청을 통해 기계에 대한 이해와 흥미를 높일수 있습니다."
기계공학과,박람회 참여,한국국제기계박람회 등 기계 분야 박람회 참여를 통해 최신 정보와 분야에 대한 지식을 쌓을 수 있습니다. 
도시계획학과,도시계획 관련 신문 구독,도시계획의 주요 이슈를 살펴볼 수 있습니다. 
도시계획학과,도시계획 배우기 체험활동,"도시계획 관련 캠프, 도시계획 관련 박람회, 대학 학과체험 등에 참여하여 도시계획 관련 지식과 필요한 기술, 미래의 도시계획에 대해 알아볼 수 있습니다."
도시공학과,전시회 및 박람회 참여,"도시재생 박람회, 도시건축전시관, 도시유적전시관 등 각종 박람회와 전시회 참여를 통해 도시공학 분야에 대한 흥미를 가질 수 있습니다."
도시공학과,동영상 시청,도시공학 관련 동영상 시청을 통해 기초 지식을 얻을 수 있습니다. 
도시공학과,창의체험활동하기,도시설계 관련 창의체험 활동 참여를 통해 기초적인 지식과 경험을 할 수 있습니다.
도시공학과,도시건설 시뮬레이션 하기,"시뮬레이션 콘텐츠(게임)을 통해 도로, 상하수도, 주거지역, 상업지역, 공업지역 지정, 철도와 항만 건설 등 도시계획을 간접적으로 경험해 볼 수 있습니다."
문화인류학과,문화재 답사,문화재 답사를 통해 문화재에 담긴 인류와 문화에 대해 살펴보고 탐색할 수 있습니다.
문화재과,문화재 답사,문화재 답사를 통해 문화재에 담긴 역사를 살펴보고 탐색할 수 있습니다.
반도체학과,전자키트조립,전자키트를 조립을 통해 각종 부품의 작동원리에 대해 이해 할 수 있습니다.  
반도체학과,웹진보기,반도체분야의 웹진 또는 웹사이트를 방문하여 최신 정보와 관련 지식을 얻을 수 있습니다.
반도체학과,진로체험 활동,국내 전자제품 생산기업에서 운영중인 전시관 및 체험관 방문을 통해 분야에 대한 흥미와 관심을 넓힐 수 있습니다.
반도체학과,동영상시청,"반도체, 전자, 칩셋, 반도체 공정 등 관련된 동영상 시청을 통해 지식을 얻을 수 있습니다."
법학과,법률신문 구독,법률의 주요 이슈를 살펴볼 수 있습니다. 
법학과,법률 배우기 체험활동,"법률 관련 캠프, 법률 관련 박람회, 대학 학과체험 등에 참여하여 법률 관련 지식과 필요한 기술, 미래의 법률에 대해 알아볼 수 있습니다."
부동산과,부동산 관련 신문 구독,부동산의 주요 이슈를 살펴볼 수 있습니다. 
부동산과,경제 배우기 체험활동 (금융기관 주최),"경제캠프, 경제박람회, 청소년 경제 강좌 등에 참여하여 은행, 화폐, 시장경제원리, 저축과 투자, 신용관리에 대해 알아볼 수 있습니다."
부동산과,부동산배우기 체험활동,"부동산캠프, 부동산박람회, 대학 학과체험 등에 참여하여 부동산관련 지식과 필요한 기술, 미래의 부동산에 대해 알아볼 수 있습니다."
부동산과,경제신문 구독,경제의 주요 이슈를 살펴볼 수 있습니다.
부동산학과,경제신문 구독,경제의 주요 이슈를 살펴볼 수 있습니다. 
부동산학과,부동산 관련 신문 구독,부동산의 주요 이슈를 살펴볼 수 있습니다. 
부동산학과,경제 배우기 체험활동 (금융기관 주최),"경제캠프, 경제박람회, 청소년 경제 강좌 등에 참여하여 은행, 화폐, 시장경제원리, 저축과 투자, 신용관리에 대해 알아볼 수 있습니다."
부동산학과,부동산배우기 체험활동,"부동산캠프, 부동산박람회, 대학 학과체험 등에 참여하여 부동산관련 지식과 필요한 기술, 미래의 부동산에 대해 알아볼 수 있습니다."
사학과,"동양사, 서양사 사료 읽기",역사 탐구를 위하여 동양과 서양의 역사 연구를 위한 사료들을 미리 읽고 사료 독해능력과 분석 능력을 키우는 훈련을 한다면 도움이 될 것입니다.
산업공학과,프로그래밍연습,각종 코딩 사이트나 엔트리 웹사이트 등 코딩 프로그램을 통한 연습을 통해 문제해결을 위한 논리적 사고 능력 향상 및 프로그래밍에 대한 기초 지식과 원리를 이해할 수 있습니다.
산업공학과,잡지구독,물류와 경영 등 관련 웹진 또는 잡지구독을 통해 관련 분야에 대한 최신 정보와 새로운 기술에 대해 빠르게 알 수 있습니다.
세라믹공학과,"웹진,잡지 보기",세라믹분야의 웹진 또는 잡지를 보고 최신 정보와 관련 지식을 얻을 수 있습니다.
세라믹공학과,진로체험 활동,한국도자재단에서 운영중인 체험 및 행사 참여를 통해 세라믹 분야에 대한 흥미와 관심을 넓힐 수 있습니다.
세라믹공학과,동영상시청,"세라믹, 도자기, 탄화규소, 사이알론, 알루미나 등 세라믹과 관련된 영상 시청을 통해 지식을 얻을 수 있습니다."
신소재공학과,웹사이트방문,국가나노기술정책센터에 접속하여 최신 정보와 관련 기술에 대한 지식을 얻을 수 있습니다.
신소재공학과,뉴스기사검색,신소재공학 분야에 대한 뉴스와 기사 내용을 통해 흥미와 관심을 넓힐 수 있습니다.
신소재공학과,동영상시청,"신소재기술, 나노융합, 나노물질, 그래핀 등 신소재공학과 관련된 영상 시청을 통해 지식을 얻을 수 있습니다."
재료공학과,잡지구독,과학분야 웹진이나 잡지를 구독하고 최신 정보와 관련 기술에 대한 지식을 얻을 수 있습니다.
재료공학과,뉴스기사검색,"재료, 신소재, 세라믹 등 재료공학 분야에 대한 뉴스와 기사 내용을 통해 흥미와 관심을 넓힐 수 있습니다."
재료공학과,동영상시청,"신소재기술, 나노융합, 나노물질, 그래핀, 재료공학 등 관련된 영상 시청을 통해 지식을 얻을 수 있습니다."
지역개발학과,지역개발 관련 신문 구독,지역개발의 주요 이슈를 살펴볼 수 있습니다. 
지역개발학과,지역개발 배우기 체험활동,"지역개발 관련 캠프, 지역개발 관련 박람회, 대학 학과체험 등에 참여하여 지역개발 관련 지식과 필요한 기술, 미래의 지역개발에 대해 알아볼 수 있습니다."
회계학과,경제신문 구독,경제의 주요 이슈를 살펴볼 수 있습니다. 
회계학과,회계 관련 신문 구독,회계의 주요 이슈를 살펴볼 수 있습니다. 
회계학과,경제 배우기 체험활동 (금융기관 주최),"경제캠프, 경제박람회, 청소년 경제 강좌 등에 참여하여 은행, 화폐, 시장경제원리, 저축과 투자, 신용관리에 대해 알아볼 수 있습니다."
회계학과,회계 배우기 체험활동,"회계 관련 캠프, 회계 관련 박람회, 대학 학과체험 등에 참여하여 회계 관련 지식과 필요한 기술, 미래의 회계에 대해 알아볼 수 있습니다."
방송연예과,배우 연기 분석,드라마나 영화를 보고 배우의 연기력을 분석해보세요. 각 배우의 장점과 단점을 정리하면서 본인에게 맞는 연기를 찾아보세요.
방송연예과,영화 관련 잡지 탐독,"잡지를 직접 구독하지 않아도, 학교나 공공도서관을 이용하면 어렵지 않게 잡지를 읽을 수 있습니다. 영화 혹은 예술 공연에 대한 글을 읽으면 예술가의 연기력, 무대 연출에 대한 평가를 알 수 있습니다. "
연극영화과,연극ㆍ영화 정기적 관람,월1회 연극 및 영화관람 등 자신의 원칙을 정해놓고 정기적으로 관람하고 후기를 기록해 보세요. 연극과 영화에 대한 이해력을 높일 수 있습니다.
연극영화과,연극동아리(영화동아리),"동아리에서 활동을 하면 연기자 이외에 기획, 연출, 조명, 시나리오, 음악, 무대 등 다양한 역할이 존재한다는 점을 배울 수 있습니다."
연극영화학과,연극관람,정기적으로 연극을 관람하고 간단한 관람 소감을 정리한다.
연극영화학과,연극동아리 활동,연극동아리 활동을 통하여 연극에 관한 생생한 경험을 한다.
연극영화학과,시나리오 습작만들기,관심있는 주제를 정해서 연극이나 영화 습작을 만들어 본다. 미완성으로 끝내더라도 시나리오 실습을 통하여 시나리오에 관한 이해를 높일 수 있다.
건축공학과,건축박람회ㆍ/전시회 참여,"박람회를 통해 최신 건축 기술이나 트렌드(유행)를 알 수 있고, 전시회를 통해 건축 분야에 대한 이해와 지식을 쌓을 수 있습니다."
건축공학과,건축체험프로그램 참여,건축분야에 대한 관심과 보다 넓은 이해를 할 수 있습니다.
건축공학과,사진ㆍ미술전시회 관람,건축의 중요한 요소인 미적인 감각을 기르는데 도움이 될 수 있습니다.
금형설계과,금속박람회 관람,금속박람회 혹은 산업대전을 관람하면 최근 기술 동향을 이해하는 데 도움이 됩니다.
금형설계과,제철소 견학,제철소 견학 프로그램에 참여해보세요. 금속 재료 제품의 생산과정에 대한 폭 넓은 이해에 도움이 됩니다. 
산업설비자동화과,기계박람회,한국국제기계박람회 등에 참여하여 최근 기술 동향에 대하여 이해하는 데 도움이 될 수 있습니다.
산업설비자동화과,구조물 이미지 수집,"플랜트, 철구조물과 관련한 사진이나 도면 사진을 모아 관찰해보세요. "
산업설비자동화과,"용접, 배관 부속품 관찰",다양한 부속품의 사진을 모아 관찰해보세요. 재료에 대한 이해에 도움이 됩니다.
건축과,건축박람회,"건축 구조물이나 자재, 그리고 건축물의 디자인을 살펴볼 수 있습니다.  "
건축과,아이디어 노트,"나만의 건축 아이디어 노트를 만들어 보세요. 건축 설계, 구조물 스케치 혹은 건축 자재에 대한 간단한 필기도 좋습니다. "
건축과,건축 모형 제작,일상에서 쉽게 구할 수 있는 재료들로 건축 모형을 만들어 보세요. 건축물에 대한 설계부터 건물을 짓기 위해 어떤 것들이 필요한지 알 수 있습니다. 
건축학과,건축 박람회/전시회 참여,"박람회 참여를 통해 최신 건축 기법이나 현황을 알 수 있고, 전시회 관람을 통해 건축에 대한 흥미와 이해를 넓힐 수 있습니다."
건축학과,건축 체험프로그램 참여,"건축 분야에서 어떤 일들을 하는지 체험을 통해 알 수 있고, 건축 분야에 자신의 적성에 맞는지 점검해 볼 수 있습니다."
건축학과,사진ㆍ미술ㆍ예술 전시회 관람,건축에서 중요한 요소인 미적 감각을 기르는데 도움이 됩니다.
토목공학과,토목 시설물 이미지 모으기,각종 토목 시설물 사진을 촬영하고 이미지를 모아 토목 분야에 대한 이해와 토목 시설물 구조에 흥미를 가질 수 있습니다.
토목공학과,전시회나 박람회 관람,최신 토목 기술을 이해하고 관련 지식을 얻을 수 있습니다.
토목공학과,토목관련 영상시청,토목분야 다큐멘터리 또는 동영상 시청을 통해 기초 지식을 쌓을 수 있습니다.
토목과,발전소 방문,"발전소에 방문을 신청하여 직접 구조물을 보고, 어떤 식의 과정을 거치는지, 관리ㆍ유지는 어떻게 하는지 알 수 있습니다. "
토목과,철도 박물관 관람,철도 박물관을 방문하면 철도의 구조와 역사에 대하여 자세히 알 수 있습니다.
토목과,구조물 이미지 관찰,"발전소, 교량, 도로, 항만, 철도, 상하수도, 지하철, 터널, 비행장, 대규모 공업단지, 환경시설 등 건설 구조물의 이미지를 모아 관찰해보세요. "
도시건설과,설계도면 노트,도시 설계를 위한 도면을 꾸준히 그려보세요. 인터넷에서 다양한 도면을 찾아 직접 그려보면 도면에 대한 이해력과 공간 지각력을 키울 수 있습니다. 
도시건설과,구조물 이미지 관찰,"발전소, 교량, 도로, 항만, 철도, 상하수도, 지하철, 터널, 비행장, 대규모 공업단지, 환경시설 등 건설구조물의 이미지를 모아 관찰해보세요. "
기계과,기계박람회,한국국제기계박람회 등에 참여하여 최근 기슬 동향에 대하여 이해하는 데 도움이 될 수 있습니다. 
기계과,기계 조립 활동,"전자 조립 키트, 로봇 조립 키트, 자동차 조립 키트 등을 통해 직접 기계 조립 및 작동원리에 대하여 이해해보세요. "
기계과,기계설계도면 그리기,동영상이나 이미지를 통하여 기계설계도면을 찾아보고 직접 그려보세요.
기계과,3D CAD프로그램 배우기,동영상을 통하여 CAD프로그램을 배워 간단한 조작법을 익혀보세요.
제어계측공학과,로봇키트조립,로봇이나 코딩을 이용해 제어하는 키트를 만드는 활동을 통해 각종 제어 및 기계 작동원리에 대해 이해 할 수 있습니다.  
제어계측공학과,잡지구독,자동제어 계측분야의 잡지를 구독하여 최신 정보와 관련 지식을 얻을 수 있습니다.
제어계측공학과,로봇박물관 방문,"로보파크, 항공우주박물관 등 로봇 및 우주 관련 박물관의 방문 활동을 통해 제어계측 분야에 대한 흥미와 관심을 넓힐 수 있습니다."
제어계측공학과,동영상시청,"전기, 전기제어, 로봇, 자동화생산, 원격제어 등 관련된 동영상 시청을 통해 지식을 얻을 수 있습니다."
제어계측과,전기회로 키트 조립,과학실험인 전기회로 키트 조립을 통하여 제어계측에서 전기에 대한 기초 이해능력을 습득할 수 있습니다.
제어계측과,제어계측 관련 기사 모으기,도서관이나 인터넷을 이용해 기사를 꾸준히 접해보세요. 제어계측은 계속해서 발전되는 분야입니다. 기사를 꾸준히 모으고 읽어 최신 동향을 파악해보세요.
제어계측과,로봇 박람회 방문,로보월드와 같은 로봇 관련 박람회의 방문 활동을 통해 제어계측 분야에 대한 흥미와 관심을 넓힐 수 있습니다.
실내디자인과,실내 및 건축 디자인 관련 전시회 관람,실내디자인과의 경우 공간에 대한 이해가 중요합니다. 따라서 직접 전시화나 박람회에 참여하여 공간의 설계에 대한 이해와 미적 감각을 키울 수 있습니다.
실내디자인과,실내디자인 관련 잡지 및 서적 구독,"직접 볼 수 없는 다양한 실내 공간의 사진이 첨부된 잡지를 보면서 실내디자인의 기본적인 틀을 눈에 익힐 수 있고, 자신만의 독특한 아이디어를 생각해볼 수 있습니다."
실내디자인학과,인테리어 사진 모으기,멋지게 구성된 인테리어 사진을 모아 보세요. 인터넷이나 책자에서 마음에 드는 인테리어를 찾을 수 있습니다. 이러한 습관과 취미는 인테리어에 대한 이해를 높일 수 있습니다. 
실내디자인학과,실내디자인 잡지 구독,실내디자인 관련 잡지 가운데 하나를 도서관을 통하여 구독해서 정기적으로 새로운 흐름과 추세를 파악해 보세요. 
실내디자인학과,동아리 활동,디자인 관련 동아리 활동을 해 보세요. 팀 작업을 경험할 수 있고 디자인에 관한 실력을 높일 수 있습니다.
응용소프트웨어공학과,소프트웨어 사용하기,"컴퓨터, 스마트폰, 스마트 TV등에 다양한 응용 소프트웨어를 설치해보고 사용하면서 소프트웨어의 기능 및 구성, 작동 방식에 대해 알아보면서 관심과 흥미를 높일 수 있습니다."
응용소프트웨어공학과,코딩연습,"각종 코딩 사이트나 코딩 프로그램을 통한 코딩 연습을 통해 모바일 웹, 모바일 애플리케이션 개발에 필요한 프로그래밍에 대한 기초 지식과 원리를 이해할 수 있습니다."
응용소프트웨어공학과,뉴스구독,"전자신문 웹사이트 방문, IT, 프로그래밍, 소프트웨어 등 관련 기사검색을 통해 뉴스를 읽고 소프트웨어 및 프로그램 개발, IT분야에 대한 최신 정보와 새로운 기술에 대해 빠르게 알 수 있습니다."
응용소프트웨어공학과,동영상시청,"IT 컴퓨터, 프로그래밍, 앱개발, 소프트웨어 등 관련된 영상 시청을 통해 지식을 얻을 수 있습니다."
정보통신공학과,코딩연습,각종 코딩 사이트나 코딩 프로그램을 통한 코딩 연습을 통해 프로그래밍에 대한 기초 지식과 원리를 이해할 수 있습니다.
정보통신공학과,뉴스구독,"전자신문 웹사이트 방문, IT, 프로그래밍, 소프트웨어, 정보통신 등 관련 기사 검색을 통해 뉴스를 읽고 분야에 대한 최신 정보와 새로운 기술에 대해 빠르게 알 수 있습니다."
정보통신공학과,동영상시청,"IT, 인터넷, 정보통신, 해킹, 정보보안, 컴퓨터바이러스, 프로그래밍 등 관련된 영상 시청을 통해 지식을 얻을 수 있습니다."
경찰행정과,무도 단련,"태권도, 유도, 검토, 호실술 등 다양한 무도 가운데 하나를 선택하여 수련을 지속적으로 해보세요."
경찰행정과,경찰행정 관련 체험활동,"경찰행정학 관련 캠프, 경찰행정학 관련 박람회, 대학 학과체험 등에 참여하여 경찰행정학 관련 지식과 필요한 기술, 미래의 경찰행정학에 대해 알아볼 수 있습니다."
경찰행정학과,경찰행정학 관련 신문 구독,경찰행정학의 주요 이슈를 살펴볼 수 있습니다. 
경찰행정학과,경찰행정학 배우기 체험활동,"경찰행정학 관련 캠프, 경찰행정학 관련 박람회, 대학 학과체험 등에 참여하여 경찰행정학 관련 지식과 필요한 기술, 미래의 경찰행정학에 대해 알아볼 수 있습니다."
경호스포츠과,동아리 활동,다양한 스포츠 활동과 관련한 동아리를 통하여 체력을 기를 수 있습니다. 
경호스포츠과,무술 수련,"태권도,합기도,검도,유도,특공무술,복싱 등 다양한 무술 가운데 한 가지는 지속적으로 연마하면 운동 능력을 키울 수 있습니다. "
경호스포츠과,응급처치 배우기,"직접 교육을 받는 것이 가장 좋겠지만, 국민재난안전포털에서도 동영상을 보고 배울 수 있습니다. 심폐소생술 등 긴급한 상황에 쓸 수 있는 응급 상황 시 대처 요령을 배울 수 있습니다. "
경호학과,무술 수련,"태권도,합기도,검도,유도,특공무술,복싱 등 다양한 무술 가운데 한가지는 지속적으로 연마해서 고수소리를 듣도록 하세요."
경호학과,경호 관련 영화 관람,"사선에서, 보디가드, 백악관 최후의 날, 화이트 하우스 다운 등 경호와 관련된 영화를 찾아서 관람해 보세요. 경호원이라는 직업을 이해하는데 도움이 됩니다."
경호학과,응급처치 배우기,응급조치(심폐소생술) 강습을 듣고 응급조치 자격증 취득에 도전해 보세요.
경영학과,경제신문 구독,경제의 주요 이슈를 살펴볼 수 있습니다. 
경영학과,경영관련 신문 구독,경영의 주요 이슈를 살펴볼 수 있습니다. 
경영학과,경제 배우기 체험활동 (금융기관 주최),"경제캠프, 경제박람회, 청소년 경제 강좌 등에 참여하여 은행, 화폐, 시장경제원리, 저축과 투자, 신용관리에 대해 알아볼 수 있습니다."
경영학과,경영 배우기 체험활동,"경영캠프, 진로체험박람회, 대학 학과체험 등에 참여하여 경영정보 관련 지식과 필요한 기술, 미래의 경영에 대해 알아볼 수 있습니다."
교육학과,교육 관련 서적 탐독,교육에 관심 및 전공적합성을 제시할 수 있는 동아리 및 봉사 활동
국제통상학과,경제신문 구독,경제의 주요 이슈를 살펴볼 수 있습니다. 
국제통상학과,국제통상 관련 신문 구독,국제통상의 주요 이슈를 살펴볼 수 있습니다. 
국제통상학과,경제 배우기 체험활동 (금융기관 주최),"경제캠프, 경제박람회, 청소년 경제 강좌 등에 참여하여 은행, 화폐, 시장경제원리, 저축과 투자, 신용관리에 대해 알아볼 수 있습니다."
국제통상학과,국제통상 배우기 체험활동,"국제통상 관련 캠프, 국제통상 관련 박람회, 대학 학과체험 등에 참여하여 국제통상 관련 지식과 필요한 기술, 미래의 국제통상에 대해 알아볼 수 있습니다."
무역학과,경제신문 구독,경제의 주요 이슈를 살펴볼 수 있습니다. 
무역학과,무역 관련 신문 구독,무역의 주요 이슈를 살펴볼 수 있습니다. 
무역학과,경제 배우기 체험활동 (금융기관 주최),"경제캠프, 경제박람회, 청소년 경제 강좌 등에 참여하여 은행, 화폐, 시장경제원리, 저축과 투자, 신용관리에 대해 알아볼 수 있습니다."
무역학과,무역 배우기 체험활동,"무역 관련 캠프, 무역관련 박람회, 대학 학과체험 등에 참여하여 무역 관련 지식과 필요한 기술, 미래의 무역에 대해 알아볼 수 있습니다."
세무학과,경제신문 구독,경제의 주요 이슈를 살펴볼 수 있습니다. 
세무학과,세무 관련 신문 구독,세무의 주요 이슈를 살펴볼 수 있습니다. 
세무학과,경제 배우기 체험활동 (금융기관 주최),"경제캠프, 경제박람회, 청소년 경제 강좌 등에 참여하여 은행, 화폐, 시장경제원리, 저축과 투자, 신용관리에 대해 알아볼 수 있습니다."
세무학과,세무 배우기 체험활동,"세무 관련 캠프, 세무 관련 박람회, 대학 학과체험 등에 참여하여 세무 관련 지식과 필요한 기술, 미래의 세무에 대해 알아볼 수 있습니다."
심리학과,심리검사결과 해석 활동,아직 전문성은 없더라도 친구들이나 지인들에게 심리검사 결과를 해석해주는 활동을 해본다면 사람마다 다양한 심리결과를 접하고 해석하는 경험을 쌓을 수 있을 것입니다.
해양경찰학과,해양경찰학 관련 신문 구독,해양경찰학의 주요 이슈를 살펴볼 수 있습니다. 
해양경찰학과,해양경찰학 배우기 체험활동,"해양경찰학 관련 캠프, 해양경찰학 관련 박람회, 대학 학과체험 등에 참여하여 해양경찰학 관련 지식과 필요한 기술, 미래의 해양경찰학에 대해 알아볼 수 있습니다."
무용과,공연 관람하기,"한국무용, 발레 등 자신이 관심 있는 분야의 무용 무대를 보면 각 작품에 맞는 무용의 특성을 알 수 있습니다."
무용과,안무 창작해보기,"음악이나 작품의 상황에 맞는 안무를 창작해보고, 가족들이나 친구들 앞에서 공연해보세요. 성취감은 물론, 꾸준한 노력으로 자신의 무용 능력을 향상시킬 수 있습니다. "
무용학과,무용공연 관람,다양한 무용공연을 직접 관람하는 것은 무용에 대한 이해력을 높여줍니다.
무용학과,무용동아리,무용동아리 활동을 통하여 무용의 이론과 실기에 대한 공부를 할 수 있습니다.
사회체육과,운동 일지 작성,"하루 동안 운동한 것을 일지로 작성해보세요. 일상생활에서 운동 습관을 기록하고 관리를 하다보면 본인의 부족한 부분을 알 수 있고 이에 따라 운동 종류와 강도를 조정하고, 체력도 기를 수 있게 됩니다. "
사회체육과,무도 단련,"태권도, 유도, 검토, 호실술 등 다양한 무도 가운데 하나를 선택하여 수련을 지속적으로 해보세요."
사회체육학과,스포츠 활동,최소 한 가지 이상 스포츠에 대해서는 꾸준히 실력을 연마해야 합니다. 일반인들에게 교육을 시키려면 해당 스포츠의 고수가 되는 것이 유리합니다.
사회체육학과,운동 기록 관리,매일 마다 하는 운동의 양을 기록하고 관리하세요. 운동을 기록하는 앱을 이용하면 하루의 운동량을 쉽게 기록하고 관리할 수 있습니다.
체육학과,운동 동아리 활동,관심있는 스포츠를 정하여 정기적으로 동아리 활동을 하면 스포츠에 대한 이해력을 높일 수 있습니다.
체육학과,운동 기록 관리,매일 마다 하는 운동의 양을 기록하고 관리하세요. 운동을 기록하는 앱을 이용하면 하루의 운동량을 쉽게 기록하고 관리할 수 있습니다.
행정학과,행정학 관련 신문 구독,행정학의 주요 이슈를 살펴볼 수 있습니다. 
행정학과,행정학 배우기 체험활동,"행정학 관련 캠프, 행정학 관련 박람회, 대학 학과체험 등에 참여하여 행정학 관련 지식과 필요한 기술, 미래의 행정학에 대해 알아볼 수 있습니다."
통계학과,생활 속 통계표 만들기,학교나 가정에 대해 간단한 조사를 진행해보고 결과를 표나 그래프로 만들어서 설명해봅니다. 통계의 원리와 필요에 대해 이해할 수 있습니다. 
통계학과,통계 관련 기관 진로체험 참여,"주요 시도 통계청이나 사무소에서 통계기초, 활용 사례 등으로 이루어진 통계 진로체험 프로그램을 제공하고 있습니다.  "
식물자원학과,식물 및 채소 기르기 활동,"가정 내에서 씨앗이나 종자 등을 키워봄으로써 식물에 필요한 영양분, 환경, 식물을 둘러싼 해충 해결 등의 일련의 연구 과정을 직접 진행해보고 경험해볼 수 있습니다. "
식물자원학과,"환경보호, 자연보호을 주제로 한 토론",식물자원학과가 필요한 이유와 중요성에 대해 확인해보고 해당 학과에 대한 자신의 생각을 검토해볼 수 있습니다.     
공예과,미술 전시 및 비엔날레 탐방,공예품과 관련된 전시회를 관람하면 현재 추구하는 디자인 트렌드를 파악할 수 있는 한편 창의적이고 개성적인 작품들을 함께 살펴볼 수 있습니다. 
공예과,공모전 참여,"공모전에 응시하면 금속공예, 도자공예, 섬유공예, 목공예, 석공예 등 다양한 공예 관련 세부 분야 중에서도 자신이 관심 있는 분야를 알 수 있고 직접 디자인 경험을 해봄으로써 성취감을 느낄 수 있습니다. "
공예디자인학과,생활 속 디자인 시안 만들기,평상시 생활 속에서 만나는 공예품을 유심히 살피고 자신만의 제품을 디자인하는 연습을 하시면 공예에 대한 이해력을 높일 수 있습니다.
공예디자인학과,디자인 공모전 참여,디자인 공모전 참여를 하면 준비 과정에서 공예 디자인에 대한 이해력과 실력을 크게 높일 수 있습니다.
공예디자인학과,동아리 활동,디자인 관련 동아리 활동을 해 보세요. 팀 작업을 경험할 수 있고 디자인에 관한 실력을 높일 수 있습니다.
공예디자인학과,디자인 잡지 구독,디자인 관련 잡지 가운데 하나를 도서관을 통하여 구독해서 정기적으로 새로운 흐름과 추세를 파악해 보세요. 
공예학과,생활 속의 공예품 찾기,집이나 학교에서 일상 생활을 하면서 만나는 다양한 공예품을 찾아서 사진이나 스케치로 모아 보세요. 관찰력을 기를 수 있고 새로운 아이디어 제품을 생각해낼 수 있습니다.
공예학과,드로잉(소묘) 포토폴리오 만들기,다양한 공예품을 드로잉하고 자신만의 포토폴리오를 만들어 보세요. 포토폴리오는 만드는 과정에서 공예품에 대한 이해를 높일 수 있습니다.
공예학과,공예 메거진 구독,공예 메거진 가운데 하나를 도서관을 통하여 구독해서 정기적으로 새로운 흐름과 추세를 파악해 보세요. 
금속공예과,미술 전시 및 비엔날레 탐방,"금속 공예와 관련한 미술관 기획전 및 비엔날레 등 전시 탐방을 통하여 현대예술과 공예, 디자인의 흐름을 이해하고 미적 감각 능력을 향상시킬 수 있습니다. "
금속공예학과,생활 속의 공예품 찾기,집이나 학교에서 일상 생활을 하면서 만나는 다양한 공예품을 찾아서 사진이나 스케치로 모아 보세요. 관찰력을 기를 수 있고 새로운 아이디어 제품을 생각해낼 수 있습니다.
금속공예학과,드로잉(소묘) 포토폴리오 만들기,다양한 공예품을 드로잉하고 자신만의 포토폴리오를 만들어 보세요. 포토폴리오는 만드는 과정에서 공예품에 대한 이해를 높일 수 있습니다.
금속공예학과,공예 메거진 구독,공예 메거진 가운데 하나를 도서관을 통하여 구독해서 정기적으로 새로운 흐름과 추세를 파악해 보세요. 
도자기공예과,미술 전시 및 비엔날레 탐방,"도자기 공예와 관련한 미술관 기획전 및 비엔날레 등 전시 탐방을 통하여 현대예술과 공예, 디자인의 흐름을 이해하고 미적 감각 능력을 향상시킬 수 있습니다. "
산업디자인학과,디자인 포트폴리오 제작,반드시 입시용이 아니어도 포트폴리오를 만들면 자신의 실력 향상에 도움이 됩니다.
산업디자인학과,디자인 공모전 참가,자신의 실력을 객관적으로 평가받을 수 있고 공모전 준비 자체가 도움이 됩니다.
산업디자인학과,디자인 잡지 구독,디자인 관련 잡지 가운데 하나를 도서관을 통하여 구독해서 정기적으로 새로운 흐름과 추세를 파악해 보세요. 
기계설계공학과,기계만들기,기계 만들기 키트를 활용하여 기계를 만들고 기계장치에 대한 이해와 작동원리를 알 수 있습니다.
기계설계공학과,사물그리기,"사물을 보고 정면, 측면, 평면, 입체로 그려보는 활동을 통해 도면 이해의 기초를 쌓을 수 있습니다."
기계설계공학과,잡지구독,기계분야 관련 잡지를 구독하거나 대여해서 읽어보는 활동을 통해 관련 지식을 얻을 수 있습니다.
기계설계공학과,동영상시청,"기계원리, 기계제작, 기계 만들기 동영상 시청을 통해 기계에 대한 이해와 흥미를 높일수 있습니다."
기계설계공학과,박람회 참여,한국국제기계박람회 등 기계 분야 박람회 참여를 통해 최신 정보와 분야에 대한 지식을 쌓을 수 있습니다. 
원예과,식물 기르기,집이나 학교에서 식물을 직접 기르거나 주말농장 체험을 통해 식물의 품종과 특성에 대한 정보를 접할 수 있습니다.
원예과,생물 관련 동아리 활동,생물과 관련한 동아리 활동을 통해 자신의 흥미를 찾아볼 수 있습니다. 
원예과,식물 관련 독서,
원예학과,식물 및 화분 기르기,가정 내에서 씨앗이나 종자 등을 키워봄으로써 원예 관련 흥미나 적성을 확인해볼 수 있습니다. 
원예학과,식물원 및 숲 체험,"식물원이나 숲을 방문하여 산책하거나 걸어보면서 다양한 종류의 꽃, 나무, 식물들을 관찰해보고 이들이 심신에 주는 유익함과 고마움을 느낄 수 있습니다. "
독어독문학과,독일어 관련 자격증 준비,기본적으로 독일어를 할 수 있다면 독어독문과 수업을 수강하는데 많은 도움이 될 것입니다. 
독어독문학과,독일문학 작품 읽기,독어독문학과는 독일의 문화에 대한 공부도 필요하므로 독일 문학작품을 통해 독일의 문화에 대해 학습한다면 도움이 될 것입니다.
러시아어문학과,러시아어 능력시험(TORFL) 준비,러시아어문학과 진학을 위해서는 러시아어가 기본적으로 준비되어있으면 유리하므로 미리 준비하는 것이 좋습니다.
불어불문학과,프랑스어 자격증 취득 ,프랑스어 능력을 기본적으로 갖추고 있다면 대학 진학 후 유리하므로 미리 프랑스어 기초 자격증을 취득하면 좋습니다.
세무회계과,세무회계 관련 신문 구독,세무회계의 주요 이슈를 살펴볼 수 있습니다. 
세무회계과,세무회계 배우기 체험활동,"세무회계 관련 캠프, 세무회계 관련 박람회, 대학 학과체험 등에 참여하여 세무회계 관련 지식과 필요한 기술, 미래의 세무회계에 대해 알아볼 수 있습니다."
수학과,수학 진로 체험,국가수리과학연구소 등의 기관에서 개최하는 수학을 주제로 한 프로그램에 참여하여 수학과 관련된 직업의 종류와 생활속에서의 수학의 활용 분야 등을 알아볼 수 있습니다. 
수학과,수학 퀴즈 만들기,나만의 수학 퀴즈를 만들어서 친구들과 서로 문제를 내보고 정답을 맞추어볼 수 있습니다. 
수학과,수학 박물관 방문,"수학 박물관에 방문하여 수학의 역사, 도서, 인물 등에 대해 알아볼 수 있습니다.  "
스페인어학과,스페인어 자격증 취득,스페인 언어 능력을 기본적으로 갖추고 있다면 대학 진학 후 유리하므로 미리 스페인어 기초 자격증을 취득하면 좋습니다.
영어과,미국드라마 시청,미국 드라마를 통해 영어공부를 하는 사람들이 늘어나고 있으며 드라마를 보며 즐겁게 영어공부를 할 수 있습니다.
영어과,영어뉴스 시청 및 듣기,"미국의 유명 뉴스 프로그램을 시청하거나 포털사이트의 영어뉴스를 들으며 영어 듣기, 번역능력을 기를 수 있습니다."
영어영문학과,미국드라마 시청,미국 드라마를 통해 영어공부를 하는 사람들이 늘어나고 있으며 드라마를 보며 즐겁게 영어공부를 할 수 있습니다.
영어영문학과,영어뉴스 시청 및 듣기,"미국의 유명 뉴스 프로그램을 시청하거나 포털사이트의 영어뉴스를 들으며 영어 듣기, 번역능력을 기를 수 있습니다."
영어영문학과,영문 작품 읽기,영어영문학과에서는 영미 문학에 대한 공부를 하므로 영문 작품을 읽으며 영문학에 대한 이해를 높이면 좋습니다.
영어학과,미국드라마 시청,미국 드라마를 통해 영어공부를 하는 사람들이 늘어나고 있으며 드라마를 보며 즐겁게 영어공부를 할 수 있습니다.
영어학과,영어뉴스 시청 및 듣기,"미국의 유명 뉴스 프로그램을 시청하거나 포털사이트의 영어뉴스를 들으며 영어 듣기, 번역능력을 기를 수 있습니다."
유럽ㆍ기타어과,유럽 국가 언어 자격증 취득,유럽어학과 전공을 위해서는 본인이 공부하고자 하는 국가의 언어에 대해 공부하고 자격증까지 취득한다면 많은 도움이 될 것입니다.
일본어과,일본 영화 및 애니메이션 감상,일본의 문화 및 언어를 습득할 수 있습니다.
일본어과,일본어 능력시험 준비,일어일문학과는 일본어 능력을 바탕으로 하므로 기초적인 일본어 능력을 쌓고 자격증시험을 보는 것이 좋습니다.
일어일문학과,일본 영화 및 애니메이션 감상,일본의 문화 및 언어를 습득할 수 있습니다.
일어일문학과,일본어 능력시험 준비,일어일문학과는 일본어 능력을 바탕으로 하므로 기초적인 일본어 능력을 쌓고 자격증시험을 보는 것이 좋습니다.
중국어과,중국 드라마 감상,중국어 능력을 기르고 중국문화를 파악할 수 있습니다.
중국어과,중국어능력시험 준비,중국어 능력이 기본적으로 갖추어져 있다면 유리하므로 중국어 능력 시험을 보는 것이 좋습니다.
중어중문학과,중국 드라마 감상,중국어 능력을 기르고 중국문화를 파악할 수 있습니다.
중어중문학과,중국어능력시험 준비,중국어 능력이 기본적으로 갖추어져 있다면 유리하므로 중국어 능력 시험을 보는 것이 좋습니다.
광고기획과,경제신문 구독,경제의 주요 이슈를 살펴볼 수 있습니다. 
광고기획과,광고홍보 관련 신문 구독,광고홍보의 주요 이슈를 살펴볼 수 있습니다. 
광고기획과,경제 배우기 체험활동 (금융기관 주최),"경제캠프, 경제박람회, 청소년 경제 강좌 등에 참여하여 은행, 화폐, 시장경제원리, 저축과 투자, 신용관리에 대해 알아볼 수 있습니다."
광고기획과,광고홍보 배우기 체험활동,"광고홍보캠프, 광고홍보박람회, 대학 학과체험 등에 참여하여 광고홍보 관련 지식과 필요한 기술, 미래의 광고홍보에 대해 알아볼 수 있습니다."
광고홍보학과,경제신문 구독,경제의 주요 이슈를 살펴볼 수 있습니다. 
광고홍보학과,광고홍보 관련 신문 구독,광고홍보의 주요 이슈를 살펴볼 수 있습니다. 
광고홍보학과,경제 배우기 체험활동 (금융기관 주최),"경제캠프, 경제박람회, 청소년 경제 강좌 등에 참여하여 은행, 화폐, 시장경제원리, 저축과 투자, 신용관리에 대해 알아볼 수 있습니다."
광고홍보학과,광고홍보 배우기 체험활동,"광고홍보캠프, 광고홍보박람회, 대학 학과체험 등에 참여하여 광고홍보 관련 지식과 필요한 기술, 미래의 광고홍보에 대해 알아볼 수 있습니다."
신문방송학과,신문방송학 관련 신문 구독,신문방송학의 주요 이슈를 살펴볼 수 있습니다. 
신문방송학과,신문방송학 배우기 체험활동,"신문방송학 관련 캠프, 신문방송학 관련 박람회, 대학 학과체험 등에 참여하여 신문방송학 관련 지식과 필요한 기술, 미래의 신문방송학에 대해 알아볼 수 있습니다."
언론홍보학과,경제신문 구독,경제의 주요 이슈를 살펴볼 수 있습니다. 
언론홍보학과,언론홍보 관련 신문 구독,언론홍보의 주요 이슈를 살펴볼 수 있습니다. 
언론홍보학과,경제 배우기 체험활동 (금융기관 주최),"경제캠프, 경제박람회, 청소년 경제 강좌 등에 참여하여 은행, 화폐, 시장경제원리, 저축과 투자, 신용관리에 대해 알아볼 수 있습니다."
언론홍보학과,언론홍보 배우기 체험활동,"언론홍보캠프, 언론홍보박람회, 대학 학과체험 등에 참여하여 언론홍보관련 지식과 필요한 기술, 미래의 언론홍보에 대해 알아볼 수 있습니다."
디지털디자인과,동아리 활동,"디지털디자인과는 프로그램을 다룰 수 있는 능력이 중요합니다. 혼자서 습득하기 어려운 포토샵, 일러스트 혹은 코딩 프로그램까지 친구들과 함께 기술을 익힌다면 능력 향상에 도움이 될 것입니다. "
디지털디자인과,공모전 참여,공모전에서 디지털미디어/콘텐츠 부문 혹은 서비스 디자인 부문에 응모한다면 다양한 디지털 매체 중 자신이 관심 있는 분야를 알 수 있고 직접 디자인 경험을 해봄으로써 성취감을 느낄 수 있습니다. 
시각디자인과,전시회 관람,"전시회를 관람하여 미적 감각을 키울 수 있고, 트렌드를 읽을 수 있습니다."
시각디자인과,잡지나 책의 레이아웃 살펴보기,잡지ㆍ신문ㆍ책ㆍ포스터 등 다양한 인쇄 매체의 디자인과 책 내부의 레이아웃을 꼼꼼히 살펴본다면 이미지와 문자의 배치에 대한 감각을 키울 수 있습니다. 
시각디자인과,공모전 참여,"포스터 디자인, 광고 디자인, 브랜드 디자인과 같은 시각디자인 분야의 공모전에 참여하여 다양한 아이디어를 창출해낼 수 있습니다. "
시각디자인학과,디자인 포트폴리오 제작,반드시 입시용이 아니어도 포트폴리오를 만들면 자신의 실력 향상에 도움이 됩니다.
시각디자인학과,디자인 공모전 참가,자신의 실력을 객관적으로 평가받을 수 있고 공모전 준비 자체가 도움이 됩니다.
시각디자인학과,디자인 잡지 구독,디자인 관련 잡지 가운데 하나를 도서관을 통하여 구독해서 정기적으로 새로운 흐름과 추세를 파악해 보세요. 
사회복지과,사회복지 봉사활동,사회복지관에서 봉사활동을 경험하면서 실제로 이루어지고 있는 사회복지 정책과 프로그램에 대해 알아볼 수 있습니다.
사회복지과,사회복지 배우기 체험활동,"사회복지 관련 박람회, 대학 학과체험 등에 참여하여 사회복지 관련 지식과 필요한 기술, 미래의 사회복지에 대해 알아볼 수 있습니다."
사회복지상담과,사회복지 봉사활동,사회복지관에서 봉사활동을 경험하면서 실제로 이루어지고 있는 사회복지 정책과 프로그램에 대해 알아볼 수 있습니다.
사회복지상담과,사회복지 배우기 체험활동,"사회복지 관련 박람회, 대학 학과체험 등에 참여하여 사회복지 관련 지식과 필요한 기술, 미래의 사회복지에 대해 알아볼 수 있습니다."
사회복지학과,사회복지 관련 신문 구독,사회복지의 주요 이슈를 살펴볼 수 있습니다. 
사회복지학과,사회복지 배우기 체험활동,"사회복지 관련 박람회, 대학 학과체험, 봉사활동 등에 참여하여 사회복지 관련 지식과 필요한 기술, 미래의 사회복지에 대해 알아볼 수 있습니다."
교육공학과,교육공학 관련 서적 탐독,교육환경 및 방법 개선에 대한 관심을 제시할 수 있는 동아리 및 교과 활동 
과학교육과,과학 관련 서적 탐독,"수학, 과학 교과에 대한 관심 및 학업능력을 제시할 수 있는 동아리 및 교과활동 "
국어교육과,"한국어, 문학 관련 서적 탐독",
국어교육과,국어 관련 동아리 및 교과 활동 참여 ,
국어교육과,교육 관련 봉사 및 멘토링 참여,
독일어교육과,독일어 관련 서적 탐독,
독일어교육과,교육관련 동아리 활동 참여 ,
독일어교육과,독일어 및 영어 교과활동 적극 참여,
물리교육과,물리 관련 서적 탐독,수학과 과학 교과에 대한 관심 및 학업능력을 제시할 수 있는 동아리 및 교과활동 
미술교육과,미술 관련 서적 탐독,미술 교과에 대한 관심 및 실기능력을 제시할 수 있는 동아리 및 교과활동 
미술교육과,실기능력 외에 학업 역량을 드러낼 수 있는 교과활동 ,
미술교육과,"(출처: 세종특별자치시교육청, 보인다 시리즈 5.0-전공ㆍ적성 개발 길라잡이 ‘미술교육과’)",
불어교육과,프랑스어 관련 서적 탐독,
불어교육과,교육관련 동아리 활동 참여 ,
불어교육과,프랑스어 및 영어 교과활동 적극 참여,
생물교육과,생명과학 관련 서적 탐독,생명과학 교과에 대한 관심 및 학업능력을 제시할 수 있는 동아리 및 교과활동 
수학교육과,"수학, 과학 관련 서적 탐독","수학, 과학 교과에 대한 관심 및 학업능력을 제시할 수 있는 동아리 및 교과활동 "
역사교육과,역사교육 관련 서적 탐독,
역사교육과,"한국사를 위한 한문, 세계사를 위한 영어 학업능력 향상 ",
역사교육과,"(출처: 세종특별자치시교육청, 보인다 시리즈 5.0-전공ㆍ적성 개발 길라잡이 ‘역사교육과’)",
윤리교육과,윤리학 관련 서적 탐독,
윤리교육과,"동ㆍ서양 윤리학에 대한 관심과 학업능력을 제시할 수 있는 윤리, 한문, 영어 교과활동 ",
윤리교육과,"(출처: 세종특별자치시교육청, 보인다 시리즈 5.0-전공ㆍ적성 개발 길라잡이 ‘윤리교육과’)",
일반사회교육과,사회 관련 서적 탐독,
일반사회교육과,사회 관련 동아리 및 교과 활동 참여 ,
일반사회교육과,교육 관련 봉사 및 멘토링 활동 참여,
지구과학교육과,지구과학 관련 서적 탐독,지구과학 교과에 대한 관심 및 학업능력을 제시할 수 있는 동아리 및 교과활동 
지리교육과,지리 관련 서적 탐독,
지리교육과,"지리적 특성과 인간 생활(주거, 도시발달 등)의 연계성에 대한 관심을 제시할 수 있는 교과 활동 ",
지리교육과,"(출처: 세종특별자치시교육청, 보인다 시리즈 5.0-전공ㆍ적성 개발 길라잡이 ‘지리교육과’)",
체육교육과,체육관련 서적 탐독,체육교과에 대한 관심 및 실기능력을 제시할 수 있는 동아리 및 교과활동 
체육교육과,실기능력 외에 학업 역량을 드러낼 수 있는 교과활동 ,
체육교육과,"(출처: 세종특별자치시교육청, 보인다 시리즈 5.0-전공ㆍ적성 개발 길라잡이 ‘체육교육과’)",
초등교육과,아동 및 아동교육 관련 서적 탐독,초등 교육에 관심 및 전공적합성을 제시할 수 있는 동아리 및 봉사 활동
한문교육과,"중국어, 중국문화 관련 서적 탐독",
한문교육과,한문 및 고전 문학 교과활동 ,
한문교육과,교육관련 동아리 활동 참여 ,
화학교육과,화학 관련 서적 탐독,화학 교과에 대한 관심 및 학업능력을 제시할 수 있는 동아리 및 교과활동 
국어국문학과,"논문, 에세이 공모전",공모전을 통해 글 작성 능력을 기르며 객관적 평가도 받을 수 있습니다.
국어국문학과,독서 일기 쓰기,"주간ㆍ월간 단위 등 주기적으로 독서 일기 쓰기를 꾸준히 한다면, 책 읽기 및 글쓰기 능력을 기르는 데 도움이 될 것입니다.  "
국어국문학과,습작 활동,당장 발표할 작품은 아니더라도 습작 활동을 해 봄으로써 글쓰기 능력을 기를 수 있습니다.
문예창작과,문예창작관련 공모전,문학 창작 관련 실전경험을 쌓고 객관적인 평가를 받아 볼 수 있습니다.
문예창작과,습작쓰기,당장 발표할 작품은 아니더라고 습작을 작성함으로써 글쓰기 능력을 기를 수 있습니다. 
문예창작학과,문예 창작 관련 공모전,문학 창작 관련 실전 경험을 쌓고 객관적인 평가를 받아 볼 수 있습니다.
문예창작학과,습작 활동,당장 발표할 작품은 아니더라도 습작 활동을 해 봄으로써 글쓰기 능력을 기를 수 있습니다. 
기악과,기악 배우기, 한 가지 악기를 선택하여 기악 연주를 체계적으로 학습해야 합니다.
기악과,음악 동아리,친구들과 동아리를 만들어 함께 자신이 연주하고 싶은 악기를  연주 해보세요. 연습을 통한 악기 연주의 실력이 향상됩니다.
기악과,연주회 공연 관람,"월1회 연주회 공연 관람 등 자신의 원칙을 정해놓고 정기적으로 관람하고 후기를 기록해 보세요. 악기연주 및 지휘, 작곡 등 음악에 대한 전반적인 이해력을 높일 수 있습니다."
관광경영학과,경제신문 구독,경제의 주요 이슈를 살펴볼 수 있습니다. 
관광경영학과,관광 관련 신문 구독,관광의 주요 이슈를 살펴볼 수 있습니다. 
관광경영학과,경제 배우기 체험활동 (금융기관 주최),"경제캠프, 경제박람회, 청소년 경제 강좌 등에 참여하여 은행, 화폐, 시장경제원리, 저축과 투자, 신용관리에 대해 알아볼 수 있습니다."
관광경영학과,관광 배우기 체험활동,"관광캠프, 관광박람회, 대학 학과체험 등에 참여하여 관광 관련 지식과 필요한 기술, 미래의 관광에 대해 알아볼 수 있습니다."
국제학부,국제관계 관련 신문 구독,국제관계의 주요 이슈를 살펴볼 수 있습니다. 
국제학부,국제관계 배우기 체험활동,"국제관계 관련 캠프, 국제관계 관련 박람회, 대학 학과체험 등에 참여하여 국제관계 관련 지식과 필요한 기술, 미래의 국제관계에 대해 알아볼 수 있습니다."
사회학과,사회학 관련 신문 구독,사회학의 주요 이슈를 살펴볼 수 있습니다. 
사회학과,사회학 배우기 체험활동,"사회학 관련 캠프, 사회학 관련 박람회, 대학 학과체험 등에 참여하여 사회학 관련 지식과 필요한 기술, 미래의 사회학에 대해 알아볼 수 있습니다."
정치외교학과,정치외교학 관련 신문 구독,정치외교학의 주요 이슈를 살펴볼 수 있습니다. 
정치외교학과,정치외교학 배우기 체험활동,"정치외교학 관련 캠프, 정치외교학 관련 박람회, 대학 학과체험 등에 참여하여 정치외교학 관련 지식과 필요한 기술, 미래의 정치외교학에 대해 알아볼 수 있습니다."
정치외교학과,특정 외국의 정치외교에 대한 신문ㆍ잡지 등 구독,특정 외국의 정치 현실을 집중적으로 탐독하여 그 나라의 정치외교 현실을 이해하도록 합니다. 
신소재응용과,웹사이트방문,국가나노기술정책센터에 접속하여 최신 정보와 관련 기술에 대한 지식을 얻을 수 있습니다.
신소재응용과,신소재 관련 기사 수집,신소재공학 분야에 대한 뉴스와 기사 내용을 통해 흥미와 관심을 넓힐 수 있습니다.
신소재응용과,동영상시청,"신소재기술, 나노융합, 나노물질, 그래핀 등 신소재공학과 관련된 영상 시청을 통해 지식을 얻을 수 있습니다."
재료과,잡지구독,과학 분야 웹진이나 잡지를 구독하고 최신 정보와 관련 기술에 대한 지식을 얻을 수 있습니다.
재료과,재료공학 관련 기사 수집,"재료, 신소재, 세라믹 등 재료공학 분야에 대한 뉴스와 기사 내용을 통해 흥미와 관심을 넓힐 수 있습니다."
재료과,동영상시청,"신소재기술, 나노융합, 나노물질, 그래핀, 재료공학 등 관련된 영상 시청을 통해 지식을 얻을 수 있습니다."
제철금속과,금속박람회 관람,금속박람회 혹은 산업대전을 관람하면 최근 기술 동향을 이해하는 데 도움이 됩니다.
제철금속과,제철소 견학,제철소 견학 프로그램에 참여해보세요. 금속 재료 제품의 생산과정에 대한 폭 넓은 이해에 도움이 됩니다. 
금융경영과,경제 배우기 체험활동 (금융기관 주최),"경제캠프, 경제박람회, 청소년 경제 강좌 등에 참여하여 은행, 화폐, 시장경제원리, 저축과 투자, 신용관리에 대해 알아볼 수 있습니다."
금융경영과,금융 배우기 체험활동,"금융 관련 캠프, 금융 관련 박람회, 대학 학과체험 등에 참여하여 금융 관련 지식과 필요한 기술, 미래의 금융에 대해 알아볼 수 있습니다."
금융보험학과,경제신문 구독,경제의 주요 이슈를 살펴볼 수 있습니다. 
금융보험학과,금융보험 관련 신문 구독,금융보험의 주요 이슈를 살펴볼 수 있습니다. 
금융보험학과,경제 배우기 체험활동 (금융기관 주최),"경제캠프, 경제박람회, 청소년 경제 강좌 등에 참여하여 은행, 화폐, 시장경제원리, 저축과 투자, 신용관리에 대해 알아볼 수 있습니다."
금융보험학과,금융보험 배우기 체험활동,"금융보험캠프, 금융보험박람회, 대학 학과체험 등에 참여하여 금융보험 관련 지식과 필요한 기술, 미래의 금융보험에 대해 알아볼 수 있습니다."
안경광학과,안경광학 동영상 시청,광학공학과 관련된 동영상 시청을 통해 지식을 얻을 수 있습니다.
안경광학과,광학 관련 기사 수집,광학 키워드 검색하여 최신 정보와 관련 지식을 얻을 수 있습니다.
자동차공학과,모형만들기,"자동차 모형 조립, 무선조종 자동차를 운전해보고 자동차의 작동원리, 구조에 대해 알수 있습니다."
자동차공학과,잡지구독,자동차 분야에 관련된 잡지를 구독하여 자동차에 대한 기초지식을 얻을수 있습니다. 
자동차공학과,자동차박물관 관람,자동차 박물관 관람을 통해 자동차 분야에 대한 지식과 관심을 넓힐 수 있습니다. 
자동차공학과,동영상시청,"자동차, 자율주행, 수소차 등 동영상 시청을 통해 관련 분야의 지식을 얻을 수 있습니다."
대기과학과,대기오염정보 관련 지표 확인,"미세먼지, 초미세먼지, 오존, 자외선, 황사와 같은 다양한 대기오염에 대한 지표와 알림이 있습니다. 국내외 관련 지표를 확인해보고 대기오염의 심각성과 개선의 중요성을 알아볼 수 있습니다. "
대기과학과,환경보호 공모전 참여,"환경보호를 주제로 한 다양한 포스터, 사진 공모전 등이 개최됩니다. 대기환경을 주제로 하여 공모전에 참여해보고 환경보호의 중요성을 상기할 수 있습니다. "
천문학과,천문대 방문,"우리나라에는 곳곳에 천문대가 개설되어있습니다. 천문대에 방문하여 별자리를 관찰하고, 망원경 사용방법 등을 익혀서 탐구정신을 기를 수 있습니다.  "
천문학과,"항공우주박물관, 우주과학관 방문 및 체험","우주과학에 관한 교육과 행사가 상시 전시되고 있는 곳으로 별자리, 인공위성, 우주선 등을 체험해볼 수 있습니다. "
언어과학과,언어학회 참석,언어학 관련한 전문가들과의 연설 및 만남을 통해 언어학에 대한 식견을 넓힐 수 있습니다.
미용과,미용 관련 자격증 취득하기,국가기술자격인 미용사 자격증을 취득 하면 실무 능력을 키울 수 있습니다. 
미용과,헤어손질 따라하기,유튜브의 헤어 관련 동영상을 통하여 전문가가 제시하는 미용 기법을 따라해 보세요. 혼자서 습득하기 어려운 기술을 배워볼 수 있습니다. 
미용과,미용 사진 스크랩하기,"패션쇼나 연극, 웨딩 머리 스타일 등 다양한 미용 사진을 보고 상황에 따라 알맞은 미용의 전반적인 분위기를 파악할 수 있습니다. "
뷰티미용학과,미용 박람회 참여,"미용박람회, 미용전시회 등에 참관하여 최근의 미용 흐름을 알아보세요."
뷰티미용학과,헤어 스타일 컬렉션,인터넷 등을 통하여 다양한 형태의 헤어스타일 이미지를 모으고 유사한 분야별로 분류를 해 보세요. 다양한 헤어 스타일을 이해하는데 도움이 됩니다.
뷰티미용학과,피부미용 동아리,피부미용 동아리에서 활동해 보세요. 관심있는 친구들과 정보교류에 도움이 됩니다.
뷰티미용학과,메이크업 따라하기,유튜브의 메이크업 동영상을 이용하여 전문가가 제시하는 메이크업 기법을 따라해 보세요.
피부미용과,미용 관련 자격증 취득하기,국가기술자격인 미용사(피부) 자격증을 취득 하면 실무 능력을 키울 수 있습니다. 
피부미용과,천연 비누 및 화장품 만들어보기,"피부와 건강에 대한 책과 천연 화장품에 대한 책을 읽어 보고, 이를 토대로 간단한 재료를 이용해 만들 수 있는 제품을 만들어본다면 피부에 필요한 성분에 대하여 자세히 알게 됩니다."
소프트웨어공학과,코딩연습,"각종 코딩 사이트나 코딩 프로그램을 통한 코딩 연습을 통해 모바일 웹, 모바일 애플리케이션 개발에 필요한 프로그래밍에 대한 기초 지식과 원리를 이해할 수 있습니다."
소프트웨어공학과,뉴스구독,"전자신문 웹사이트 방문, IT, 프로그래밍, 소프트웨어 등 관련 기사검색을 통해 뉴스를 읽고 소프트웨어 및 프로그램 개발, IT분야에 대한 최신 정보와 새로운 기술에 대해 빠르게 알 수 있습니다."
소프트웨어공학과,동영상시청,"IT 컴퓨터, 프로그래밍, 앱개발, 소프트웨어 등 관련된 영상 시청을 통해 지식을 얻을 수 있습니다."
인터넷정보학과,코딩연습,"각종 코딩 사이트나 코딩 프로그램을 통한 코딩 연습을 통해 모바일 웹, 모바일 애플리케이션 개발에 필요한 프로그래밍에 대한 기초 지식과 원리를 이해할 수 있습니다."
인터넷정보학과,뉴스구독,"전자신문 웹사이트 방문, IT, 프로그래밍, 소프트웨어 등 관련 기사검색을 통해 뉴스를 읽고 분야에 대한 최신 정보와 새로운 기술에 대해 빠르게 알 수 있습니다."
인터넷정보학과,동영상시청,"IT, 인터넷, 정보보안, 해킹, 크래킹, 컴퓨터바이러스, 프로그래밍, 앱개발, 소프트웨어 등 관련된 영상 시청을 통해 지식을 얻을 수 있습니다."
정보통신과,프로그래밍연습,각종 코딩 사이트나 엔트리 웹사이트 등 코딩 프로그램을 통한 연습을 통해 문제해결을 위한 논리적 사고 능력 향상 및 프로그래밍에 대한 기초 지식과 원리를 이해할 수 있습니다.
정보통신과,코딩 로봇 조립,"코딩 로봇 키트 조립을 통해 각종 센서의 역할, 구동장치의 원리, 전기 장치 조립 등 로봇이 움직이기 까지 과정을 통해 로봇에 대한 경험과 기초지식을 쌓을 수 있습니다."
방송제작과,방송 동아리 활동,"친구들과 방송 촬영, 기획, 편집 등 역할 분담을 하여 함께 제작을 해보면 전반적인 방송의 업무에 대하여 알 수 있고, 자신이 관심 있는 방송의 세부 분야를 알 수 있습니다. "
방송제작과,개인 영상물 업로드,"영상의 콘셉트를 정하고, 만들어 자신의 개인 미디어에 올려봅니다. 다른 사람들과의 소통을 통해 부족한 부분을 채울 수 있고, 영상제작의 전반적인 업무 능력을 키울 수 있습니다. "
방송제작과,방송 아이디어 노트,방송 제작과 관련된 아이디어 노트를 만들어보세요. 기존의 방송 프로그램의 장ㆍ단점을 적어보는 것부터 시작해보세요. 
음향제작과,교내 방송실 음향 담당,교내 방송실의 음향 담당의 일원이 되어 활동하면서 방송실에서의 음향 기술 작업이 어떻게 진행되는지 배워 볼 수 있습니다.
음향제작과,방송국 견학,방송사의 홈페이지에서 견학을 신청하여 방송국에 직접 가서 방송 음향 시스템의 전반적인 업무를 살펴볼 수 있습니다.
음향제작과,녹음 스튜디오 체험,녹음 스튜디오에서 실제 녹음이 어떻게 이루어지는지 그리고 녹음 후 작업이 어떻게 되는지 체험을 통하여 실무에 적용할 수 있도록 합니다.
산업경영학과,경제신문 구독,경제의 주요 이슈를 살펴볼 수 있습니다. 
산업경영학과,산업경영 관련 신문 구독,산업경영의 주요 이슈를 살펴볼 수 있습니다. 
산업경영학과,경제 배우기 체험활동 (금융기관 주최),"경제캠프, 경제박람회, 청소년 경제 강좌 등에 참여하여 은행, 화폐, 시장경제원리, 저축과 투자, 신용관리에 대해 알아볼 수 있습니다."
산업경영학과,산업경영 배우기 체험활동,"산업경영캠프, 산업경영박람회, 대학 학과체험 등에 참여하여 산업경영 관련 지식과 필요한 기술, 미래의 산업경영에 대해 알아볼 수 있습니다."
유통경영과,경제신문 구독,경제의 주요 이슈를 살펴볼 수 있습니다. 
유통경영과,유통 관련 신문 구독,유통의 주요 이슈를 살펴볼 수 있습니다. 
유통경영과,경제 배우기 체험활동 (금융기관 주최),"경제캠프, 경제박람회, 청소년 경제 강좌 등에 참여하여 은행, 화폐, 시장경제원리, 저축과 투자, 신용관리에 대해 알아볼 수 있습니다."
유통경영과,유통 배우기 체험활동,"유통 관련 캠프, 유통 관련 박람회, 대학 학과체험 등에 참여하여 유통관련 지식과 필요한 기술, 미래의 유통에 대해 알아볼 수 있습니다."
유통학과,경제신문 구독,경제의 주요 이슈를 살펴볼 수 있습니다. 
유통학과,유통 관련 신문 구독,유통의 주요 이슈를 살펴볼 수 있습니다. 
유통학과,경제 배우기 체험활동 (금융기관 주최),"경제캠프, 경제박람회, 청소년 경제 강좌 등에 참여하여 은행, 화폐, 시장경제원리, 저축과 투자, 신용관리에 대해 알아볼 수 있습니다."
유통학과,유통 배우기 체험활동,"유통 관련 캠프, 유통 관련 박람회, 대학 학과체험 등에 참여하여 유통관련 지식과 필요한 기술, 미래의 유통에 대해 알아볼 수 있습니다."
농공학과,농업 관련 직업 체험 프로그램 참여,농업과 관련한 새로운 직업이나 최근에 주목받고 있는 직업을 알아보고 농촌 생활과 현장에 대해 미리 체험해볼 수 있습니다. 
농공학과,농촌 체험 및 봉사 활동,농촌의 부족한 일손을 도움으로써 농촌이 처한 여러 가지 어려움을 느껴보고 농업기술 발전에 대한 필요성을 느낄 수 있습니다.   
환경공학과,환경분야 공모전,"환경사랑을 주제로 폐품활용, 재활용, 환경 정책ㆍ기술 등의 공모전에 참여하여 환경보호에 도움이 되는 기술과 아이디어를 구상하는 연습을 해볼 수 있습니다. "
환경공학과,환경공학 전공체험 ,환경 분야에서도 특히 환경공학 전공에서 무엇을 배우는지 구체적으로 알고 대학 생활에 대해서 미리 체험해볼 수 있습니다. 
환경과학과,환경분야 공모전,"환경사랑을 주제로 폐품활용, 재활용, 환경 정책ㆍ기술 등의 공모전에 참여하여 환경보호에 도움이 되는 기술과 아이디어를 구상하는 연습을 해볼 수 있습니다. "
환경과학과,오염 관련 지수 확인,"최근에 특히 문제가 되고 있는 대기오염과 관련하여 활용되고 있는 각종 지수와 사이트를 확인해보고 해당 지수가 시사하는 바가 무엇인지, 정확한 해석 방법이 무엇인지 생각해볼 수 있습니다. "
환경과학과,환경 동아리 참여,환경 보호를 주제로 하여 다양한 활동과 토론을 할 수 있습니다.  
환경보건학과,환경 전시회 참석,"환경산업기술전시회에 참석하여 수질, 대기, 폐기물 등의 환경산업에 대해 파악하고, 다양한 에너지와 관련한 새로운 정보를 얻을 수 있는 기회가 될 수 있습니다. "
환경보건학과,"과학(화학, 물리 등) 관련 동아리 활동","과학(화학, 물리 등)과 관련한 동아리 활동을 통해 자신의 흥미를 찾아볼 수 있습니다. "
환경보건학과,환경 관련 독서,
에너지자원공학과,에너지키트조립,"신재생 에너지 실험키트, 전기키트를 통해 각종 장치의 작동원리에 대해 이해 할 수 있습니다.  "
에너지자원공학과,잡지구독,에너지분야의 잡지를 구독하여 최신 정보와 관련 지식을 얻을 수 있습니다.
에너지자원공학과,진로체험 활동,"한국에너지공단, 각종 에너지 관련 진로체험 활동을 통해 에너지 분야에 대한 흥미와 관심을 넓힐 수 있습니다."
에너지자원공학과,동영상시청,"전기, 발전, 에너지, 신재생에너지, 미래에너지 등 관련된 동영상 시청을 통해 지식을 얻을 수 있습니다."
화학공학과,화학키트실험,화학 실험 키트를 통해 화학물질에 대한 이해와 실험을 진행하기 위한 절차 등을 알아가는 과정을 통해 화학실험에 대한 경험과 지식을 쌓을 수 있습니다.
화학공학과,과학잡지구독,과학분야 웹진 또는 잡지구독을 통해 과학 및 화학 분야에 대한 내용을 읽고 기초적인 지식을 얻을 수 있습니다.
화학공학과,동영상시청,"화학, 고분자, 공업화학, 화학제품 등 관련된 영상 시청을 통해 지식을 얻을 수 있습니다."
자동차과,자동차 박물관 관람,자동차 박물관 관람을 통해 자동차 분야에 대한 지식과 관심을 넓힐 수 있습니다. 
자동차과,자동차 모형 조립,"자동차 모형 조립을 통하여 자동차의 작동원리, 구조에 대해 알 수 있습니다."
자동차과,동영상시청,"자동차, 자율주행, 수소차 등 동영상 시청을 통해 관련 분야의 지식을 얻을 수 있습니다."
화학과,화학 분야 진로체험 프로그램 참여,화학 실험을 직접 해볼 수 있는 진로체험에 참여해봄으로써 화학 분야에 대한 자신의 흥미와 적성을 가늠해볼 수 있습니다. 
화학과,화학 분야 직업인 멘토링 참여,"정밀화학, 응용화학을 비롯한 화학 분야의 다양한 세부 분야를 알아봄으로써 각 분야의 공통점과 차이점을 알아보고, 화학 분야 종사자로서 지녀야 할 태도를 알아볼 수 있습니다.   "
지구해양과학과,잡지구독,과학 또는 해양과 관련된 잡지를 통해 해양과학 분야에 대한 흥미와 관심을 가지는 계기가 될 수 있습니다. 
지구해양과학과,박물관 및 박람회 관람,해양 박물관과 박람회 방문을 통해 해양 분야에 대한 기초지식과 관심을 높일 수 있습니다.  
지구해양과학과,동영상 시청,지구과학이나 해양 관련 동영상 또는 팟캐스트 채널을 통해 관련 지식을 얻을 수 있습니다.
해양공학과,잡지구독,해양과 관련된 잡지를 통해 관련된 지식과 흥미를 가지는 계기가 만들 수 있습니다. 
해양공학과,해양관련시설관람,해양 박물관이나 해양 안전 체험관 방문을 통한 체험활동을 통해 관심을 높일 수 있습니다.  
해양공학과,해양체험참여,"해양체험행사, 해양스포츠 체험을 통해 해양에 대한 관심을 높일 수 있습니다."
해양공학과,동영상 시청,"해양, 해양자원 등 동영상 시청을 통해 관련 지식을 얻을 수 있습니다."
해양시스템학과,잡지구독,해양과 관련된 잡지를 통해 관련된 지식과 흥미를 가지는 계기가 만들 수 있습니다. 
해양시스템학과,해양관련시설관람,해양 박물관이나 해양 안전 체험관 방문을 통한 체험활동을 통해 관심을 높일 수 있습니다.  
해양시스템학과,동영상 시청,"해양, 레이더 만들기 등 동영상 시청을 통해 관련 지식을 얻을 수 있습니다."
도자기공예학과,도자기 도록 만들기,"시대별, 국가별로 도자기를 찾아보고 대표적인 작품의 사진을 모아서 자신만의 도록을 만들어 보세요. 도자기의 역사와 국가별 특성을 이해하는데 도움이 됩니다."
도자기공예학과,도자기 축제 참가,"이천, 경주, 경기 광주 등에서 개최되는 도자기 축제에 참가하여 도자기 만들기에 도전해 보세요."
도자기공예학과,도자기 전시관 관람,전국의 중요한 도자기 전시관이나 도요지 전시관을 찾아서 우리나라 도야기의 특성을 분석해 보세요.
동물자원학과,가축 기르기,"농촌에 거주하는 환경에 있는 경우 동물, 가축을 직접 길러봄으로써 동물자원의 효율적인 활용과 경제성에 대한 중요성을 깨달을 수 있습니다. "
동물자원학과,"생명ㆍ생물 관련 과학교실, 과학캠프","실험ㆍ실습, 멘토링, 강연 참여를 통해 해당 분야에서 필요한 흥미와 적성을 확인해볼 수 있습니다. "
바이오동물학과,바이오 분야 관련 진로체험,"바이오 분야 특강, 실험실 견학, 전문가와의 대화 활동을 통해 바이오 분야에 대한 기본적인 이해를 도모할 수 있습니다. "
바이오동물학과,"바이오 관련 과학교실, 과학캠프 참여","실험ㆍ실습 참여, 멘토링 참여, 생명공학 관련 강연 참여를 통해 바이오 분야에서 필요한 흥미와 적성을 확인해볼 수 있습니다. "
바이오동물학과,생물 관련 동아리 활동,생물과 관련한 동아리 활동을 통해 자신의 흥미를 찾아볼 수 있습니다. 
바이오동물학과,생물 관련 독서,
애완동물과,반려동물 키우기,반려동물을 키우면서 동물들의 행동을 관찰하고 동물들에게 필요한 것이 무엇인지 생각해볼 수 있습니다.
애완동물과,반려동물 박람회 참가하기,반려동물 박람회에 참석하여 반려동물과 관련한 정보를 탐색해볼 수 있습니다.
애완동물과,생물 관련 동아리 활동,생물과 관련한 동아리 활동을 통해 자신의 흥미를 찾아볼 수 있습니다. 
애완동물과,생물 관련 독서,
레크리에이션과,축제 참가,학교 축제에서 무대의 사회자로 활약해보세요. 직접 무대를 위한 대사를 써보고 적용해볼 수 있습니다. 또한 실제 무대에 섰을 때의 생각지 못한 상황이 발생했을 때 대처 능력을 기를 수 있습니다. 
레크리에이션과,동아리 활동,레크리에이션 활동에 필요한 다양한 놀이 문화를 친구들과 함께 배워보고 직접 실천해보세요. 혼자서 할 수 없는 놀이들을 함께 배울 수 있습니다. 
스포츠마케팅학과,경제신문 구독,경제의 주요 이슈를 살펴볼 수 있습니다. 
스포츠마케팅학과,스포츠 마케팅 관련 신문 구독,스포츠 마케팅의 주요 이슈를 살펴볼 수 있습니다. 
스포츠마케팅학과,경제 배우기 체험활동 (금융기관 주최),"경제캠프, 경제박람회, 청소년 경제 강좌 등에 참여하여 은행, 화폐, 시장경제원리, 저축과 투자, 신용관리에 대해 알아볼 수 있습니다."
스포츠마케팅학과,스포츠 마케팅 배우기 체험활동,"스포츠 마케팅캠프, 스포츠 마케팅박람회, 대학 학과체험 등에 참여하여 스포츠 마케팅 관련 지식과 필요한 기술, 미래의 스포츠 마케팅에 대해 알아볼 수 있습니다."
만화애니메이션학과,만화축제 참가,"부천국제만화축제를 비롯한 만화축제에 참여해 보세요. 현대적 흐름을 이해할 수 있고, 다양한 종류의 만화를 만나볼 수 있습니다."
만화애니메이션학과,스토리보드 만들기,관심있는 주제의 만화나 애니메이션을 상상해 보고 자신만의 만화나 애니메이션 스토리보드를 만들어 보세요.
만화애니메이션학과,나만의 캐리커처 만들기,새로운 나만의 캐리커처를 만들어 보세요. 처음에는 남의 것을 흉내낼 수 있지만 자기 색깔의 캐리커리를 만드는 것이 중요합니다.
메이크업아티스트과,미용 관련 자격증 취득하기,국가기술자격인 미용사 자격증을 취득하면 다른 사람에게 직접 메이크업을 해보면서 실무 능력을 키울 수 있습니다. 
메이크업아티스트과,메이크업 따라하기,유튜브의 메이크업 동영상을 이용하여 전문가가 제시하는 메이크업 기법을 따라해 보세요. 혼자서 습득하기 어려운 기술을 배워볼 수 있습니다. 
메이크업아티스트과,메이크업 사진 스크랩하기,"패션쇼나 연극, 웨딩 메이크업 등 다양한 메이크업 사진을 보고 상황에 따라 알맞은 메이크업을 파악할 수 있습니다. "
코디네이션과,패션잡지 구독,패션과 관련한 잡지를 통하여 최신 트렌드를 파악할 수 있습니다.
코디네이션과,스타일링 연습,"자신 혹은 친구, 가족에게 어울리는 옷을 직접 스타일링해보세요. 의상에 대한 이해력과 색채 감각 능력을 키울 수 있습니다. "
메카트로닉스공학과,코딩로봇조립,"각종 코딩 로봇 키트 조립을 통해 각종 센서의 역할, 구동장치의 원리, 전기 장치 조립 등 로봇이 움직이기 까지 과정을 통해 로봇에 대한 경험과 기초지식을 쌓을 수 있습니다."
메카트로닉스공학과,코딩실습,"엔트리, 코딩실습 웹사이트를 통해 기초적인 프로그래밍 방법을 배우고 학습 할 수 있습니다. "
메카트로닉스공학과,동영상시청,"AI, 로봇. 메카트로닉스, 기계공학, 기계제어, 전기제어 등 관련된 영상 시청을 통해 지식을 얻을 수 있습니다."
모델과,포트폴리오 만들기,"다양한 콘셉트를 정하여 자신이 모델이 되어 여러 가지 사진을 찍고, 그 사진들로 포트폴리오를 만들어보면 모델로서의 능력을 향상시킬 수 있습니다."
모델과,모델 사진 스크랩하기,"잡지 혹은 인터넷에서 볼 수 있는 모델들의 사진을 수집한다면 다양한 자세를 배울 수 있고, 자신이 관심 있는 모델의 세부 분야도 알 수 있습니다. "
미디어영상학과,영상 동아리,영상물을 제작하고 편집하는 동아리 활동을 해 보세요. 영상물 제작에 관한 이해를 크게 높일 수 있습니다.
미디어영상학과,영상물 스텝 탐구,좋아하는 영화나 드라마를 만든 스텝들의 직업이나 하는 일을 정리해 보세요. 무대 뒤쪽에서 수고하는 수많은 스탭들으 존재를 알 수 있습니다.
미디어영상학과,미디어 축제 참가,미디어 축제에 참가하여 좋은 작품을 감상하고 영상물을 만드는 전문 직업인들의 이야기를 들어 보세요.
미술학과,미술 전시회 관람,매달 정기적으로 개인전이나 미술 전시회를 관람하면 미술 작품에 대한 안목을 높일 수 있습니다.
미술학과,미술 동아리 활동,미술 동아리 활동을 하면서 동양화 그림 실력을 높일 수 있습니다.
미술학과,작품 포트폴리오,학기별로 포트폴리오를 모으면 자신의 그림 실력의 변화를 알 수 있고 실력 향상에 도움이 됩니다.
문화재보존학과,문화재 답사,문화재 답사를 통해 문화재에 담긴 역사를 살펴보고 탐색할 수 있습니다.
물류시스템공학과,코딩연습,각종 코딩 사이트나 엔트리 웹사이트 등 코딩 프로그램을 통한 연습을 통해 문제해결을 위한 논리적 사고 능력 향상 및 프로그래밍에 대한 기초 지식과 원리를 이해할 수 있습니다.
물류시스템공학과,뉴스검색,"물류, 경영, 경영정보, 정보시스템, IT 등 관련 뉴스 검색을 통해 분야에 대한 최신 정보와 새로운 기술에 대해 빠르게 알 수 있습니다."
물류시스템공학과,동영상시청,"물류, 운송, IT, 인터넷, 인공지능, 자동화, 시스템공학, 경영정보 등 관련된 영상 시청을 통해 지식을 얻을 수 있습니다."
물리치료학과,의료봉사활동,"병원, 의료단체 등에서 의료봉사활동을 경험하며 환자들, 의사들과 교감하고 물리치료사의 업무를 알아볼 수 있습니다."
물리치료학과,의료 박람회 참석,"병원 및 의료기기 산업 박람회에 참석하여 의료 관련 트렌드를 파악하고, 세미나를 통해 새로운 정보를 얻을 수 있는 기회가 될 수 있습니다. "
물리치료학과,"과학(생물, 화학 등) 관련 동아리 활동","과학(생물, 화학 등)과 관련한 동아리 활동을 통해 자신의 흥미를 찾아볼 수 있습니다. "
물리치료학과,의료 관련 독서,
작업치료과,의료봉사활동,"재활병원, 복지관 등에서 봉사활동을 통해 환자들과 교감하며 작업치료사가 하는 일에 대해 알아볼 수 있습니다."
작업치료과,의료 박람회 참석,"병원 및 의료기기 산업 박람회에 참석하여 의료 관련 트렌드를 파악하고, 세미나를 통해 새로운 정보를 얻을 수 있는 기회가 될 수 있습니다. "
작업치료과,의료 관련 독서,
재활학과,의료봉사활동,"재활병원, 복지관 등에서 봉사활동을 통해 환자들과 교감하며 재활치료에 대해 알아볼 수 있습니다."
재활학과,의료 박람회 참석,"병원 및 의료기기 산업 박람회에 참석하여 의료 관련 트렌드를 파악하고, 세미나를 통해 새로운 정보를 얻을 수 있는 기회가 될 수 있습니다. "
재활학과,의료 관련 독서,
물리학과,국립과천과학관 방문,과학탐구에 관한 다양한 전시가 이루어지고 있으며 기초적인 물리 이론을 탐색할 수 있습니다. 물리를 주제로 한 교육이나 행사가 열리기도 합니다. 
물리학과,물리 학과체험 참여,대학별 전공탐색 프로그램에 참여하여 물리 전공과 대학생활을 체험해보고 궁금한 사항을 알아볼 수 있습니다. 
지구환경과학과,지질박물관 방문,"한국지질자원연구원에서 운영하는 지질박물관에서 지질과학, 지질과학교육실, 지질과학탐험실 등을 체험하여 지구의 역사에 대해 이해할 수 있습니다. "
지구환경과학과,지구 나이테 만들기,지구의 역사를 나이테로 그려봄으로써 지구의 탄생 이후 어떤 변화와 단계를 겨처서 현재의 모습에 이르렀는지 설명해봅니다. 
식품조리과,요리하기,집에서 가족들과 함께 요리를 하며 식품의 재료와 요리 과정에 대해 알아볼 수 있습니다.
식품조리과,식품회사 현장체험하기,식품회사의 현장체험 프로그램에 참가하여 식품의 가공 과정과 재료 검수 과정을 관찰하고 위생 관리의 중요성에 대해 생각해볼 수 있습니다.
식품조리과,식품박람회 참가하기,"식품산업전, 식품박람회 등에 참가하여 식품과 관련한 정보를 탐색해볼 수 있습니다."
마케팅경영과,경제신문 구독,경제의 주요 이슈를 살펴볼 수 있습니다. 
마케팅경영과,경영관련 신문 구독,경영의 주요 이슈를 살펴볼 수 있습니다. 
마케팅경영과,경제 배우기 체험활동 (금융기관 주최),"경제캠프, 경제박람회, 청소년 경제 강좌 등에 참여하여 은행, 화폐, 시장경제원리, 저축과 투자, 신용관리에 대해 알아볼 수 있습니다."
마케팅경영과,경영 배우기 체험활동,"경영캠프, 진로체험박람회, 대학 학과체험 등에 참여하여 경영정보 관련 지식과 필요한 기술, 미래의 경영에 대해 알아볼 수 있습니다."
식품가공과,요리하기,집에서 가족들과 함께 요리를 하며 식품의 재료와 요리 과정에 대해 알아볼 수 있습니다.
식품가공과,식품회사 현장체험하기,식품회사의 현장체험 프로그램에 참가하여 식품의 가공 과정과 재료 검수 과정을 관찰하고 위생 관리의 중요성에 대해 생각해볼 수 있습니다.
식품가공과,식품박람회 참가하기,"식품산업전, 식품박람회 등에 참가하여 식품과 관련한 정보를 탐색해볼 수 있습니다."
식품공학과,가공 식품 정보 파악,"가공식품에 기재된 영양, 기능 정보, 원료 정보를 확인하여 해당 식품의 재료가 무엇인지, 좋은 성분과 좋지 않은 성분은 무엇이 있는지, 어떤 기능을 지니고 있는지 파악해봅니다.    "
식품공학과,식품 산업 및 제조 분야 견학,"새로운 식품의 가공, 원료 선택, 공장에서의 제조관리 및 위생관리에 관한 지식과 일련의 공정을 견학해봄으로써 식품공학자가 하는일에 대해 이해할 수 있습니다. "
식품영양학과,가공 식품 정보 파악,"가공식품에 기재된 영양, 기능 정보, 원료 정보를 확인하여 해당 식품의 재료가 무엇인지, 좋은 성분과 좋지 않은 성분은 무엇이 있는지, 어떤 기능을 지니고 있는지 파악해봅니다.    "
식품영양학과,균형잡힌 식단표 만들기,"6대 영양소가 무엇인지 파악해보고, 균형잡힌 식품 섭취를 위해서 일주일치 이상의 식단을 직접 만들어보고 식단표에 따라 음식을 섭취해봅니다. 영양사 직업에 대한 흥미와 적성을 가늠해볼 수 있습니다. "
벤처창업학과,경제신문 구독,경제의 주요 이슈를 살펴볼 수 있습니다. 
벤처창업학과,벤처창업관련 신문 구독,벤처창업의 주요 이슈를 살펴볼 수 있습니다. 
벤처창업학과,경제 배우기 체험활동 (금융기관 주최),"경제캠프, 경제박람회, 청소년 경제 강좌 등에 참여하여 은행, 화폐, 시장경제원리, 저축과 투자, 신용관리에 대해 알아볼 수 있습니다."
벤처창업학과,벤처창업 배우기 체험활동,"글로벌 시장 탐방, 공유 멘토링, 창업 아카데미와 사업계획서 경진대회 지원, 벤처기업 인턴십 지원 등에 참여하여 벤처창업 관련 지식과 필요한 기술, 미래의 벤처창업에 대해 알아볼 수 있습니다."
방사선과,의료봉사활동,"병원, 의료단체 등에서 의료봉사활동을 경험하며 환자들, 의사들과 교감하며 사람들에게 베푸는 마음을 배웁니다."
방사선과,의료 박람회 참석,"병원 및 의료기기 산업 박람회에 참석하여 의료 관련 트렌드를 파악하고, 세미나를 통해 새로운 정보를 얻을 수 있는 기회가 될 수 있습니다. "
방사선과,"과학(생물, 화학 등) 관련 동아리 활동","과학(생물, 화학 등)과 관련한 동아리 활동을 통해 자신의 흥미를 찾아볼 수 있습니다. "
방사선과,의료 관련 독서,
원자력공학과,전기키트조립,전기키트를 통해 각종 장치의 작동원리에 대해 이해 할 수 있습니다.  
원자력공학과,잡지구독,원자력분야의 잡지를 구독하여 최신 정보와 관련 지식을 얻을 수 있습니다.
원자력공학과,진로체험 활동,"한국원자력 환경공단, 한국에너지공단, 각종 원자력 및 에너지 관련 진로체험 활동을 통해 분야에 대한 흥미와 관심을 넓힐 수 있습니다."
원자력공학과,동영상시청,"전기, 발전, 에너지, 핵, 원자력, 핵융합 등 관련된 동영상 시청을 통해 지식을 얻을 수 있습니다."
방송영상과,영상 관련 동아리 활동,"친구들과 영상 촬영, 기획, 편집 등 역할 분담을 하여 함께 영상 제작을 해보면 전반적인 영상 업무에 대하여 알 수 있고, 자신이 관심 있는 영상의 세부 분야를 알 수 있습니다. "
방송영상과,방송 아이디어 노트,콘텐츠 기획 아이디어 노트를 만들어보세요. 직접 구상해보면서 전공에 대한 이해의 폭을 넓힐 수 있습니다.
방송영상과,개인 영상물 업로드,"영상의 콘셉트를 정하고, 만들어 자신의 개인 미디어에 올려봅니다. 다른 사람들과의 소통을 통해 부족한 부분을 채울 수 있고, 영상 제작의 전반적인 업무 능력을 키울 수 있습니다. "
영상제작과,영상 관련 동아리 활동,"친구들과 영상 촬영, 기획, 편집 등을 역할 분담을 하여 함께 영상 제작을 해보면 전반적인 영상 업무에 대하여 알 수 있고, 자신이 관심 있는 영상의 세부 분야를 알 수 있습니다. "
영상제작과,영상 편집 프로그램 배우기,간단하고 쉬운 영상 편집 프로그램들도 있지만 전공자가 되면 세부적인 작업을 필요로 합니다. 이에 따라 전문적인 영상 편집 프로그램을 배운다면 영상 편집 능력을 키울 수 있습니다.
러시아학과,러시아어 자격증(TORFL) 준비,러시아어 자격시험 공부를 통해 러시아어 능력을 기른다면 대학 진학 후 공부하기에 유리합니다.
러시아학과,러시아 문화원 방문,"러시아문화원을 방문을 통해 러시아의 문화, 한국과의 교류 활동에 대해 파악하고 경험할 수 있습니다."
아프리카어과,FLEX 아프리카(스와힐리)어 자격증 준비,아프리카에 대한 공부를 하기 위해 언어를 기본적으로 갖추는 것이 유리하므로 미리 아프리카아 관련 자격증을 준비한다면 좋을 것입니다.
아프리카어과,국제 문화교류 센터 활동,외국인과의 문화교류 활동을 통하여 다양한 국적의 사람들과 교류한다면 세상을 바라보고 이해하는 시야가 넓어질 것입니다.
아프리카어과,아프리카 박물관 관람,아프리카예술박물관 관람을 통해 아프리카 예술과 살아가는 모습 등에 대해 알아볼 수 있습니다.
게임콘텐츠과,게임 아이디어 노트,"기존의 게임의 장ㆍ단점을 적는 것부터 시작해보세요. 이후 게임의 스토리, 규칙, 디자인이 어떤지 구체적으로 생각해보고 아이디어를 정리해보세요."
게임콘텐츠과,코딩연습,각종 코딩 사이트나 코딩 프로그램을 통한 코딩 작업을 통해 게임 개발에 필요한 프로그래밍에 대한 기초 지식과 원리를 이해할 수 있습니다.
광학공학과,뉴스검색,"광학, 키워드 검색하여 최신 정보와 관련 지식을 얻을 수 있습니다."
광학공학과,동영상시청,"광학, 광케이블, 광학랜즈, 광소자, 광전지 등 광학공학과 관련된 동영상 시청을 통해 지식을 얻을 수 있습니다."
생물학과,생명ㆍ생물 분야 진로체험,"생명공학 관련 특강, 실험실 견학, 전문가와의 대화 활동을 통해 생명공학에 대한 기본적인 이해를 도모할 수 있습니다. "
생물학과,"생명ㆍ생물 관련 과학교실, 과학캠프","실험ㆍ실습 참여, 멘토링 참여, 생명공학 관련 강연 참여를 통해 해당 분야에서 필요한 흥미와 적성을 확인해볼 수 있습니다. "
보건관리학과,의료봉사활동,"병원, 의료단체 등에서 의료봉사활동을 통해 병원에서 보건의료자료를 관리하는 방법을 알아볼 수 있습니다."
보건관리학과,보건 박람회 참석,"안전보건박람회에 참석하여 의료 관련 트렌드를 파악하고, 세미나 등에 참석하여 새로운 정보를 얻을 수 있는 기회가 될 수 있습니다. "
보건관리학과,보건 관련 독서,
보건행정과,의료봉사활동,"병원, 의료단체 등에서 의료봉사활동을 통해 병원에서 보건의료자료를 관리하는 방법을 알아볼 수 있습니다."
보건행정과,보건 박람회 참석,"안전보건박람회에 참석하여 보건 관련 트렌드를 파악하고, 세미나 등에 참석하여 새로운 정보를 얻을 수 있는 기회가 될 수 있습니다. "
보건행정과,"과학(생물, 화학 등) 관련 동아리 활동",과학과 관련한 동아리 활동을 통해 자신의 흥미를 찾아볼 수 있습니다. 
보건행정과,보건 관련 독서,
보건행정학과,보건행정학 관련 신문 구독,보건행정학의 주요 이슈를 살펴볼 수 있습니다. 
보건행정학과,보건행정학 배우기 체험활동,"보건행정학 관련 캠프, 보건행정학 관련 박람회, 대학 학과체험 등에 참여하여 보건행정학 관련 지식과 필요한 기술, 미래의 보건행정학에 대해 알아볼 수 있습니다."
비서행정과,문서 작성 관련 자격증 취득,"워드프로세서, 컴퓨터활용능력 등의 자격증을 취득해보세요. 행정 업무를 수월하게 수행하기 위해서는 컴퓨터를 활용한 문서 작성 능력이 필요합니다."
비서행정과,일정 관리 노트,나만의 일정 관리 노트를 만들어 꼼꼼하게 계획하고 문서작성도 직접해보세요. 비서 업무에 대한 이해도를 높일 수 있습니다.
비서행정과,영어 회화 공부,무료 인터넷 강의를 통하여 영어 회화를 공부해보세요. 비서 업무에서 영어 능력도 중요합니다.
비서행정학과,비서행정학 관련 신문 구독,비서행정학의 주요 이슈를 살펴볼 수 있습니다. 
비서행정학과,비서행정학 배우기 체험활동,"비서행정학 관련 캠프, 비서행정학 관련 박람회, 대학 학과체험 등에 참여하여 비서행정학 관련 지식과 필요한 기술, 미래의 비서행정학에 대해 알아볼 수 있습니다."
건강관리과,건강관리기록부 작성,"본인의 건강을 위한 기록 일지를 작성해보세요. 운동, 심리상황 등 자신의 건강에 대한 것을 직접 기록하고 관리하면, 건강관리도 할 수 있고, 건강에 관한 다양한 자료를 찾을 수 있습니다. "
건강관리과,건강 음식 검색해보기,우리가 섭취하는 음식은 건강과 직결되는 부분입니다. 체질이나 질병에 따라 몸에 좋은 음식이 무엇인지 검색해보고 기록해보세요. 
건강관리학과,운동 동아리,관심있는 스포츠 종목을 골라서 동아리 활동을 해 보세요. 운동에 대한 이해를 높일 수 있습니다.
건강관리학과,스포츠 경기 관람, 정기적으로 관심있는 스포츠 경기를 현장에서 관람해 보세요. 경기뿐만 아니라 선수들을 도와주는 다양한 스텝들의 움직임도 잘 살펴보세요. 
의무행정과,의료봉사활동,"병원, 의료단체 등에서 의료봉사활동을 통해 의무 기록과 보건행정에 대해 알아볼 수 있습니다."
의무행정과,의료 박람회 참석,"병원 및 의료기기 산업 박람회에 참석하여 의료 관련 트렌드를 파악하고, 세미나를 통해 새로운 정보를 얻을 수 있는 기회가 될 수 있습니다. "
의무행정과,보건 관련 독서,
보석감정과,주얼리 및 패션잡지 구독,보석 및 패션과 관련한 잡지를 통하여 최신 트렌드를 파악할 수 있습니다.
보석감정과,주얼리 관련 전시회 관람,"전시회를 관람하면 현재 추구하는 디자인 트렌드를 파악할 수 있고, 미적 감수성을 키울 수 있습니다."
아동복지과,사회복지 봉사활동,사회복지관에서 봉사활동을 경험하면서 실제로 이루어지고 있는 사회복지 정책과 프로그램에 대해 알아볼 수 있습니다.
아동복지과,아동복지 배우기 체험활동,"아동복지 관련 박람회, 대학 학과체험, 봉사활동 등에 참여하여 아동복지 관련 지식과 필요한 기술, 미래의 아동복지에 대해 알아볼 수 있습니다."
아동복지학과,아동복지 관련 신문 구독,아동복지의 주요 이슈를 살펴볼 수 있습니다. 
아동복지학과,아동복지 배우기 체험활동,"아동복지 관련 박람회, 대학 학과체험, 봉사활동 등에 참여하여 아동복지 관련 지식과 필요한 기술, 미래의 아동복지에 대해 알아볼 수 있습니다."
아동학과,아동학 관련 신문 구독,아동학의 주요 이슈를 살펴볼 수 있습니다. 
아동학과,아동학 배우기 체험활동,"아동학 관련 박람회, 대학 학과체험, 봉사활동 등에 참여하여 아동학 관련 지식과 필요한 기술, 미래의 아동학에 대해 알아볼 수 있습니다."
항공서비스과,항공서비스 관련 기사 구독,항공서비스 관련 기사를 찾아보면서 주요 이슈를 살펴볼 수 있습니다.
항공서비스과,항공서비스 체험활동,"항공서비스캠프, 항공서비스박람회, 대학 학과체험 등에 참여하여 항공서비스 관련 지식과 필요한 기술, 미래의 항공서비스에 대해 알아볼 수 있습니다."
항공서비스학과,경제신문 구독,경제의 주요 이슈를 살펴볼 수 있습니다. 
항공서비스학과,항공서비스 관련 신문 구독,항공서비스의 주요 이슈를 살펴볼 수 있습니다. 
항공서비스학과,경제 배우기 체험활동 (금융기관 주최),"경제캠프, 경제박람회, 청소년 경제 강좌 등에 참여하여 은행, 화폐, 시장경제원리, 저축과 투자, 신용관리에 대해 알아볼 수 있습니다."
항공서비스학과,항공서비스 배우기 체험활동,"항공서비스캠프, 항공서비스박람회, 대학 학과체험 등에 참여하여 항공서비스 관련 지식과 필요한 기술, 미래의 항공서비스에 대해 알아볼 수 있습니다."
항공운항과,항공사 체험프로그램 참여,항공사에서 운영하는 체험프로그램 참여를 통해 분야에 대한 관심과 지식을 쌓을 수 있습니다.
항공운항과,항공분야 동영상 시청,"항공분야 관련 동영상, 다큐멘터리 시청을 통해 관련 지식을 쌓을 수 있습니다."
항공운항과,항공영어 공부,"항공관련 전문 용어, 항공영어 공부 등을 통해 이해와 관심을 폭을 넓힐수 있습니다."
항공운항과,비행 시뮬레이션 하기,"비행 시뮬레이션 콘텐츠(게임)을 통해 이륙준비와 절차, 이륙, 비행, 교신, 착륙 등을 간접적으로 경험해 볼 수 있습니다."
항공운항학과,체험프로그램 참여,항공사에서 운영하는 체험프로그램 참여를 통해 분야에 대한 관심과 지식을 쌓을 수 있습니다.
항공운항학과,동영상 시청,"항공분야 관련 동영상, 다큐멘터리 시청을 통해 관련 지식을 쌓을 수 있습니다."
항공운항학과,항공영어 공부,"항공관련 전문 용어, 항공영어 공부 등을 통해 이해와 관심을 폭을 넓힐수 있습니다."
항공운항학과,비행 시뮬레이션 하기,"비행 시뮬레이션 콘텐츠(게임)을 통해 이륙준비와 절차, 이륙, 비행, 교신, 착륙 등을 간접적으로 경험해 볼 수 있습니다."
항공우주공학과,동영상 및 팟캐스트 채널구독,우주항공 분야 동영상과 팟캐스트 채널 구독을 통해 흥미와 관심을 높이고 기초적인 지식을 얻을 수 있습니다.
항공우주공학과,박물관 방문,"항공우주 박물관(사천, 제주) 관람 등을 통해 최신 정보와 지식을 쌓을 수 있습니다. "
항공우주공학과,"드론, 무선조종비행기 날리기",드론 및 무선조종비행장치 조종경험 등을 통해 항공우주 분야에 대한 이해와 관심을 넓힐수 있습니다. 
항공우주공학과,물로켓 만들기,물로켓 만들기 체험을 통해 로켓의 추진 및 작동원리를 이해 할 수 있습니다.
항공우주공학과,비행 시뮬레이션 하기,"시뮬레이션 콘텐츠(게임)을 통해 이륙준비와 절차, 이륙, 비행, 교신, 착륙 등을 간접적으로 경험해 볼 수 있습니다."
문헌정보학과,학교 도서관 관리,학창시절 학교 도서관을 자주 방문하고 가능하다면 도서관 관리를 돕는 일을 경험하게 된다면 기록물 관리에 대해 기초적인 정보를 얻을 수 있습니다.
사진영상학과,SNS 운영,사진이나 영상물 중심으로 자신의 SNS를 운영해 보세요. 주기적으로 새로운 자료를 올리는 것이 중요합니다.
사진영상학과,디지털 학급앨범,"자신과 함께 공부하는 학생들의 앨범을 만들어보세요. 단, 학급회의를 통하여 미리 학우들의 협조를 얻고 시작해야 합니다."
사진영상학과,사진전 참여,다양한 사진전이 수시로 열리고 있어요. 가급적 많은 사진전에 참여하여 사진의 역사와 최근의 흐름을 이해해 보세요.
사진과,다양한 사진 찍어보기,"전문가의 카메라가 아닌 스마트폰으로 찍어도 좋습니다. 인물, 사물, 풍경 등 다양한 사진을 직접 찍어보면서 사진의 구도와 배치에 대한 감각 능력을 키울 수 있습니다. "
사진과,사진 스크랩하기,"잡지사진이나 신문기사의 사진을 다양하게 볼 수 있고, 형식에 따라 어떻게 사진이 배치되는지 알 수 있습니다. "
예술학과,정기적 연극관람,월1회 연극관람 등 자신의 원칙을 정해놓고 정기적으로 연극을 관람하고 연극 후기를 기록해 보세요. 연극에 대한 이해력을 높일 수 있습니다.
예술학과,연극동아리,"연극동아리에서 활동을 하면 연기자 이외에 기획, 연출, 조명, 시나리오, 음악, 무대 등 다양한 역할이 존재한다는 점을 배울 수 있습니다."
예술학과,SNS 활동,이미지와 영상을 중심으로 SNS 활동을 해 보세요. 영상물의 제작과 편집에 관한 이해를 높일 수 있습니다.
가족복지과,사회복지 관련 신문 구독,사회복지의 주요 이슈를 살펴볼 수 있습니다. 
가족복지과,사회복지 배우기 체험활동,"사회복지 관련 박람회, 대학 학과체험, 봉사활동 등에 참여하여 사회복지 관련 지식과 필요한 기술, 미래의 사회복지에 대해 알아볼 수 있습니다."
노인복지학과,노인복지 관련 신문 구독,노인복지의 주요 이슈를 살펴볼 수 있습니다. 
노인복지학과,노인복지 배우기 체험활동,"노인복지 관련 박람회, 대학 학과체험, 노인 봉사활동 등에 참여하여 노인복지 관련 지식과 필요한 기술, 미래의 노인복지에 대해 알아볼 수 있습니다."
유아교육과,유아교육 관련 서적 탐독,유아 교육에 관심 및 전공적합성을 제시할 수 있는 동아리 및 봉사 활동
유아교육학과,유아교육 관련 서적 탐독,유아 교육에 관심 및 전공적합성을 제시할 수 있는 동아리 및 봉사 활동
청소년지도학과,청소년학 관련 신문 구독,청소년의 주요 이슈를 살펴볼 수 있습니다. 
청소년지도학과,청소년학 배우기 체험활동,"청소년학 관련 박람회, 대학 학과체험, 봉사활동 등에 참여하여 청소년학 관련 지식과 필요한 기술, 미래의 청소년학에 대해 알아볼 수 있습니다."
특수교육학과,특수교육 관련 서적 탐독,특수교육에 관심 및 전공적합성을 제시할 수 있는 동아리 및 봉사 활동
산업안전과,산업안전 관련 기사 스크랩하기,산업안전과 관련된 취재기사를 스크랩하여 최근 일어나고 있는 각종 안전사고에 대해 알아볼 수 있습니다.
산업안전과,안전보건 박람회 참석,"안전보건박람회에 참석하여 산업안전 관련 트렌드를 파악하고, 세미나 등에 참석하여 새로운 정보를 얻을 수 있는 기회가 될 수 있습니다. "
산업안전과,안전관리 관련 독서,
안전공학과,안전관련체험,"소방서 진로체험 프로그램 참여, 안전체험관, 119안전플러스 교육센터 등의 방문 등을 통해 소방 및 안전 분야에 대한 경험과 흥미를 높일 수 있습니다. "
안전공학과,뉴스 검색,"안전, 자연재해, 재난 등 소방방재와 관련된 키워드로 최신 뉴스를 검색해보고 최신정보와 분야에서 자주 쓰이는 용어에 대한 이해와 기초 지식을 쌓을수 있습니다."
안전공학과,동영상시청,"자연재해, 재난방재. 재난관리, 건설안전 등 관련된 영상 시청을 통해 지식을 얻을 수 있습니다."
화학공업과,화학 키트 실험,화학 실험 키트를 통해 화학물질에 대한 이해와 실험을 진행하기 위한 절차 등을 알아가는 과정을 통해 화학실험에 대한 경험과 지식을 쌓을 수 있습니다.
화학공업과,과학 잡지 구독,과학 분야 웹진 또는 잡지구독을 통해 과학 및 화학 분야에 대한 내용을 읽고 기초적인 지식을 얻을 수 있습니다.
환경공업과,환경 분야 공모전,"환경사랑을 주제로 폐품활용, 재활용, 환경 정책ㆍ기술 등의 공모전에 참여하여 환경보호에 도움이 되는 기술과 아이디어를 구상하는 연습을 해볼 수 있습니다. "
환경공업과,환경 전시회 참석,"환경산업기술전시회에 참석하여 수질, 대기, 폐기물 등의 환경산업에 대해 파악하고, 다양한 에너지와 관련한 새로운 정보를 얻을 수 있는 기회가 될 수 있습니다. "
환경공업과,"과학(화학, 물리 등) 관련 동아리 활동","과학(화학, 물리 등)과 관련한 동아리 활동을 통해 자신의 흥미를 찾아볼 수 있습니다. "
환경공업과,환경 관련 독서,
생명공학과,생명ㆍ생물 분야 진로체험,"생명공학 관련 특강, 실험실 견학, 전문가와의 대화 활동을 통해 생명공학에 대한 기본적인 이해를 도모할 수 있습니다. "
생명공학과,"생명ㆍ생물 관련 과학교실, 과학캠프","실험ㆍ실습 참여, 멘토링 참여, 생명공학 관련 강연 참여를 통해 해당 분야에서 필요한 흥미와 적성을 확인해볼 수 있습니다. "
생명과학과,생명ㆍ생물 분야 진로체험,"생명공학 관련 특강, 실험실 견학, 전문가와의 대화 활동을 통해 생명공학에 대한 기본적인 이해를 도모할 수 있습니다. "
생명과학과,"생명ㆍ생물 관련 과학교실, 과학캠프","실험ㆍ실습 참여, 멘토링 참여, 생명공학 관련 강연 참여를 통해 해당 분야에서 필요한 흥미와 적성을 확인해볼 수 있습니다. "
동양화과,동양화 전시회 관람,매달 정기적으로 동양화 개인전이나 동양화 전시회를 관람하면 동양화의 안목을 높일 수 있습니다.
동양화과,동양화 동아리 활동,동양화(한국화) 동아리 활동을 하면서 동양화 그림 실력을 높일 수 있습니다.
동양화과,작품 포트폴리오,학기별로 포트폴리오를 모으면 자신의 그림 실력의 변화를 알 수 있고 실력 향상에 도움이 됩니다.
회화학과,미술 전시회 관람,매달 정기적으로 개인전이나 미술 전시회를 관람하면 미술 작품에 대한 안목을 높일 수 있습니다.
회화학과,미술 동아리 활동,미술 동아리 활동을 하면서 동양화 그림 실력을 높일 수 있습니다.
회화학과,작품 포트폴리오,학기별로 포트폴리오를 모으면 자신의 그림 실력의 변화를 알 수 있고 실력 향상에 도움이 됩니다.
관광경영과,관광 관련 신문 구독,관광의 주요 이슈를 살펴볼 수 있습니다. 
관광경영과,관광 배우기 체험활동,"관광캠프, 관광박람회, 대학 학과체험 등에 참여하여 관광 관련 지식과 필요한 기술, 미래의 관광에 대해 알아볼 수 있습니다."
관광통역과,국제 문화교류센터 활동,지역의 국제 문화교류 센터가 있다면 센터 활동을 통해 다양한 국적의 외국인들과 교류하며 통역을 도와주는 활동을 통하여 실전 경험을 익힐 수 있습니다.
문화관광과,관광 관련 신문 구독,관광의 주요 이슈를 살펴볼 수 있습니다. 
문화관광과,관광 배우기 체험활동,"관광캠프, 관광박람회, 대학 학과체험 등에 참여하여 관광 관련 지식과 필요한 기술, 미래의 관광에 대해 알아볼 수 있습니다."
항해학과,잡지구독,해양과 관련된 잡지를 통해 항해와 관련하여 흥미와 관심을 가지는 계기가 만들 수 있습니다. 
항해학과,모형만들기,"무선조종이 가능한 배모형을 만들고 배가 물에 뜨는 원리, 조종 경험을 할수 있습니다."
항해학과,박물관 및 안전체험관 관람,해양 박물관이나 해양 안전 체험관 방문을 통한 체험활동을 통해 관심을 높일 수 있습니다.  
항해학과,동영상 시청,"항해, 해양 관련 동영상 시청을 통해 관련 지식을 얻을 수 있습니다."
섬유공학과,잡지보기,패션분야의 웹진 또는 잡지를 보고 최신 정보와 관련 지식을 얻을 수 있습니다.
섬유공학과,진로체험 활동,"대구섬유박물관, 초전섬유펠트 박물관등 방문을 통해 섬유공학 분야에 대한 흥미와 관심을 넓힐 수 있습니다."
섬유공학과,동영상시청,"섬유공학, 신섬유, 탄소섬유, 그래핀 섬유 등 섬유공학과 관련된 영상 시청을 통해 지식을 얻을 수 있습니다."
의류ㆍ의상학과,의류 만들어보기,재봉틀을 활용하여 스커트나 셔츠 같은 기본적인 의류를 만들어봄으로써 의류가 만들어지는 과정을 이해하고 의류에 대한 감각이나 손재주를 가늠해볼 수 있습니다. 
의류ㆍ의상학과,패션 및 일러스트 공모전 참여,청소년을 대상으로 하는 패션 관련 공모전에 참여하여 의류 디자인에 대한 아이디어와 창작 능력을 개발할 수 있습니다. 
기독교학과,종교 활동,교회를 다니며 기독교에 대한 이해와 다양한 활동을 통해 교회 구성원과 소통을 하면서 기독교에 대한 경험을 쌓을 수 있습니다.
불교학과,불교유적 및 성지 답사,불교유적와 성지 답사를 통해 불교에 대해 이해하고 불교적 소양을 갖출 수 있습니다.
신학과,종교 활동,교회를 다니며 기독교에 대한 이해와 다양한 활동을 통해 교회 구성원과 소통을 하면서 기독교에 대한 경험을 쌓을 수 있습니다.
종교교육과,종교 관련 서적 탐독,
종교교육과,교육관련 동아리 활동 참여 ,
종교교육과,교육 관련 봉사 및 멘토링 활동 참여,
외식산업과,요리하기,집에서 가족들과 함께 요리를 하며 식품의 재료와 요리 과정에 대해 알아볼 수 있습니다.
외식산업과,식품회사 현장체험하기,식품회사의 현장체험 프로그램에 참가하여 식품의 가공 과정과 재료 검수 과정을 관찰하고 위생 관리의 중요성에 대해 생각해볼 수 있습니다.
외식산업과,식품박람회 참가하기,"식품산업전, 식품박람회 등에 참가하여 식품과 외식산업 관련한 정보를 탐색해볼 수 있습니다."
외식산업학과,경제신문 구독,경제의 주요 이슈를 살펴볼 수 있습니다. 
외식산업학과,외식산업 관련 신문 구독,외식산업의 주요 이슈를 살펴볼 수 있습니다. 
외식산업학과,경제 배우기 체험활동 (금융기관 주최),"경제캠프, 경제박람회, 청소년 경제 강좌 등에 참여하여 은행, 화폐, 시장경제원리, 저축과 투자, 신용관리에 대해 알아볼 수 있습니다."
외식산업학과,외식산업 배우기 체험활동,"외식산업캠프, 외식산업박람회, 대학 학과체험 등에 참여하여 외식산업 관련 지식과 필요한 기술, 미래의 외식산업에 대해 알아볼 수 있습니다."
호텔경영과,호텔경영 관련 신문 구독,호텔경영의 주요 이슈를 살펴볼 수 있습니다. 
호텔경영과,호텔경영 배우기 체험활동,"호텔경영캠프, 호텔경영박람회, 대학 학과체험 등에 참여하여 호텔경영 관련 지식과 필요한 기술, 미래의 호텔경영에 대해 알아볼 수 있습니다."
소방안전관리과,소방안전 사고 관련 기사 스크랩하기,"소방안전과 관련한 대형 화재나 사건, 사고 관련 기사를 스크랩하여 읽어보고 소방안전관리의 중요성에 대해 생각해볼 수 있습니다."
소방안전관리과,안전보건 박람회 참석,"안전보건박람회에 참석하여 소방안전 관련 트렌드를 파악하고, 세미나 등에 참석하여 새로운 정보를 얻을 수 있는 기회가 될 수 있습니다. "
소방안전관리과,소방 관련 독서,
응급구조과,심폐소생술 자격증 따기,심폐소생술 자격증을 공부하면서 심폐소생술을 연습하고 응급처치 방법을 배울 수 있습니다.
응급구조과,의료봉사활동,"병원, 의료단체 등에서 의료봉사활동을 경험하며 응급구조 현장에서 어떠한 응급처치가 필요한지 알아볼 수 있습니다."
응급구조과,의료 박람회 참석,"병원 및 의료기기 산업 박람회에 참석하여 의료 관련 트렌드를 파악하고, 세미나를 통해 새로운 정보를 얻을 수 있는 기회가 될 수 있습니다. "
응급구조과,의료 관련 독서,
보건환경과,환경 전시회 참석,"환경산업기술전시회에 참석하여 수질, 대기, 폐기물 등의 환경산업에 대해 파악하고, 다양한 에너지와 관련한 새로운 정보를 얻을 수 있는 기회가 될 수 있습니다. "
보건환경과,"과학(화학, 물리 등) 관련 동아리 활동","과학(화학, 물리 등)과 관련한 동아리 활동을 통해 자신의 흥미를 찾아볼 수 있습니다. "
보건환경과,환경 관련 독서,
환경시스템과,환경 분야 공모전,"환경사랑을 주제로 폐품활용, 재활용, 환경 정책ㆍ기술 등의 공모전에 참여하여 환경보호에 도움이 되는 기술과 아이디어를 구상하는 연습을 해볼 수 있습니다. "
환경시스템과,환경 전시회 참석,"환경산업기술전시회에 참석하여 수질, 대기, 폐기물 등의 환경산업에 대해 파악하고, 다양한 에너지와 관련한 새로운 정보를 얻을 수 있는 기회가 될 수 있습니다. "
환경시스템과,"과학(화학, 물리 등) 관련 동아리 활동","과학(화학, 물리 등)과 관련한 동아리 활동을 통해 자신의 흥미를 찾아볼 수 있습니다. "
환경시스템과,환경 관련 독서,
경영회계정보과,경제신문 구독,경제의 주요 이슈를 살펴볼 수 있습니다. 
경영회계정보과,경영회계 관련 신문 구독,경영회계의 주요 이슈를 살펴볼 수 있습니다. 
경영회계정보과,경영회계 배우기 체험활동,"경영회계 관련 캠프, 경영회계 관련 박람회, 대학 학과체험 등에 참여하여 경영회계 관련 지식과 필요한 기술, 미래의 경영회계에 대해 알아볼 수 있습니다."
수의학과,직업인 멘토링 및 학과 체험,"동물 종류에 따른 수의 및 수의직 공무원 등 세부 직업에 대한 인터뷰, 문의를 통해 해당 학과에 대한 본인의 흥미 및 적성 가늠해볼 수 있습니다. "
수의학과,반려동물 관련 직업체험,"애견훈련, 애견미용, 동물간호, 동물치료, 특수동물사육 등 반려동물에 대한 애정을 바탕으로 한 다양한 직업에 대한 체험을 해볼 수 있습니다. "
영화과,영화동아리,"영화동아리에서 활동을 하면 연기자 이외에 기획, 연출, 조명, 시나리오, 음악, 무대 등 다양한 역할이 존재한다는 점을 배울 수 있습니다."
영화과,영화 관련 잡지 탐독,"잡지를 직접 구독하지 않아도, 학교나 공공도서관을 이용하면 어렵지 않게 잡지를 읽을 수 있습니다. 영화 혹은 예술 공연에 대한 글을 읽으면 예술가의 연기력, 무대 연출에 대한 평가를 알 수 있습니다. "
스포츠건강관리학과,스포츠 활동,최소 한 가지 이상 스포츠에 대해서는 꾸준히 실력을 연마해야 합니다. 일반인들에게 교육을 시키려면 해당 스포츠의 고수가 되는 것이 유리합니다.
스포츠건강관리학과,운동 기록 관리,매일 마다 하는 운동의 양을 기록하고 관리하세요. 운동을 기록하는 앱을 이용하면 하루의 운동량을 쉽게 기록하고 관리할 수 있습니다.
물리치료과,의료봉사활동,"병원, 의료단체 등에서 의료봉사활동을 경험하며 환자들, 의사들과 교감하고 물리치료사가 하는 일에 대해 알아볼 수 있습니다."
물리치료과,의료 박람회 참석,"병원 및 의료기기 산업 박람회에 참석하여 의료 관련 트렌드를 파악하고, 세미나를 통해 새로운 정보를 얻을 수 있는 기회가 될 수 있습니다. "
물리치료과,"과학(생물, 화학 등) 관련 동아리 활동","과학(생물, 화학 등)과 관련한 동아리 활동을 통해 자신의 흥미를 찾아볼 수 있습니다. "
물리치료과,의료 관련 독서,
공업디자인과,공모전 참여,"공모전에 참여하여 산업기계 및 공구, 생활 가구 등 제품 디자인이나 브랜드 디자인 등 관심 있는 세부 분야를 알아보고 직접 디자인해 볼 수 있습니다."
공업디자인과,우수디자인(GD)상품 찾아보기,"국가에서 매년 우수한 디자인 상품을 선정하는데 이를 한국디자인진흥개발원 홈페이지를 통하여 살펴볼 수 있습니다. 이를 통해 디자인 감각을 키우고, 최신 트렌드를 알 수 있습니다."
공업디자인학과,디자인 포트폴리오 제작,반드시 입시용이 아니어도 포트폴리오를 만들면 자신의 실력 향상에 도움이 됩니다.
공업디자인학과,디자인 공모전 참가,자신의 실력을 객관적으로 평가받을 수 있고 공모전 준비 자체가 도움이 됩니다.
공업디자인학과,디자인 잡지 구독,디자인 관련 잡지 가운데 하나를 도서관을 통하여 구독해서 정기적으로 새로운 흐름과 추세를 파악해 보세요. 
조형디자인학과,미술 전시회 관람,매달 정기적으로 개인전이나 미술 전시회를 관람하면 미술 작품에 대한 안목을 높일 수 있습니다.
조형디자인학과,미술 동아리 활동,미술 동아리 활동을 하면서 동양화 그림 실력을 높일 수 있습니다.
조형디자인학과,작품 포트폴리오,학기별로 포트폴리오를 모으면 자신의 그림 실력의 변화를 알 수 있고 실력 향상에 도움이 됩니다.
패션디자인과,패션잡지 구독,패션과 관련한 잡지를 통하여 최신 트렌드를 파악할 수 있습니다.
패션디자인과,드로잉 동아리 활동,소묘 및 인체드로잉을 통하여 인체의 비율을 공부하고 조형의 기본기를 쌓을 수 있습니다.
패션디자인과,공모전 참여,공모전에서 패션 및 텍스타일 디자인 분야에 참여하여 직접 디자인 경험을 해볼 수 있습니다. 
시스템공학과,프로그래밍연습,각종 코딩 사이트나 엔트리 웹사이트 등 코딩 프로그램을 통한 연습을 통해 문제해결을 위한 논리적 사고 능력 향상 및 프로그래밍에 대한 기초 지식과 원리를 이해할 수 있습니다.
시스템공학과,뉴스검색,"경영, 경영정보, 정보시스템, IT 등 관련 뉴스 검색을 통해 분야에 대한 최신 정보와 새로운 기술에 대해 빠르게 알 수 있습니다."
시스템공학과,동영상시청,"IT, 인터넷, 인공지능, 자동화, 시스템공학, 경영정보 등 관련된 영상 시청을 통해 지식을 얻을 수 있습니다."
스마트정보과,코딩연습,"각종 코딩 사이트나 코딩 프로그램을 통한 코딩 연습을 통해 모바일 웹, 모바일 애플리케이션 개발에 필요한 프로그래밍에 대한 기초 지식과 원리를 이해할 수 있습니다."
스마트정보과,프로그래밍연습,각종 코딩 사이트나 엔트리 웹사이트 등 코딩 프로그램을 통한 연습을 통해 문제해결을 위한 논리적 사고 능력 향상 및 프로그래밍에 대한 기초 지식과 원리를 이해할 수 있습니다.
스마트정보과,문서 작성 관련 자격증 취득,"워드프로세서, 컴퓨터활용능력 등의 자격증을 취득해보세요. 사무 업무를 수월하게 수행하기 위해서는 컴퓨터를 활용한 문서 작성 능력이 필요합니다."
시스템경영공학과,프로그래밍연습,각종 코딩 사이트나 엔트리 웹사이트 등 코딩 프로그램을 통한 연습을 통해 문제해결을 위한 논리적 사고 능력 향상 및 프로그래밍에 대한 기초 지식과 원리를 이해할 수 있습니다.
시스템경영공학과,잡지구독,물류와 경영 등 관련 웹진 또는 잡지구독을 통해 관련 분야에 대한 최신 정보와 새로운 기술에 대해 빠르게 알 수 있습니다.
시스템경영공학과,동영상시청,"IT, 인터넷, 인공지능, 자동화, 산업공학, MIS, 경영정보시스템, 지식정보시스템 등 관련된 영상 시청을 통해 지식을 얻을 수 있습니다."
식품영양과,요리하기,집에서 가족들과 함께 요리를 하며 식품의 재료와 요리 과정에 대해 알아볼 수 있습니다.
식품영양과,식품회사 현장체험하기,식품회사의 현장체험 프로그램에 참가하여 식품의 가공 과정과 재료 검수 과정을 관찰하고 위생 관리의 중요성에 대해 생각해볼 수 있습니다.
식품영양과,식품박람회 참가하기,"식품산업전, 식품박람회 등에 참가하여 식품과 관련한 정보를 탐색해볼 수 있습니다."
조리과학과,레시피 개발해보기,평소 요리를 좋아하고 관심을 가지고 있다면 자신만의 레시피를 만들어보고 조리학에 대한 적성과 능력을 확인해볼 수 있습니다. 
조리과학과,요리사 직업인 인터뷰,"취미가 아니라 직업인으로서 요리를 하거나 외식업을 경영하는 것이 지닌 보람, 즐거움을 비롯하여 어려움, 고난도 함께 들어봄으로써 진로선택에 참고할 수 있도록 합니다. "
생화학과,학과 체험 및 인터뷰,생물과 화학 관련 분야 중에서도 특수성과 전문성이 있는 학문이기 때문에 해당 학과 졸업생이나 재학생과의 인터뷰를 통해 학과에 대한 구체적인 정보를 습득할 필요가 있습니다. 
생화학과,생화학과 개론서 탐색,자신이 생화학화에 진학한다면 어떤 공부를 하게 되는지 미리 파악해볼 수 있습니다.  
유전공학과,유전공학 관련 영화 관람,"유전공학 기술의 발전이 가져다줄 세상의 모습을 알아보고 유전자 조합, 유전자 실험을 다루는 유전공학자가 지녀야 할 연구윤리에 대해 생각해볼 수 있습니다. "
유전공학과,생명ㆍ생물 분야 진로체험,"생명공학 관련 특강, 실험실 견학, 전문가와의 대화 활동을 통해 생명공학에 대한 기본적인 이해를 도모할 수 있습니다. "
철도운전과,철도 박물관 관람,철도 박물관을 방문하여 역사실과 차량실 등을 자세히 관람해보세요. 기차의 원리를 알 수 있습니다. 
철도운전과,동영상 시청,실제 열차 및 지하절을 운행하는 기관사에 대한 영상을 시청해보세요. 철도 운행에 대한 정보들을 알 수 있습니다. 
철도전기제어과,철도 박물관 관람,철도 박물관을 방문하여 역사실과 차량실 등을 자세히 관람해보세요. 기차의 원리를 알 수 있습니다. 
철도전기제어과,철도 체험학습장 견학,"코레일 한국철도공사 홈페이지에서 각 지역의 철도 체험학습장을 찾아보고, 견학해보세요. 체험학습 프로그램으로 차량 정비 공장 진학 등을 통해 철도전기제어과에 대한 이해의 폭을 넓힐 수 있습니다."
컴퓨터교육과,컴퓨터 관련 서적 탐독,"빅데이터, 정보보안 등 컴퓨터, 정보 교과에 대한 관심 및 학업능력을 제시할 수 있는 동아리 및 교과활동 "
컴퓨터교육과,"(출처: 세종특별자치시교육청, 보인다 시리즈 5.0-전공ㆍ적성 개발 길라잡이 ‘컴퓨터교육과’)",
관현악과,관현악 배우기,관악기와 현악기 가운데 한 가지 악기를 선택하여 체계적으로 학습해야 합니다.
관현악과,음악 동아리,친구들과 동아리를 만들어 함께 자신이 연주하고 싶은 악기를  연주 해보세요. 연습을 통한 악기 연주의 실력이 향상됩니다.
관현악과,연주회 공연 관람,"월1회 연주회 공연 관람 등 자신의 원칙을 정해놓고 정기적으로 관람하고 후기를 기록해 보세요. 악기연주 및 지휘, 작곡 등 음악에 대한 전반적인 이해력을 높일 수 있습니다."
피아노학과,피아노 배우기,피아노 연주법을 체계적으로 학습하고 실습을 해야 합니다.
피아노학과,음악 동아리,친구들과 동아리를 만들어 함께 자신이 연주하고 싶은 악기를  연주 해보세요. 연습을 통한 악기 연주의 실력이 향상됩니다.
피아노학과,연주회 공연 관람,"월1회 연주회 공연 관람 등 자신의 원칙을 정해놓고 정기적으로 관람하고 후기를 기록해 보세요. 악기연주 및 지휘, 작곡 등 음악에 대한 전반적인 이해력을 높일 수 있습니다."
애니메이션과,만화 그려보기,"만화를 직접 그려보면서 그림 실력을 향상시킬 수 있고, 본인이 직접 창작하는 이야기를 구성해낼 수 있는 능력도 키울 수 있습니다."
애니메이션과,만화축제 참가,"부천국제만화축제를 비롯한 만화축제에 참여해 보세요. 현대적 흐름을 이해할 수 있고, 다양한 종류의 만화를 만나볼 수 있습니다."
애니메이션과,드로잉북 만들기,만화에서는 사람의 다양한 몸짓과 풍부한 표정을 표현할 줄 알아야 합니다. 어디서나 드로잉북을 가지고 다니며 사람들을 그리다보면 인체에 대한 이해도가 깊어지고 그림 능력도 향상시킬 수 있습니다.
약학부,의료봉사활동,"병원, 의료단체 등에서 의료봉사활동을 통해 환자들, 의사들과 교감하며 병원에서 사용하는 약에 대한 정보를 접해볼 수 있습니다."
약학부,의료 박람회 참석,"병원 및 의료기기 산업 박람회에 참석하여 의료 관련 트렌드를 파악하고, 세미나를 통해 새로운 정보를 얻을 수 있는 기회가 될 수 있습니다. "
약학부,"과학(생물, 화학 등) 관련 동아리 활동","과학(생물, 화학 등)과 관련한 동아리 활동을 통해 자신의 흥미를 찾아볼 수 있습니다. "
약학부,의료 관련 독서,
한약학과,한약재 전시관 관람,한약재 전시관을 관람을 통해 각종 한약재를 직접 접해볼 수 있습니다.
한약학과,의료봉사활동,"한의원 등에서 의료봉사활동을 경험하며 환자들, 의사들과 교감하며 한의원에서 사용하는 한약에 대해 알아볼 수 있습니다."
한약학과,"과학(생물, 화학 등) 관련 동아리 활동","과학(생물, 화학 등)과 관련한 동아리 활동을 통해 자신의 흥미를 찾아볼 수 있습니다. "
한약학과,의료 관련 독서,
섬유디자인과,원단 수집,다양한 원단의 종류를 모아 수집해보세요. 그리고 자신만의 원단 노트를 만들어 원단의 종류와 특성에 대하여 기록해보세요.
섬유디자인과,섬유디자인 노트,옷이 아니어도 좋습니다. 섬유를 활용한 다양한 것들을 디자인해보세요. 최신 동향에 맞는 스마트 의류에 관한 아이디어를 적어보세요. 
섬유디자인학과,텍스타일 디자인전 관람,인터넷 뉴스에서 텍스타일 디자인전이 개최 소식을 찾을 수 있습니다. 디자인전을 관람하면서 다양한 작가의 디자인 세계를 탐험할 수 있습니다.
섬유디자인학과,다양한 디자인 문양 찾기,생활 주변에서 다양한 디자인 문양을 찾아서 사진이나 스케치로 기록해 보세요. 디자인 문양이 모이면 유사한 것끼리 분류해 보세요. 디자인에 대한 이해와 소양을 높일 수 있습니다.
섬유디자인학과,디자인 잡지 구독,디자인 관련 잡지 가운데 하나를 도서관을 통하여 구독해서 정기적으로 새로운 흐름과 추세를 파악해 보세요. 
언어치료학과,언어 및 언어치료 관련 서적 탐독,"언어, 특수교육에 관심 및 전공적합성을 제시할 수 있는 동아리 및 봉사 활동"
연예매니지먼트과,SNS 운영해보기,자신을 표현하거나 혹은 자신이 관심 있는 분야를 알리는 SNS를 만들어 어떻게 하면 사람들이 흥미를 가질 수 있는지 기획해본다면 홍보 및 콘텐츠 기획 제작 능력 등을 키울 수 있을 것입니다. 
연예매니지먼트과,기획사 탐색,연예인들이 속해있는 기획사들의 운영 방침이나 홍보 방식 등을 살펴보세요. 체계적인 관리 방법이나 홍보 방식에 대해서 알아볼 수 있습니다. 
국제문화정보학과,국제 문화교류 센터 활동,외국인과의 문화교류 활동을 통하여 세계 각국의 다양한 문화를 경험할 수 있습니다.
무도학과,무도 단련,"태권도, 유도, 검토, 호실술 등 다양한 무도 가운데 하나를 선택하여 수련을 지속적으로 하세요."
무도학과,무술축제 관람,세계무술축제 등 우리나라에서 열리는 무술 축제에 참여하여 관람해 보세요.
무도학과,무술 동아리 활동,좋아하는 종목의 무술 동아리를 참여하여 활동해 보세요.
태권도과,태권도 대회 참가,전국대회 및 교내ㆍ외 대회에 우승을 목표로 연습하면 태권도 실력을 향상시킬 수 있습니다.
태권도과,운동 일지 작성,"하루 동안 운동한 것을 일지로 작성해보세요. 일상생활에서 운동 습관을 기록하고 관리를 하다보면 본인의 부족한 부분을 알 수 있고 이에 따라 운동 종류와 강도를 조정하고, 체력도 기를 수 있게 됩니다. "
이벤트연출과,축제 기획,학교의 축제를 직접 기획하고 참여하여 축제(이벤트)의 전반적인 업무를 파악할 수 있습니다. 또한 어떻게 하면 즐거우면서도 뜻깊은 축제가 될 수 있을지 심도 깊은 고민을 해볼 수 있습니다. 
이벤트연출과,가족 이벤트 기획,자신이 직접 특별한 이벤트를 기획해보세요. 가족의 생일 이벤트도 좋습니다. 흥미를 느끼는 분야로 직접 이벤트를 기획해보면 즐거움은 물론 도전정신과 기획력을 기를 수 있습니다. 
그래픽디자인과,다양한 잡지 구독,"잡지 및 신문 등 다양한 지면의 레이아웃을 보고 잡지의 주제와 맞는 글자의 크기, 간격 및 사진의 색감 등을 직접 눈으로 확인합니다. 이에 따라 사진과 글의 배치와 관련한 능력을 키울 수 있습니다. "
그래픽디자인과,공모전 참여,"커뮤니케이션, 패키지, 브랜드 디자인과 같은 시각/정보 디자인 분야 혹은 웹 사이트나 어플과 관련한 디지털미디어 디자인 분야의 공모전에 참여하면 디자인 능력을 키울 수 있습니다."
멀티미디어과,ebook이용,지역의 도서관 및 전자 도서관을 통해 ebook을 다운로드 받고 이용해 보는 활동을 통해 멀티미디어로 제작된 콘텐츠를 직접 이용하고 경험해 볼 수 있습니다.
멀티미디어과,웹 페이지 기획,"콘셉트를 잡아서 웹 페이지를 어떻게 만들지 구상해보세요. 웹 미디어에 대한 기획, 편집, 디자인, 관리 등 전반적인 업무를 배워볼 수 있습니다."
멀티미디어학과,ebook이용,지역의 도서관 및 전자 도서관을 통해 ebook을 다운로드 받고 이용해 보는 활동을 통해 멀티미디어로 제작된 콘텐츠를 직접 이용하고 경험해 볼 수 있습니다.
멀티미디어학과,웹진이용,각종 웹진이나 잡지를 웹에서 이용해보고 경험하는 활동을 통해 멀티미디어 제작 기술에 대해 경험해 볼 수 있습니다.
멀티미디어학과,동영상시청,"디지털 콘텐츠, 콘텐츠 기획, 콘텐츠 제작, 멀티미디어 등 관련된 영상 시청을 통해 지식을 얻을 수 있습니다."
영상콘텐츠과,개인 영상 미디어 만들어 보기,"영상의 콘셉트를 정하고, 만들어 자신의 개인 미디어에 올려봅니다. 다른 사람들과의 소통을 통해 부족한 부분을 채울 수 있고, 영상 제작의 전반적인 업무 능력을 키울 수 있습니다. "
영상콘텐츠과,영상 관련 동아리 활동,"친구들과 영상 촬영, 기획, 편집 등을 역할 분담을 하여 함께 영상 제작을 해보면 전반적인 영상 업무에 대하여 알 수 있고, 자신이 관심 있는 영상의 세부 분야를 알 수 있습니다. "
영상콘텐츠과,영상 편집 프로그램 배우기,간단하고 쉬운 영상 편집 프로그램들도 있지만 전공자가 되면 세부적인 작업을 필요로 합니다. 이에 따라 전문적인 영상 편집 프로그램을 배운다면 영상 편집 능력을 키울 수 있습니다.
경영정보과,경제신문 구독,경제의 주요 이슈를 살펴볼 수 있습니다. 
경영정보과,경영정보관련 신문 구독,경영정보의 주요 이슈를 살펴볼 수 있습니다. 
경영정보과,경제 배우기 체험활동 (금융기관 주최),"경제캠프, 경제박람회, 청소년 경제 강좌 등에 참여하여 은행, 화폐, 시장경제원리, 저축과 투자, 신용관리에 대해 알아볼 수 있습니다."
경영정보과,경영정보 배우기 체험활동,"경영캠프, 진로체험박람회, 대학 학과체험 등에 참여하여 경영정보 관련 지식과 필요한 기술, 미래의 경영정보에 대해 알아볼 수 있습니다."
음악교육과,음악 관련 서적 탐독,음악 교과에 대한 관심 및 실기능력을 제시할 수 있는 동아리 및 교과활동 
음악교육과,실기능력 외에 학업 역량을 드러낼 수 있는 교과활동 ,
음악교육과,"(출처: 세종특별자치시교육청, 보인다 시리즈 5.0-전공ㆍ적성 개발 길라잡이 ‘음악교육과’)",
의료보장구과,의지보조기 기획하기,의지보조기를 기획해보면서 의지보조기의 원리와 기술에 대해 알아볼 수 있습니다.
의료보장구과,의료봉사활동,"병원, 의료단체 등에서 의료봉사활동을 경험하며 환자들, 의사들과 교감하며 병원에서 활용하는 의료기기를 접해볼 수 있습니다."
의료보장구과,의료기기 박람회 참석,"병원 및 의료기기 산업 박람회에 참석하여 의료 관련 트렌드를 파악하고, 세미나를 통해 새로운 정보를 얻을 수 있는 기회가 될 수 있습니다. "
의료보장구과,의료 관련 독서,
의료정보공학과,의료정보 관련 어플 기획하기,"의료정보 관련 어플을 기획하면서 의료와 관련한 정보를 수집하고, 전자 장비를 조작해볼 수 있습니다."
의료정보공학과,의료봉사활동,"병원, 의료단체 등에서 의료봉사활동을 경험하며 의료정보와 의료장비에 대해 알아볼 수 있습니다."
의료정보공학과,의료 박람회 참석,"병원 및 의료기기 산업 박람회에 참석하여 의료 관련 트렌드를 파악하고, 세미나를 통해 새로운 정보를 얻을 수 있는 기회가 될 수 있습니다. "
의료정보공학과,의료 관련 독서,
의료정보시스템과,의료정보 관련 어플 기획하기,"의료정보 관련 어플을 기획하면서 의료와 관련한 정보를 수집하고, 의료정보시스템에 대해 조사해볼 수 있습니다."
의료정보시스템과,의료봉사활동,"병원, 의료단체 등에서 의료봉사활동을 경험하며 의료정보시스템을 구축하는 방법을 알아볼 수 있습니다."
의료정보시스템과,의료 박람회 참석,"병원 및 의료기기 산업 박람회에 참석하여 의료 관련 트렌드를 파악하고, 세미나를 통해 새로운 정보를 얻을 수 있는 기회가 될 수 있습니다. "
의료정보시스템과,의료 관련 독서,
우주과학과,나로우주센터 우주과학관 체험,"우주과학에 관한 교육과 행사가 상시 전시되고 있는 곳으로 인공위성, 우주선 등을 체험해볼 수 있습니다. "
우주과학과,천문대 방문,"우리나라에는 곳곳에 천문대가 개설되어있습니다. 천문대에 방문하여 별자리를 관찰하고, 망원경 사용방법 등을 익혀서 탐구정신을 기를 수 있습니다.  "
영어교육과,영어 관련 서적 탐독,
영어교육과,영어 의사소통 능력 향상 노력 ,
영어교육과,영어 교과에 대한 관심 및 학업능력을 제시할 수 있는 동아리 및 교과활동 ,
철학과,철학 관련 서적 독서,철학 전공을 위해 관련 서적을 읽고 이에 대한 본인의 생각을 정리해본다면 철학 사상에 대한 이해뿐만 아니라 본인의 독창성과 논리력을 기를 수 있습니다.
미디어출판과,나만의 책 출판,자신의 글을 엮은 책을 출판한다는 생각으로 기획하고 직접 편집을 해보세요. 이후 자신의 SNS를 통해 홍보의 글도 올려보면서 전반적인 책 출판 업무에 대하여 공부해보세요. 
미디어출판과,도서박람회 관람,"국제도서전, 독립출판물 전시회, 북페어 등에 참여하여 규격에 얽매이지 않는 다양한 출판물들을 접해보세요. "
환경디자인과,환경디자인 관련 공모전 응모,"환경디자인, 공공디자인, 조경 및 레저, 공간 디자인, 공공시설물, 경관디자인 등 환경디자인 관련 세부 분야 중에서도 자신이 관심 있는 분야를 알 수 있고 디자인 능력을 키울 수 있습니다."
환경디자인과,환경디자인 관련 독서 활동,"체계적인 디자인 이론과 철학, 일상과 직접 연관된 물리적인 공간의 창의적 표현을 위한 지식을 습득할 수 있습니다. "
환경디자인학과,옥외광고 자료 모으기,"옥외에 광고용으로 설치된 포스터, 간판, 야외간판, 광고탑 등을 주의 깊게 보고 사진을 찍어서 자료를 모아 보세요. 도시 환경과 절묘하게 어울리는 광고도 있고, 그렇지 않은 것도 있습니다. 그 차리를 살펴 보세요."
환경디자인학과,기획 전시전 관람,"다양한 목적의 기획 전시전이 있는데, 전시전에서 상품이 어떻게 진열되어 있는지 유심히 살펴보세요. 관람객의 동선이나 시선을 잘 고려하여 배치되어 있는지도 확인해 보세요."
환경디자인학과,디자인 잡지 구독,디자인 관련 잡지 가운데 하나를 도서관을 통하여 구독해서 정기적으로 새로운 흐름과 추세를 파악해 보세요. 
의예과,의료봉사활동,"병원, 의료단체 등에서 의료봉사활동을 경험하며 환자들, 의사들과 교감하며 사람들에게 베푸는 마음을 배웁니다."
의예과,의료 박람회 참석,"병원 및 의료기기 산업 박람회에 참석하여 의료 관련 트렌드를 파악하고, 세미나를 통해 새로운 정보를 얻을 수 있는 기회가 될 수 있습니다. "
의예과,"과학(생물, 화학 등) 관련 동아리 활동","과학(생물, 화학 등)과 관련한 동아리 활동을 통해 자신의 흥미를 찾아볼 수 있습니다. "
의예과,의료 관련 독서,
임상병리과,의료봉사활동,"병원, 의료단체 등에서 의료봉사활동을 경험하며 환자들, 의사들과 교감하며 임상병리사가 하는 일에 대해 알아볼 수 있습니다."
임상병리과,의료 박람회 참석,"병원 및 의료기기 산업 박람회에 참석하여 의료 관련 트렌드를 파악하고, 세미나를 통해 새로운 정보를 얻을 수 있는 기회가 될 수 있습니다. "
임상병리과,의료 관련 독서,
임상병리학과,의료 봉사 활동,"병원, 의료 단체 등에서 의료 봉사 활동을 경험하며 환자들, 의사들과 교감하면서 임상병리사가 하는 일에 대해 알아볼 수 있습니다."
임상병리학과,의료 박람회 참석,"병원 및 의료 기기 산업 박람회에 참석하여 의료 관련 트렌드를 파악하고, 세미나를 통해 새로운 정보를 얻을 수 있는 기회가 될 수 있습니다. "
임상병리학과,의료 관련 독서,
자동차정비과,자동차 박물관 관람,자동차 박물관 관람을 통해 자동차 분야에 대한 지식과 관심을 넓힐 수 있습니다. 
자동차정비과,자동차 모형 조립,"자동차 모형 조립을 통하여 자동차의 작동원리, 구조에 대해 알 수 있습니다."
전기제어공학과,전기키트조립,전기 키트를 만드는 활동을 통해 작동원리와 기초 지식을 얻을 수 있습니다.  
전기제어공학과,잡지구독,자동제어 계측분야의 잡지를 구독하여 최신 정보와 관련 지식을 얻을 수 있습니다.
전기제어공학과,전기박물관 방문,한국전력 전기박물관을 방문하고 체험하는 활동을 통해 전기제어 분야에 대한 흥미와 관심을 넓힐 수 있습니다.
전기제어공학과,동영상시청,"전기, 전기제어, 스마트 그리드, 사물인터넷, 전력선 인터넷 등 관련된 동영상 시청을 통해 지식을 얻을 수 있습니다."
가정교육과,가정과학 관련 서적 탐독,기술ㆍ가정 교과에 대한 관심 및 학업능력을 제시할 수 있는 동아리 및 교과활동 
지리학과,동아리 지질 답사 참여,"과학탐구 및 지리 관련 동아리에서 지질 답사를 진행하기도 합니다. 자연환경에 직접 방문하여 광물, 지형, 암석 등을 관찰해볼 수 있습니다. "
지리학과,제주세계자연유산센터 이용(국토부 홈페이지),공간정보기술을 이용하여 제주세계자연 유산으로 등재된 제주의 용암동굴을 체험해보고 용암동굴의 지형과 지질을 확인해볼 수 있습니다. 
지질학과,지질박물관 방문,"한국지질자원연구원에서 운영하는 지질박물관에서 지질과학, 지질과학교육실, 지질과학탐험실 등을 체험하여 지구의 역사에 대해 이해할 수 있습니다. "
지질학과,동아리 지질 답사 참여,"과학탐구 및 지리 관련 동아리에서 지질 답사를 진행하기도 합니다. 자연환경에 직접 방문하여 광물, 지형, 암석 등을 관찰해볼 수 있습니다. "
장례지도과,장례 절차 동영상 시청,장례 절차와 관련한 동영상을 시청하며 장례 행사가 어떤 과정으로 이루어지는지 알아볼 수 있습니다.
환경화학과,화학실험,"화학 실험키트, 물희석 실험을 통해 화학물질에 대한 이해와 실험을 진행하기 위한 절차 등을 알아가는 과정을 통해 실험에 대한 경험과 지식을 쌓을 수 있습니다."
환경화학과,과학잡지구독,"환경, 과학분야 웹진 또는 잡지구독을 통해 관련 분야에 대한 내용을 읽고 기초적인 지식을 얻을 수 있습니다."
환경화학과,동영상시청,"기후변화, 환경오염. 환경화학, 화학실험 등 관련된 영상 시청을 통해 지식을 얻을 수 있습니다."
문헌정보과,학교 도서관 관리,학창시절 학교 도서관을 자주 방문하고 가능하다면 도서관 관리를 돕는 일을 경험하게 된다면 기록물 관리에 대해 기초적인 정보를 얻을 수 있습니다.
전통조리과,전통음식 요리하기,집에서 가족들과 함께 전통음식 요리를 하며 전통음식의 재료와 요리 과정에 대해 알아볼 수 있습니다.
전통조리과,식품회사 현장체험하기,식품회사의 현장체험 프로그램에 참가하여 식품의 가공 과정과 재료 검수 과정을 관찰하고 위생 관리의 중요성에 대해 생각해볼 수 있습니다.
전통조리과,식품박람회 참가하기,"식품산업전, 식품박람회 등에 참가하여 식품과 관련한 정보를 탐색해볼 수 있습니다."
호텔외식경영과,요리하기,집에서 가족들과 함께 요리를 하며 식품의 재료와 요리 과정에 대해 알아볼 수 있습니다.
호텔외식경영과,호텔 현장체험하기,호텔의 현장체험 프로그램에 참가하여 호텔 외식업이 이루어지는 과정과 재료 검수 과정을 관찰해볼 수 있습니다.
호텔외식경영과,식품박람회 참가하기,"식품산업전, 식품박람회 등에 참가하여 외식업과 관련한 정보를 탐색해볼 수 있습니다"
정보보호학과,코딩연습,각종 코딩 사이트나 코딩 프로그램을 통한 코딩 연습을 통해 프로그래밍에 대한 기초 지식과 원리를 이해할 수 있습니다.
정보보호학과,뉴스구독,"전자신문 웹사이트 방문, IT, 프로그래밍, 소프트웨어, 정보보호, 모의해킹 등 관련 기사검색을 통해 뉴스를 읽고 분야에 대한 최신 정보와 새로운 기술에 대해 빠르게 알 수 있습니다."
정보보호학과,동영상시청,"IT, 인터넷, 정보보안, 해킹, 크래킹, 컴퓨터바이러스, 프로그래밍 등 관련된 영상 시청을 통해 지식을 얻을 수 있습니다."
컴퓨터보안과,사이버범죄 예방 교육,경찰청 사이버안전국 홈페이지에서 사이버범죄 예방교육을 신청해보세요. 사이버 범죄에 대한 기초 이해 능력을 습득할 수 있습니다.
컴퓨터보안과,보안 프로그램 정보 수집,백신 소프트웨어 개발 및 인터넷 보안 시스템 공급업체의 홈페이지에서 개인과 기업에서 사용하는 다양한 보안 프로그램에 대한 정보를 수집하여 공부해보세요.
제과제빵과,베이킹하기,집에서 가족들과 함께 빵과 쿠키를 만들어보면서 제과제빵에 대한 흥미를 알아볼 수 있습니다.
제과제빵과,디저트박람회 참가하기,커피디저트박람회 등에 참가하여 다양한 디저트와 커피와 관련한 정보를 탐색해볼 수 있습니다.
호텔조리과,요리하기,집에서 가족들과 함께 요리를 하며 식품의 재료와 요리 과정에 대해 알아볼 수 있습니다.
호텔조리과,호텔 체험학습,"호텔의 현장체험학습 프로그램에 참여하여 호텔조리, 식사예절, 테이블 매너 등에 대해 배우고 호텔에서 근무중인 셰프들이 하는 일에 대해 관찰할 수 있습니다."
호텔조리과,식품박람회 참가하기,"식품산업전, 식품박람회 등에 참가하여 식품과 관련한 정보를 탐색해볼 수 있습니다."
제품디자인과,우수디자인(GD)상품 찾아보기,"국가에서 매년 우수한 디자인 상품을 선정하는데 이를 한국디자인진흥개발원 홈페이지를 통하여 살펴볼 수 있습니다. 이를 통해 디자인 감각을 키우고, 최신 트렌드를 알 수 있습니다."
제품디자인과,제품디자인 관련 공모전 응모,"전기ㆍ전자 제품, 산업기계 및 공구, 리빙 디자인, 스타일 디자인, 가구 디자인, 운송기기 디자인 등 다양한 제품디자인 관련 분야에 응모하면 디자인 능력을 키울 수 있습니다. "
조소학과,미술 전시회 관람,매달 정기적으로 개인전이나 미술 전시회를 관람하면 미술 작품에 대한 안목을 높일 수 있습니다.
조소학과,미술 동아리 활동,미술 동아리 활동을 하면서 동양화 그림 실력을 높일 수 있습니다.
조소학과,작품 포트폴리오,학기별로 포트폴리오를 모으면 자신의 그림 실력의 변화를 알 수 있고 실력 향상에 도움이 됩니다.
환경조각학과,미술 전시회 관람,매달 정기적으로 개인전이나 미술 전시회를 관람하면 미술 작품에 대한 안목을 높일 수 있습니다.
환경조각학과,미술 동아리 활동,미술 동아리 활동을 하면서 동양화 그림 실력을 높일 수 있습니다.
환경조각학과,작품 포트폴리오,학기별로 포트폴리오를 모으면 자신의 그림 실력의 변화를 알 수 있고 실력 향상에 도움이 됩니다.
조경과,조경ㆍ정원박람회,"정원ㆍ원예, 경관, 학교, 레저파크, 생태복원 등 다양한 분야의 조경 환경을 볼 수 있습니다."
조경과,조경 관련 잡지구독,"학교 도서관 혹은 공공 도서관에서 잡지 구독을 신청 후 조경에 대하여 탐구해보세요. 공공시설, 경관시설 등 조경관련산업에 대하여 알 수 있습니다."
조경과,미니어처 정원 가꾸기,자신만의 콘셉트를 정하여 작은 정원을 만들어보세요. 어떤 환경에서 어떻게 조경을 하는지 공부해볼 수 있습니다.
조경학과,"수목원, 생태공원 방문","공원이 어떻게 구성되어 있는지 관심 있게 살펴보고 다양한 나무와 식물, 공원 조성 환경 등을 관찰 할 수 있습니다."
조경학과,조경ㆍ정원 박람회 및 전시회 관람,최신 조경 및 정원 관련 기술이나 공법 등을 알아 볼 수 있습니다.
조경학과,식물키우기,식물을 직접 기르는 활동을 통해 특징을 이해하고 식물 관리에 대해 직접 경험 할 수 있습니다.
조경학과,학과 관련 영상 시청,각 대학에서 개최되는 학과설명회나 학과설명 영상을 찾아 학과에서 어떤 내용을 배우고 어떤 분야에 진출할 수 있는지 등 학과에 대한 전반적인 이해를 하는데 도움이 됩니다. 
외식조리과,요리하기,집에서 가족들과 함께 요리를 하며 식품의 재료와 요리 과정에 대해 알아볼 수 있습니다.
외식조리과,식품회사 현장체험하기,식품회사의 현장체험 프로그램에 참가하여 식품의 가공 과정과 재료 검수 과정을 관찰하고 위생 관리의 중요성에 대해 생각해볼 수 있습니다.
외식조리과,식품박람회 참가하기,"식품산업전, 식품박람회 등에 참가하여 식품과 관련한 정보를 탐색해볼 수 있습니다."
산림자원학과,등산 및 트레킹,"등산로를 걸어보면서 산, 나무, 동물 등의 산림 생태계를 관찰해보고 산림을 지키키 위해 필요한 노력이 무엇인지 생각해봅니다.    "
산림자원학과,산림 산업 및 숲 체험 활동,"산림 관련 일자리, 산업에 대한 이해를 도모하고 숲에있는 식물, 곤충을 관찰할 수 있습니다.    "
조선공학과,조선소 견학,조선소 견학을 통해 흥미와 관심을 높이고 기초 지식을 얻을 수 있습니다.
조선공학과,박물관 방문,조선해양문화관 관람을 통해 최신 정보를 얻고 조선 분야에 대한 이해를 넓힐 수 있습니다. 
조선공학과,잡지구독,"조선 및 해양, 과학, 공학 분야 잡지구독을 통해 기초지식과 최신정보를 얻을 수 있습니다."
조선공학과,뉴스 찾아보기,"조선 및 선박, 해양 과학 분야 뉴스를 찾아보고 분야에 대한 관심을 높일 수 있습니다. "
지구정보공학과,지질박물관 방문,"한국지질자원연구원에서 운영하는 지질박물관에서 지질과학, 지질과학교육실, 지질과학탐험실 등을 체험하여 지구의 역사에 대해 이해할 수 있습니다. "
지구정보공학과,Vworld 통합지도서비스 이용,"국토교통부에서 제공하는 공간정보 오픈플랫폼을 이용하여 국가정보(지적정보, 건축물정보 등)를 실감나는 3차원 기반 가상세계로 탐색해볼 수 있습니다. "
군사학과,군사학 관련 신문 구독,군사학의 주요 이슈를 살펴볼 수 있습니다. 
군사학과,군사학 배우기 체험활동,"신문방송학 관련 캠프, 신문방송학 관련 박람회, 대학 학과체험 등에 참여하여 군사학 관련 지식과 필요한 기술, 미래의 군사학에 대해 알아볼 수 있습니다."
부사관과,무도 단련,"태권도, 유도, 검도, 호신술 등 다양한 무도 가운데 하나를 선택하여 수련을 지속적으로 해보세요."
부사관과,특전캠프 참여,특전캠프에 참여하여 건전한 국가관과 안보의식을 고취하여 전공에 대한 이해의 폭을 넓힐 수 있습니다.
부사관과,잡지구독,군이나 무기와 관련된 잡지를 통해 국방기술과에 대한 지식을 함양시킬 수 있습니다.
부사관과,군사박물관 관람,"군사박물관, 육군박물관 등 군 관련 박물관에 관람해보세요. 다양한 군사유물의 역사를 이해하는 데 도움이 됩니다. "
기술교육과,기술ㆍ가정 관련 서적 탐독,기술ㆍ가정 교과에 대한 관심 및 학업능력을 제시할 수 있는 동아리 및 교과활동 
전기ㆍ전자ㆍ통신공학교육과,전기공학 관련 서적 탐독,
전기ㆍ전자ㆍ통신공학교육과,"수학, 물리학, 화학 동아리 및 교과 활동 참여 ",
전기ㆍ전자ㆍ통신공학교육과,교육 관련 봉사 및 멘토링 활동 참여,
철도교통과,철도 박물관 관람,철도 박물관을 방문하여 철도의 구조와 역사와 기차의 원리 등을 알 수 있습니다. 
철도교통과,동영상 시청,철도 교통에 관한 다양한 영상을 시청해보세요. 철도 업무에 대한 정보들을 알 수 있습니다. 
지적과,토지이용계획도 그려보기,토지이용계획도를 그려보면서 자연물과 인공물을 어떻게 배치할 것인지 생각해봅니다.
지적학과,지적측량바로처리센터 탐색(한국국토정보공사),"지적측량바로처리센터 홈페이지에 접속하여 지적측량에 대한 기초지식을 파악하고 지적측량 처리 절차, 신청 등의 일련의 절차가 어떻게 이루어지는지 알아볼 수 있습니다."
지적학과,Vworld 통합지도서비스 이용(국토부),"공간정보 오픈플랫폼을 이용하여 평소에 쉽게 접근하기 하기 어려운 국가정보(지적정보, 건축물정보 등)를 3차원 기반 가상세계로 탐색해볼 수 있습니다. "
측지정보과,국토 연구 정기간행물,"국토연구원 홈페이지에서 국토인프라연구, 국토정보연구 등 토지 및 건설 정보에 대한 연구지를 정기적으로 읽어보세요. "
측지정보과,동영상 시청,"측량, 도시계획 등 측지정보과와 관련하여 다양한 정보를 주는 동영상을 시청해보세요. "
치기공과,의료봉사활동,"치과병원에서 의료봉사활동을 경험하며 환자들, 의사들과 교감하고 치기공사가 하는 일에 대해 알아볼 수 있습니다."
치기공과,치과기자재 박람회 참석,"치과기자재 박람회에 참석하여 치기공학 관련 트렌드를 파악하고, 세미나 등에 참석하여 새로운 정보를 얻을 수 있는 기회가 될 수 있습니다. "
치기공과,의료 관련 독서,
치위생과,의료봉사활동,"치과병원에서 의료봉사활동을 경험하며 구강위생의 중요성에 대해 생각해보고, 치위생사가 하는 일에 대해 알아볼 수 있습니다."
치위생과,치과기자재 관련 박람회 참석,"치과기자재박람회에 참석하여 치위생 관련 트렌드를 파악하고, 세미나 등에 참석하여 새로운 정보를 얻을 수 있는 기회가 될 수 있습니다. "
치위생과,"과학(생물, 화학 등) 관련 동아리 활동",과학과 관련한 동아리 활동을 통해 자신의 흥미를 찾아볼 수 있습니다. 
치위생과,의료 관련 독서,
치의예과,의료봉사활동,"치과병원에서 의료봉사활동을 경험하며 환자들, 의사들과 교감하고 치과의사가 하는 일에 대해 알아볼 수 있습니다."
치의예과,치과기자재 박람회 참석,"치과기자재 박람회에 참석하여 치의학 관련 트렌드를 파악하고, 세미나 등에 참석하여 새로운 정보를 얻을 수 있는 기회가 될 수 있습니다. "
치의예과,"과학(생물, 화학 등) 관련 동아리 활동","과학(생물, 화학 등)과 관련한 동아리 활동을 통해 자신의 흥미를 찾아볼 수 있습니다. "
치의예과,의료 관련 독서,
컨벤션산업과,박람회 및 전시회 참여,"다양한 박람회와 전시회 등에 참여하여 어떻게 기획, 준비, 진행하는지 알아볼 수 있씁니다."
컨벤션산업과,컨벤션센터 방문,각 지역에 있는 컨벤션센터에 방문하여 어떤 종류의 행사가 진행되고 있는지 살펴볼 수 있습니다.
전기자동화과,코딩로봇 조립,"각종 코딩 로봇 키트 조립을 통해 각종 센서의 역할, 구동장치의 원리, 전기 장치 조립 등 로봇이 움직이기 까지 과정을 통해 로봇에 대한 경험과 기초지식을 쌓을 수 있습니다."
전기자동화과,전기회로 키트 조립,과학실험인 전기회로 키트 조립을 통하여 전기에 대한 기초 이해 능력을 습득할 수 있습니다.
전기자동화과,전기부품 이미지 수집,다양한 전기부속품 등의 사진을 모아 관찰해보세요. 재료에 대한 이해에 도움이 됩니다.
유아특수재활과,유아교육/특수교육 관련 서적 탐독,유아 및 특수 교육에 관심 및 전공적합성을 제시할 수 있는 동아리 및 봉사 활동
푸드스타일링과,요리하기,집에서 가족들과 함께 요리를 하며 식품의 재료와 요리 과정에 대해 알아보고 요리에 어울리는 푸드스타일링을 해볼 수 있습니다.
푸드스타일링과,음식박람회 참가하기,"음식박람회, 카페베이커리박람회 등에 참가하여 푸드스타일링과 관련한 정보를 탐색해볼 수 있습니다."
게임공학과,게임분석하기,"PC게임, 스마트폰 게임을 설치하고 직접 게임을 해보면서 단순히 게임을 즐기는 것이 아닌 게임의 스토리, 게임 규칙, 디자인이 어떤지 구체적으로 생각하는 활동을 통해 게임 제작에 대한 관심을 가질 수 있습니다."
게임공학과,코딩연습,각종 코딩 사이트나 코딩 프로그램을 통한 코딩 작업을 통해 게임 개발에 필요한 프로그래밍에 대한 기초 지식과 원리를 이해할 수 있습니다.
게임공학과,뉴스구독,"전자신문 웹사이트 방문, 게임, IT관련 기사검색을 통해 뉴스를 읽고 컴퓨터와 IT 분야에 대한 최신 동향 파악 및 새로운 기술에 대해 빠르게 정보를 얻을 수 있습니다."
게임공학과,동영상시청,"IT 컴퓨터, 게임, VR, AR, 게임개발, 게임기획, 게임디자이너 등 관련된 영상 시청을 통해 지식을 얻을 수 있습니다."
서양화과,미술 전시회 관람,매달 정기적으로 개인전이나 미술 전시회를 관람하면 미술 작품에 대한 안목을 높일 수 있습니다.
서양화과,미술 동아리 활동,미술 동아리 활동을 하면서 동양화 그림 실력을 높일 수 있습니다.
서양화과,작품 포트폴리오,학기별로 포트폴리오를 모으면 자신의 그림 실력의 변화를 알 수 있고 실력 향상에 도움이 됩니다.
한의예과,의료봉사활동,"한의원에서 의료봉사활동을 경험하며 환자들, 한의사들과 교감하며 사람들에게 베푸는 마음을 배웁니다."
한의예과,한약재 전시관 관람,한약재 전시관을 관람을 통해 각종 한약재를 직접 접해볼 수 있습니다.
한의예과,"과학(생물, 화학 등) 관련 동아리 활동","과학(생물, 화학 등)과 관련한 동아리 활동을 통해 자신의 흥미를 찾아볼 수 있습니다. "
한의예과,의료 관련 독서,
교통공학과,동영상 시청,교통관련 다큐멘터리나 동영상 시청을 통해 분야에 대한 이해와 관심을 높일 수 있습니다.
교통공학과,도로교통공단 견학,"체험프로그램을 통해 도시교통정보센터, TAAS교통사고분석시스템, 체험교육용 차량 시뮬레이터 등에 대해 체험하고 분야에 대한 흥미와 관심을 높이는 계기가 될 수 있습니다."
교통공학과,박물관 견학,교통박물관 견학 및 관람을 통해 흥미와 관심을 높일 수 있습니다. 
항공정비과,항공박물관 관람,"국립항공박물관을 방문해보세요. 대한민국 항공 산업의 현황과 전망, 항공운송과 공항 내 다양한 직업군의 업무에 대하여 알 수 있습니다. "
항공정비과,항공사 체험프로그램,항공사에서 운영하는 체험프로그램 참여를 통해 항공분야에 대한 관심과 지식을 쌓을 수 있습니다.
해양자원학과,해양수산 관련 진로체험,직업인 멘토링 및 바다 체험 활동 등을 통해 수산 분야에 대한 이해 및 관련 직업군에 대한 이해를 도모합니다.
해양자원학과,수족관 방문,"바다에서 서식하는 수산생물의 다양한 유형과 종류를 파악할 수 있고 바다, 물, 해저와 같이 수산업과 밀접한 관련을 지닌 환경에 대한 자신의 관심을 가늠해볼 수 있습니다. "
행정과,문서 작성 관련 자격증 취득,"워드프로세서, 컴퓨터활용능력 등의 자격증을 취득해보세요. 행정 업무를 수월하게 수행하기 위해서는 컴퓨터를 활용한 문서 작성 능력이 필요합니다."
행정과,지역 홈페이지 탐색,행정 업무와 관련된 일이 무엇인지 각 지역의 홈페이지에 들어가서 직접 찾아보세요. 
고분자공학과,과학키트실험,"고분자 실험 키트를 통해 고분자 화합물을 직접 보고, 실험을 진행하기 위한 절차 등을 배우는 과정을 통해 화학실험에 대한 경험을 해 볼 수 있습니다."
고분자공학과,과학잡지구독,과학분야 웹진 또는 잡지구독을 통해 과학 및 화학 분야에 대한 내용을 읽고 기초적인 지식을 얻을 수 있습니다.
고분자공학과,동영상시청,"화학, 고분자, 신소재, 고분자공학 등 관련된 영상 시청을 통해 지식을 얻을 수 있습니다."
공업화학과,화학키트실험,화학 실험 키트를 통해 화학물질에 대한 이해와 실험을 진행하기 위한 절차 등을 알아가는 과정을 통해 화학실험에 대한 경험과 지식을 쌓을 수 있습니다.
공업화학과,과학잡지구독,과학분야 웹진 또는 잡지구독을 통해 과학 및 화학 분야에 대한 내용을 읽고 기초적인 지식을 얻을 수 있습니다.
공업화학과,동영상시청,"화학, 고분자, 공업화학, 화학제품 등 관련된 영상 시청을 통해 지식을 얻을 수 있습니다."
정밀화학과,화학 분야 진로체험 프로그램 참여,화학 실험을 직접 해볼 수 있는 진로체험에 참여해봄으로써 화학 분야에 대한 자신의 흥미와 적성을 가늠해볼 수 있습니다. 
정밀화학과,화학분야 기업 블로그 탐색,"정밀화학, 응용화학을 비롯한 화학 분야의 다양한 세부 분야를 알아봄으로써 각 분야의 공통점과 차이점, 직무 내용, 화학 분야 종사자로서 지녀야 할 태도를 알아볼 수 있습니다.   "
